date,direction,entry_premium,exit_premium,contracts,synth_dollar,real_dollar,delta
2026-03-31,CALL,0.41,5.24,4.878,381.41,2356.1,1974.69
2026-04-13,CALL,0.57,6.87,3.5088,531.83,2210.53,1678.7
2026-06-05,PUT,1.26,11.37,1.5873,802.59,1604.76,802.17
2026-05-06,CALL,0.64,3.76,3.125,283.01,975.0,691.99
2026-08-04,CALL,1.21,8.78,1.6529,571.78,1251.24,679.46
2025-09-22,CALL,0.64,3.55,3.125,291.9,909.37,617.47
2025-09-04,CALL,0.58,2.91,3.4483,262.55,803.45,540.9
2026-05-28,CALL,0.79,3.6,2.5316,266.44,711.39,444.95
2026-02-03,PUT,0.71,3.29,2.8169,289.12,726.76,437.64
2025-12-12,PUT,0.97,4.84,2.0619,412.42,797.94,385.52
2026-01-06,CALL,0.79,2.94,2.5316,186.08,544.3,358.22
2026-04-15,CALL,0.66,2.6,3.0303,230.39,587.88,357.49
2026-04-14,CALL,1.04,4.19,1.9231,291.14,605.77,314.63
2026-04-30,CALL,1.11,3.81,1.8018,190.24,486.49,296.25
2025-12-24,CALL,0.34,1.02,5.8824,110.33,400.0,289.67
2025-08-26,CALL,0.67,2.11,2.9851,151.59,429.85,278.26
2026-04-09,CALL,1.06,3.87,1.8868,255.02,530.19,275.17
2026-06-04,CALL,0.95,3.05,2.1053,190.94,442.11,251.17
2025-11-25,CALL,1.37,5.28,1.4599,329.03,570.8,241.77
2026-03-12,PUT,0.42,0.95,4.7619,15.74,252.38,236.64
2026-06-17,PUT,1.76,8.98,1.1364,590.72,820.45,229.73
2025-11-10,CALL,0.83,2.31,2.4096,137.61,356.63,219.02
2025-09-11,CALL,0.82,2.48,2.439,190.81,404.88,214.07
2025-10-01,CALL,0.75,2.36,2.6667,223.88,429.33,205.45
2026-03-27,PUT,1.18,4.66,1.6949,408.1,589.83,181.73
2025-11-13,PUT,1.23,4.42,1.626,344.37,518.7,174.33
2026-03-30,PUT,1.3,3.91,1.5385,228.51,401.54,173.03
2025-08-12,CALL,0.93,2.58,2.1505,187.43,354.84,167.41
2025-12-11,CALL,1.17,3.13,1.7094,195.93,335.04,139.11
2025-10-27,CALL,0.93,2.18,2.1505,132.8,268.82,136.02
2026-01-09,CALL,0.91,2.0,2.1978,110.11,239.56,129.45
2026-05-04,PUT,0.68,1.24,2.9412,48.69,164.71,116.02
2026-07-06,CALL,0.68,1.43,2.9412,110.72,220.59,109.87
2025-10-08,CALL,0.88,1.92,2.2727,132.59,236.36,103.77
2026-02-06,CALL,1.71,4.35,1.1696,212.29,308.77,96.48
2026-04-24,CALL,1.23,2.99,1.626,197.91,286.18,88.27
2026-07-10,CALL,1.05,2.07,1.9048,109.53,194.29,84.76
2026-06-29,CALL,0.99,1.81,2.0202,82.03,165.66,83.63
2025-09-19,CALL,0.92,1.73,2.1739,92.84,176.09,83.25
2026-03-25,PUT,1.09,1.65,1.8349,41.84,102.75,60.91
2026-07-09,CALL,1.03,2.26,1.9417,179.58,238.83,59.25
2025-11-06,PUT,1.54,4.59,1.2987,343.75,396.1,52.35
2025-08-11,PUT,0.77,1.25,2.5974,75.38,124.68,49.3
2025-08-08,CALL,1.23,2.36,1.626,146.39,183.74,37.35
2026-01-12,CALL,1.23,2.2,1.626,124.38,157.72,33.34
2026-05-20,CALL,1.69,4.2,1.1834,269.9,297.04,27.14
2026-06-02,CALL,0.92,1.54,2.1739,110.52,134.78,24.26
2026-06-10,PUT,2.66,5.92,0.7519,221.47,245.11,23.64
2025-11-24,CALL,1.52,3.01,1.3158,182.22,196.05,13.83
2026-04-17,CALL,1.15,2.15,1.7391,163.91,173.91,10.0
2026-05-22,CALL,0.36,0.01,5.5556,-200.0,-194.44,5.56
2025-08-19,CALL,0.37,0.01,5.4054,-200.0,-194.59,5.41
2026-01-07,CALL,0.45,0.01,4.4444,-200.0,-195.56,4.44
2025-09-25,PUT,0.49,0.01,4.0816,-200.0,-195.92,4.08
2026-05-13,PUT,1.3,0.02,1.5385,-200.0,-196.92,3.08
2025-10-03,PUT,0.75,0.88,2.6667,32.11,34.67,2.56
2026-05-01,CALL,0.82,0.01,2.439,-200.0,-197.56,2.44
2026-01-21,PUT,0.83,0.01,2.4096,-200.0,-197.59,2.41
2026-06-22,CALL,0.84,0.01,2.381,-200.0,-197.62,2.38
2025-11-11,PUT,0.86,0.01,2.3256,-200.0,-197.67,2.33
2025-09-02,PUT,0.88,0.01,2.2727,-200.0,-197.73,2.27
2026-06-09,CALL,0.89,0.01,2.2472,-200.0,-197.75,2.25
2026-05-07,CALL,0.94,0.01,2.1277,-200.0,-197.87,2.13
2026-03-19,PUT,1.03,0.01,1.9417,-200.0,-198.06,1.94
2026-04-21,CALL,1.03,0.01,1.9417,-200.0,-198.06,1.94
2026-06-08,CALL,1.13,0.01,1.7699,-200.0,-198.23,1.77
2026-02-10,CALL,1.14,0.01,1.7544,-200.0,-198.25,1.75
2026-05-12,PUT,1.27,0.01,1.5748,-200.0,-198.43,1.57
2025-11-17,PUT,1.67,3.01,1.1976,158.93,160.48,1.55
2026-03-23,CALL,1.31,0.01,1.5267,-200.0,-198.47,1.53
2026-07-02,CALL,1.43,0.01,1.3986,-200.0,-198.6,1.4
2026-07-08,PUT,1.48,0.01,1.3514,-200.0,-198.65,1.35
2025-11-07,PUT,1.49,0.01,1.3423,-200.0,-198.66,1.34
2026-01-02,CALL,1.49,0.01,1.3423,-200.0,-198.66,1.34
2026-01-20,CALL,1.55,0.01,1.2903,-200.0,-198.71,1.29
2026-07-31,PUT,1.69,0.01,1.1834,-200.0,-198.82,1.18
2025-10-15,CALL,1.75,0.01,1.1429,-200.0,-198.86,1.14
2025-11-20,CALL,2.18,0.01,0.9174,-200.0,-199.08,0.92
2026-03-03,PUT,2.3,0.01,0.8696,-200.0,-199.13,0.87
2026-02-17,PUT,2.33,0.01,0.8584,-200.0,-199.14,0.86
2026-06-11,PUT,2.57,0.01,0.7782,-200.0,-199.22,0.78
2025-08-25,PUT,0.03,0.03,66.6667,-0.0,0.0,0.0
2026-06-24,PUT,1.04,1.27,1.9231,47.14,44.23,-2.91
2025-10-16,PUT,1.78,5.2,1.1236,387.5,384.27,-3.23
2026-04-10,CALL,0.82,0.01,2.439,-193.56,-197.56,-4.0
2025-09-30,CALL,1.31,2.7,1.5267,217.12,212.21,-4.91
2026-03-18,PUT,1.81,5.4,1.105,404.12,396.69,-7.43
2026-01-15,CALL,0.64,0.01,3.125,-188.54,-196.88,-8.34
2026-03-02,CALL,2.06,3.41,0.9709,141.89,131.07,-10.82
2025-12-18,CALL,1.2,0.01,1.6667,-186.3,-198.33,-12.03
2026-04-29,PUT,1.7,0.37,1.1765,-143.75,-156.47,-12.72
2025-08-28,PUT,1.25,0.01,1.6,-180.96,-198.4,-17.44
2026-04-23,CALL,1.16,0.01,1.7241,-177.23,-198.28,-21.05
2026-05-14,CALL,1.33,2.28,1.5038,164.3,142.86,-21.44
2026-07-21,CALL,0.87,1.18,2.2989,96.74,71.26,-25.48
2025-09-03,CALL,0.84,0.85,2.381,30.31,2.38,-27.93
2026-04-27,PUT,1.02,0.04,1.9608,-162.03,-192.16,-30.13
2025-10-20,CALL,1.38,2.2,1.4493,151.29,118.84,-32.45
2026-01-16,PUT,0.96,1.24,2.0833,93.81,58.33,-35.48
2026-01-28,PUT,1.8,2.25,1.1111,85.77,50.0,-35.77
2026-05-18,CALL,1.04,0.02,1.9231,-156.57,-196.15,-39.58
2026-02-19,PUT,0.88,0.01,2.2727,-152.39,-197.73,-45.34
2025-08-29,PUT,0.95,1.12,2.1053,82.03,35.79,-46.24
2026-03-20,PUT,1.31,1.16,1.5267,24.57,-22.9,-47.47
2026-02-02,CALL,1.32,2.04,1.5152,156.73,109.09,-47.64
2026-04-01,PUT,1.82,0.03,1.0989,-144.24,-196.7,-52.46
2025-08-15,PUT,0.97,0.89,2.0619,38.05,-16.49,-54.54
2026-06-03,PUT,1.16,1.19,1.7241,60.92,5.17,-55.75
2025-12-16,CALL,1.46,0.01,1.3699,-141.75,-198.63,-56.88
2026-01-22,CALL,0.53,0.01,3.7736,-136.43,-196.23,-59.8
2026-04-22,CALL,1.5,2.0,1.3333,128.28,66.67,-61.61
2026-05-08,CALL,1.14,1.36,1.7544,100.54,38.6,-61.94
2025-10-30,PUT,1.07,1.15,1.8692,77.09,14.95,-62.14
2026-03-16,CALL,1.59,0.01,1.2579,-135.74,-198.74,-63.0
2025-11-26,CALL,1.34,1.05,1.4925,22.08,-43.28,-65.36
2025-11-19,CALL,2.09,0.8,0.9569,-55.45,-123.44,-67.99
2025-09-09,PUT,1.11,0.01,1.8018,-128.73,-198.2,-69.47
2026-02-25,CALL,1.4,1.61,1.4286,101.93,30.0,-71.93
2026-01-14,PUT,1.64,0.01,1.2195,-124.87,-198.78,-73.91
2026-07-30,CALL,2.15,4.46,0.9302,293.6,214.88,-78.72
2026-07-01,CALL,1.37,0.98,1.4599,23.48,-56.93,-80.41
2025-09-10,CALL,0.6,0.01,3.3333,-115.87,-196.67,-80.8
2026-04-28,PUT,1.08,0.03,1.8519,-112.03,-194.44,-82.41
2025-12-02,CALL,1.08,0.01,1.8519,-113.47,-198.15,-84.68
2025-11-05,CALL,1.3,1.39,1.5385,106.5,13.85,-92.65
2026-05-05,CALL,0.92,0.85,2.1739,83.73,-15.22,-98.95
2026-05-27,PUT,1.05,0.06,1.9048,-86.09,-188.57,-102.48
2025-12-05,CALL,1.04,0.01,1.9231,-93.17,-198.08,-104.91
2026-01-26,CALL,1.2,0.71,1.6667,23.47,-81.67,-105.14
2026-07-24,PUT,0.89,0.11,2.2472,-68.44,-175.28,-106.84
2026-04-16,CALL,1.23,0.6,1.626,9.27,-102.44,-111.71
2025-10-21,CALL,0.83,0.11,2.4096,-61.38,-173.49,-112.11
2025-09-15,CALL,0.96,0.56,2.0833,29.52,-83.33,-112.85
2025-10-29,PUT,2.02,1.48,0.9901,59.58,-53.47,-113.05
2026-05-29,CALL,1.14,0.03,1.7544,-81.17,-194.74,-113.57
2025-10-31,PUT,1.68,1.1,1.1905,46.88,-69.05,-115.93
2025-08-13,CALL,0.68,0.02,2.9412,-75.87,-194.12,-118.25
2026-03-10,PUT,0.56,0.1,3.5714,-42.07,-164.29,-122.22
2026-06-15,CALL,1.21,0.81,1.6529,57.04,-66.12,-123.16
2026-01-29,PUT,1.92,0.23,1.0417,-50.9,-176.04,-125.14
2026-04-07,CALL,1.62,1.52,1.2346,113.97,-12.35,-126.32
2026-04-20,CALL,1.25,0.01,1.6,-69.05,-198.4,-129.35
2026-02-05,PUT,2.48,0.55,0.8065,-25.6,-155.65,-130.05
2026-03-04,CALL,1.71,0.94,1.1696,40.59,-90.06,-130.65
2026-07-16,PUT,1.44,0.62,1.3889,19.31,-113.89,-133.2
2026-07-29,PUT,2.88,9.06,0.6944,562.48,429.17,-133.31
2026-03-05,PUT,1.26,0.22,1.5873,-29.0,-165.08,-136.08
2025-09-29,PUT,1.02,0.32,1.9608,0.75,-137.25,-138.0
2025-11-18,PUT,2.25,0.44,0.8889,-21.18,-160.89,-139.71
2026-07-28,CALL,0.72,0.26,2.7778,12.83,-127.78,-140.61
2025-12-29,PUT,0.85,0.01,2.3529,-54.58,-197.65,-143.07
2025-08-18,PUT,0.94,0.06,2.1277,-42.01,-187.23,-145.22
2026-02-13,CALL,1.95,0.01,1.0256,-52.91,-198.97,-146.06
2026-03-11,PUT,1.34,0.03,1.4925,-48.91,-195.52,-146.61
2025-10-24,CALL,0.92,0.01,2.1739,-50.9,-197.83,-146.93
2026-05-19,PUT,1.65,0.19,1.2121,-28.64,-176.97,-148.33
2026-01-08,CALL,0.69,0.09,2.8986,-25.37,-173.91,-148.54
2025-11-21,CALL,2.23,2.36,0.8969,160.21,11.66,-148.55
2025-10-28,CALL,0.65,0.09,3.0769,-20.73,-172.31,-151.58
2025-09-12,CALL,0.8,0.02,2.5,-43.31,-195.0,-151.69
2025-10-17,CALL,2.15,2.31,0.9302,168.05,14.88,-153.17
2026-07-23,PUT,1.48,0.31,1.3514,-4.89,-158.11,-153.22
2026-05-26,CALL,1.34,0.08,1.4925,-33.62,-188.06,-154.44
2026-06-25,PUT,1.97,0.27,1.0152,-13.89,-172.59,-158.7
2025-08-21,PUT,1.39,0.04,1.4388,-35.43,-194.24,-158.81
2025-12-19,CALL,1.03,0.48,1.9417,52.29,-106.8,-159.09
2026-07-14,CALL,0.81,0.12,2.4691,-9.97,-170.37,-160.4
2025-12-22,CALL,0.4,0.09,5.0,10.59,-155.0,-165.59
2025-09-08,CALL,0.69,0.04,2.8986,-22.72,-188.41,-165.69
2025-12-30,PUT,0.63,0.1,3.1746,-1.45,-168.25,-166.8
2025-09-26,CALL,0.96,0.1,2.0833,-2.89,-179.17,-176.28
2025-09-17,PUT,2.19,0.56,0.9132,28.04,-148.86,-176.9
2026-06-12,CALL,1.17,0.12,1.7094,-1.96,-179.49,-177.53
2025-10-06,CALL,0.38,0.02,5.2632,-5.96,-189.47,-183.51
2025-11-12,PUT,0.85,0.02,2.3529,-0.73,-195.29,-194.56
2026-01-05,CALL,0.56,0.02,3.5714,5.09,-192.86,-197.95
2025-09-16,PUT,0.78,0.12,2.5641,28.77,-169.23,-198.0
2025-08-22,CALL,2.36,5.27,0.8475,446.01,246.61,-199.4
