id,hypothesis_text,conditions_json,horizon,signal_n,signal_win_rate,signal_avg_ret,baseline_n,baseline_win_rate,baseline_avg_ret,edge_broad,edge_tight,p_value,oos_edge,status,discovered_at,confirmed_at,invented_indicator,notes,parent_signal_id,generation,variation_note,signal_name,signature,signed_at,provenance_nonce
1,"Stocks with quiet accumulation (volume rising above 20-day average while price stays in a tight 5-day range) show a significant edge over baseline.","{""vol_lookback"": 20, ""vol_ratio_min"": 1.3, ""price_range_max_pct"": 3.0}",next_day,20515,52.35,0.0753,,51.32,,1.03,,0,2.88,validated,2026-06-26 17:46:24.401403,,,Quiet accumulation setup shows strong statistical significance and edge.,,0,,,,,,
2,"Big catalyst day (≥5% move, CS≥0.70) → inside day (range≤1.5%) → gap-up next day (≥3%). Entry at Day+2 open, hold 3-5 days.","{""avg_vol_min"": 50000, ""price_range"": [3, 150], ""gap_up_pct_min"": 3.0, ""inside_day_range_max"": 1.5, ""prior_day_move_pct_min"": 5.0, ""prior_day_close_strength_min"": 0.7}",3d,199,72.9,2.19,3299687,50,0,22.9,,0.0001,,validated,2026-06-27 04:29:30.264722,,,"Validated across 7 of 8 quarters (Jul 2024-Jun 2026). One weak quarter Q1-2025 (n=7). Avg win +3.84%, avg loss -2.25%, EV +2.187%/trade. Hold 3d optimal (also 75.3% WR at 5d). Entry = Day+2 open (day after inside day gaps up). Signal fires ~1.5x/week.",,0,,,,,,
3,"Big day (≥3% move, CS≥0.65) → tight inside day (range≤1.5%) → any gap-up next day (≥2%). Entry at Day+2 open, hold 3 days.","{""avg_vol_min"": 50000, ""gap_up_pct_min"": 2.0, ""inside_day_range_max"": 1.5, ""prior_day_move_pct_min"": 3.0, ""prior_day_close_strength_min"": 0.65}",3d,711,65.7,1.27,3299687,50,0,15.7,,0.0001,,validated,2026-06-27 04:29:30.264722,,,"Medium-tier version of S7c BEST. More trades (~5x/week). Avg win +3.45%, avg loss -2.88%, EV +1.273%/trade. Weaker but statistically robust at n=711.",,0,,,,,,
4,"Gap-down -2 to -5% with strong reversal close (CS≥0.80) and elevated volume (≥1.3x). 1-day trade, entry next open.","{""avg_vol_min"": 50000, ""gap_down_range"": [-5, -2], ""volume_ratio_min"": 1.3, ""close_strength_min"": 0.8}",1d,2224,58.6,0.45,3299687,50,0,8.6,,0.0001,,validated,2026-06-27 04:29:30.264722,,,"Best 1-day signal. Gap down but bulls fight back to close in top 20% of range on elevated volume. Avg win +2.72%, avg loss -2.77%. Edge decays: 3d WR drops to 52.7%. Trade it intraday or hold just 1 day.",,0,,,,,,
5,"Prior day sold off hard (≤-3%, CS≤0.35) + today gap flat/down (≤1.5%) + volume ≥1.3x. Mean reversion. Hold 5 days.","{""avg_vol_min"": 50000, ""gap_abs_max"": 1.5, ""prior_day_cs_max"": 0.35, ""volume_ratio_min"": 1.3, ""prior_day_move_max"": -3.0}",5d,12843,53.1,0.6,3299687,50,0,3.1,,0.0001,,validated,2026-06-27 04:29:30.264722,,,"Wide signal (12K trades over 2 years). Small but positive edge. Avg win +6.31%, avg loss -5.86%, EV +0.60%/trade. Best for mean-revert basket positions.",,0,,,,,,
6,"Weak close on elevated relative volume predicts next-day continuation (sell signal).","{""close_strength_max"": 0.3, ""volume_ratio_min"": 1.2}",1d,,,,,,,,,,,validated,2026-06-29 00:16:09.436162,,,,,,,,,,
7,,,,,,,,,,,,,,,hypothesis,2026-07-05 08:00:01.312659,,,,,0,,,,,,
8,,,,,,,,,,,,,,,hypothesis,2026-07-07 22:41:19.501323,,,,,0,,,,,,
9,,,,,,,,,,,,,,,hypothesis,2026-07-07 22:41:19.625295,,,,,0,,,,,,
10,,,,,,,,,,,,,,,hypothesis,2026-07-07 22:43:06.395156,,,,,0,,,,,,
11,,,,,,,,,,,,,,,hypothesis,2026-07-07 22:43:06.810805,,,,,0,,,,,,
