paper_trade_id,underlying,status,entry_time,probability_of_profit,expected_value,capital_at_risk,selected_score,leg_count
ase_pt_e78b3303041b4e8e,PERFTEST,OPEN,2026-07-17 21:50:58.904164+00,0.6500,0.0250,200.00,0.5813,2
ase_pt_3f2458b9297a4ad0,TEST,OPEN,2026-07-17 05:32:30.55398+00,0.5500,-0.3357,583.57,0.5050,8
ase_pt_9bb6a291e8394a63,TEST,OPEN,2026-07-17 05:32:30.395239+00,0.5500,2.5009,145.76,0.7050,6
ase_pt_0dd30d7452624163,TEST,OPEN,2026-07-17 05:32:30.310131+00,0.5500,38.1081,424.19,0.7050,5
ase_pt_a96a5356fe294b6a,TEST,OPEN,2026-07-17 05:32:30.222612+00,0.5500,-0.1234,232.34,0.5050,4
ase_pt_4a4131e4b37349c8,TEST,OPEN,2026-07-17 05:32:30.061568+00,0.5500,0.6671,263.29,0.7050,2
ase_pt_4d4e18373bcb40ef,TEST,OPEN,2026-07-17 05:32:29.957349+00,0.5500,106.1571,109.29,0.7050,1
ase_pt_746387e359af4fd9,TEST,OPEN,2026-07-17 05:32:29.872265+00,0.5500,2.7149,117.36,0.7050,2
ase_pt_81f372c0b5194ee7,TEST,OPEN,2026-07-17 05:32:29.816225+00,0.5500,95.9490,963.62,0.7050,2
ase_pt_9403ce850be042b9,TEST,OPEN,2026-07-17 05:32:29.757673+00,0.5500,-2.6866,726.26,0.5050,4
ase_pt_b816b72e7a2f46dc,TEST,OPEN,2026-07-17 05:32:29.669581+00,0.5500,-2.1196,1041.36,0.5050,4
ase_pt_ad101c6b69114db6,TEST,OPEN,2026-07-17 05:32:29.588713+00,0.5500,0.4493,5.94,0.7050,3
ase_pt_e68147c53ad64379,TEST,OPEN,2026-07-17 05:32:29.46102+00,0.5500,0.8582,168.83,0.7050,2
ase_pt_8c37415feac34594,TEST,OPEN,2026-07-17 05:32:29.397421+00,0.5500,-2.4106,761.36,0.5050,4
ase_pt_ba237dbdad944b8b,TEST,OPEN,2026-07-17 05:32:29.325215+00,0.5500,-0.7297,162.16,0.5050,2
ase_pt_8e69571ed93942dd,TEST,OPEN,2026-07-17 05:32:29.181492+00,0.5500,-3.4584,972.84,0.5050,4
ase_pt_3fc17c17f0ee41d0,TEST,OPEN,2026-07-17 05:32:28.948253+00,0.5500,0.3838,74.09,0.7050,3
ase_pt_c41a7642575b484e,TEST,OPEN,2026-07-17 05:32:28.872713+00,0.5500,97.7666,861.10,0.7050,2
ase_pt_323b41a676d94132,TEST,OPEN,2026-07-17 05:32:28.790263+00,0.5500,102.9914,671.43,0.7050,2
ase_pt_deec57d13d8148c3,TEST,OPEN,2026-07-17 05:32:28.261906+00,0.5500,-0.7297,162.16,0.5050,2
ase_pt_01bff1e9f1a94d9b,TEST,OPEN,2026-07-17 05:32:28.151346+00,0.5500,102.9914,671.43,0.7050,2
ase_pt_668c2de047b24014,TEST,OPEN,2026-07-17 05:32:27.98871+00,0.5500,-2.7994,937.74,0.5050,4
ase_pt_13f1551ef56f423a,TEST,OPEN,2026-07-17 05:32:27.720149+00,0.5500,1.6168,86.51,0.7050,4
ase_pt_52ee7c4cf21442b2,TEST,OPEN,2026-07-17 05:32:27.577258+00,0.5500,2.7705,46.90,0.7050,2
ase_pt_98831dcb66714fbe,TEST,OPEN,2026-07-17 05:32:27.487919+00,0.5500,1.7339,21.86,0.7050,2
ase_pt_afbccbf809824372,TEST,OPEN,2026-07-17 05:32:27.423364+00,0.5500,3.6276,466.64,0.7050,4
ase_pt_b18fa90299b1435f,TEST,OPEN,2026-07-17 05:32:27.193896+00,0.5500,-2.1196,1041.36,0.5050,4
ase_pt_41a973774616430c,TEST,OPEN,2026-07-17 05:32:27.118763+00,0.5500,-2.4106,761.36,0.5050,4
ase_pt_c63b5ebecfbb40ba,TEST,OPEN,2026-07-17 05:32:26.876085+00,0.5500,1.3928,83.72,0.7050,3
ase_pt_ba89af7af8ba4e0a,TEST,OPEN,2026-07-17 05:32:26.781666+00,0.5500,1.3928,83.72,0.7050,3
ase_pt_392c2cc71b23483b,TEST,OPEN,2026-07-17 05:32:26.298649+00,0.5500,39.7884,950.81,0.7050,2
ase_pt_b82b26af17754238,TEST,OPEN,2026-07-17 05:32:26.21513+00,0.5500,102.8397,429.07,0.7050,2
ase_pt_b5a80c476a354e47,TEST,OPEN,2026-07-17 05:32:26.101869+00,0.5500,-3.2010,1349.70,0.5050,4
ase_pt_5060831c6ba74a92,TEST,OPEN,2026-07-17 05:32:26.01024+00,0.5500,-2.6866,726.26,0.5050,4
ase_pt_daf29f93819041a8,TEST,OPEN,2026-07-17 05:32:25.923391+00,0.5500,-3.4584,972.84,0.5050,4
ase_pt_17a87aa5b5ef41d5,TEST,OPEN,2026-07-17 05:32:25.821311+00,0.5500,-2.4106,761.36,0.5050,4
ase_pt_c693893a29cf4a5c,TEST,OPEN,2026-07-17 05:32:25.720868+00,0.5500,-2.5882,801.12,0.5050,4
ase_pt_a41cbde2d94b40f5,TEST,OPEN,2026-07-17 05:32:25.634287+00,0.5500,-4.0980,1303.00,0.5050,8
ase_pt_f0cf4e295eb34ac4,TEST,OPEN,2026-07-17 05:32:25.545364+00,0.5500,-2.2023,677.83,0.5050,4
ase_pt_a84f030dddc84b5c,TEST,OPEN,2026-07-17 05:32:25.467573+00,0.5500,-2.3938,712.93,0.5050,4
ase_pt_bfac9a1717b7484c,TEST,OPEN,2026-07-17 05:32:25.385782+00,0.5500,3.3566,184.64,0.7050,4
ase_pt_19b4607ee28b4e4b,TEST,OPEN,2026-07-17 05:32:25.185374+00,0.5500,-3.5754,946.04,0.5050,4
ase_pt_b0eeb4319ad54360,TEST,OPEN,2026-07-17 05:32:25.079914+00,0.5500,-1.7180,629.40,0.5050,4
ase_pt_793e28749bc24fce,TEST,OPEN,2026-07-17 05:32:25.016198+00,0.5500,-2.4106,761.36,0.5050,4
ase_pt_3632906f3796405f,TEST,OPEN,2026-07-17 05:32:24.947828+00,0.5500,0.3838,74.09,0.7050,3
ase_pt_00aa4dfd26224440,TEST,OPEN,2026-07-17 05:32:24.700646+00,0.5500,-0.5215,454.43,0.5050,3
ase_pt_7306e190b47841d5,TEST,OPEN,2026-07-17 05:32:24.413133+00,0.5500,0.8986,11.88,0.7050,6
ase_pt_61d345b280ce4300,TEST,OPEN,2026-07-17 05:32:24.264388+00,0.5500,0.1373,0.84,0.7050,3
ase_pt_80b5cd91d5bc4242,TEST,OPEN,2026-07-17 05:32:24.128712+00,0.5500,1.2069,56.13,0.7050,3
ase_pt_2d62d52019a541bb,TEST,OPEN,2026-07-17 05:32:24.05397+00,0.5500,0.7677,117.29,0.7050,3
ase_pt_9179e74a98ee4988,TEST,OPEN,2026-07-17 05:32:23.946569+00,0.5500,0.2176,203.18,0.7050,3
ase_pt_a9ede8c2b6164324,TEST,OPEN,2026-07-17 05:32:23.854857+00,0.5500,0.2584,150.98,0.7050,3
ase_pt_138b12dca04a4839,TEST,OPEN,2026-07-17 05:32:23.770959+00,0.5500,0.2584,150.98,0.7050,3
ase_pt_e9774f4255124adc,TEST,OPEN,2026-07-17 05:32:23.694187+00,0.5500,-1.3478,794.78,0.5050,4
ase_pt_28328029a7f34d5d,TEST,OPEN,2026-07-17 05:32:23.624214+00,0.5500,0.4493,5.94,0.7050,3
ase_pt_63310aeadd5649cd,TEST,OPEN,2026-07-17 05:32:23.544098+00,0.5500,0.4493,5.94,0.7050,3
ase_pt_07b1b4e5014545b3,TEST,OPEN,2026-07-17 05:32:23.463671+00,0.5500,1.7946,250.64,0.7050,4
ase_pt_6aca195c5bfb4fb8,TEST,OPEN,2026-07-17 05:32:23.382627+00,0.5500,0.6678,324.32,0.7050,4
ase_pt_77eb0b5360724f38,TEST,OPEN,2026-07-17 05:32:23.287197+00,0.5500,104.2176,902.44,0.7050,4
ase_pt_cc391a931e4f47f4,TEST,OPEN,2026-07-17 05:32:23.196414+00,0.5500,-2.1196,1041.36,0.5050,4
ase_pt_f718bcf91c2f4cf6,TEST,OPEN,2026-07-17 05:32:23.071759+00,0.5500,99.3667,1033.90,0.7050,2
ase_pt_47b045d3637a422d,TEST,OPEN,2026-07-17 05:32:22.996387+00,0.5500,209.6075,980.39,0.7050,2
ase_pt_9c0bca498cd943c1,TEST,OPEN,2026-07-17 05:32:22.861307+00,0.5500,97.7666,861.10,0.7050,2
ase_pt_cecf9ac515e84f97,TEST,OPEN,2026-07-17 05:32:22.759344+00,0.5500,102.9914,671.43,0.7050,2
ase_pt_3cb297ccec4d4a6f,TEST,OPEN,2026-07-17 05:32:22.683003+00,0.5500,-1.0254,570.14,0.5050,2
ase_pt_e027cb165fd34219,TEST,OPEN,2026-07-17 05:32:22.623377+00,0.5500,0.6678,324.32,0.7050,4
ase_pt_97bde6ee96964044,TEST,OPEN,2026-07-17 05:32:22.560579+00,0.5500,0.9392,358.48,0.7050,2
ase_pt_24be3ac5a5824fcf,TEST,OPEN,2026-07-17 05:32:22.519737+00,0.5500,0.9392,358.48,0.7050,2
ase_pt_7f0e2dbd0444465a,TEST,OPEN,2026-07-17 05:32:22.45693+00,0.5500,0.2391,217.07,0.7050,2
ase_pt_490447f9a8614b5a,TEST,OPEN,2026-07-17 05:32:22.374899+00,0.5500,-7.1139,1580.87,0.5050,2
ase_pt_6c43af51552e48ae,TEST,OPEN,2026-07-17 05:32:22.294393+00,0.5500,-7.1139,1580.87,0.5050,2
ase_pt_c940efd2a9954b9d,TEST,OPEN,2026-07-17 05:32:22.246551+00,0.5500,1.8670,352.22,0.7050,4
ase_pt_b02668e8ecc4498d,TEST,OPEN,2026-07-17 05:32:22.201983+00,0.5500,0.2420,305.55,0.7050,2
ase_pt_cf1c0cd326094aec,TEST,OPEN,2026-07-17 05:32:22.153935+00,0.5500,0.2391,217.07,0.7050,2
ase_pt_4be2cf80d3624f25,TEST,OPEN,2026-07-17 05:32:22.115627+00,0.5500,0.0653,447.01,0.7050,2
ase_pt_fadfe86140af455a,TEST,OPEN,2026-07-17 05:32:22.067565+00,0.5500,0.0653,447.01,0.7050,2
ase_pt_5d0d01f3280c46b1,TEST,OPEN,2026-07-17 05:32:22.030638+00,0.5500,0.3576,293.99,0.7050,2
ase_pt_284fd697de8f4add,TEST,OPEN,2026-07-17 05:32:21.987694+00,0.5500,-4.5609,1013.54,0.5050,2
ase_pt_0ba8a78cd5cc44df,TEST,OPEN,2026-07-17 05:32:21.949594+00,0.5500,-4.5609,1013.54,0.5050,2
ase_pt_192d57c47a354464,TEST,OPEN,2026-07-17 05:32:21.904463+00,0.5500,0.3339,162.16,0.7050,2
ase_pt_705b599905dc4225,TEST,OPEN,2026-07-17 05:32:21.866458+00,0.5500,-0.6647,597.66,0.5050,4
ase_pt_14dcb91297be4845,TEST,OPEN,2026-07-17 05:32:21.826481+00,0.5500,-0.3324,298.83,0.5050,2
ase_pt_0341f5cb79124671,TEST,OPEN,2026-07-17 05:32:21.652264+00,0.5500,0.0945,191.23,0.7050,2
ase_pt_d87d772111f84a26,TEST,OPEN,2026-07-17 05:32:21.597134+00,0.5500,0.3339,162.16,0.7050,2
ase_pt_8ed093812bf24ba3,TEST,OPEN,2026-07-17 05:32:21.5436+00,0.5500,0.3339,162.16,0.7050,2
ase_pt_3159c7198f9847ca,TEST,OPEN,2026-07-17 05:32:21.501437+00,0.5500,1.1837,67.53,0.7050,4
ase_pt_c319fad03c394a4c,TEST,OPEN,2026-07-17 05:32:21.385381+00,0.5500,1.1837,67.53,0.7050,4
ase_pt_fc496f6591134f0d,TEST,OPEN,2026-07-17 05:32:21.152036+00,0.5500,2.7755,108.00,0.7050,2
ase_pt_f3ac3c34466c4fa7,TEST,OPEN,2026-07-17 05:32:20.980342+00,0.5500,-1.2053,380.68,0.5050,2
ase_pt_d69231f049ab4610,TEST,OPEN,2026-07-17 05:32:20.903744+00,0.5500,3.9773,728.12,0.7050,2
ase_pt_f57567ca8d45430f,TEST,OPEN,2026-07-17 05:32:20.801446+00,0.5500,2.5365,261.15,0.7050,2
ase_pt_11864dfe6e164f25,TEST,OPEN,2026-07-17 05:32:20.752117+00,0.5500,0.2964,91.91,0.7050,2
ase_pt_45c6ec985311418b,TEST,OPEN,2026-07-17 05:32:20.699064+00,0.5500,-0.9266,277.46,0.5050,2
ase_pt_24a77f31cca74e21,TEST,OPEN,2026-07-17 05:32:20.633459+00,0.5500,-0.8590,314.70,0.5050,2
ase_pt_4ee635f1de7648c7,TEST,OPEN,2026-07-17 05:32:20.564229+00,0.5500,1.2750,101.30,0.7050,2
ase_pt_5b47757a95a44adf,TEST,OPEN,2026-07-17 05:32:20.509794+00,0.5500,0.0270,177.15,0.6590,2
ase_pt_36e8e261e3e1469f,TEST,OPEN,2026-07-17 05:32:20.45168+00,0.5500,0.8582,168.83,0.7050,2
ase_pt_952d56fbc7614422,TEST,OPEN,2026-07-17 05:32:20.258982+00,0.5500,2.7755,108.00,0.7050,2
ase_pt_745a857919564dfc,TEST,OPEN,2026-07-17 05:32:20.193106+00,0.5500,-1.2053,380.68,0.5050,2
ase_pt_90ec6ab58d4a433f,TEST,OPEN,2026-07-17 05:32:20.142004+00,0.5500,3.9773,728.12,0.7050,2
ase_pt_6cbd35962d814902,TEST,OPEN,2026-07-17 05:32:20.085124+00,0.5500,2.5365,261.15,0.7050,2
ase_pt_40a66873201c42c8,TEST,OPEN,2026-07-17 05:32:20.035414+00,0.5500,0.2964,91.91,0.7050,2
ase_pt_78a93830b36e4989,TEST,OPEN,2026-07-17 05:32:19.972438+00,0.5500,-0.9266,277.46,0.5050,2
ase_pt_7973611a7c8d4405,TEST,OPEN,2026-07-17 05:32:19.920491+00,0.5500,-0.8590,314.70,0.5050,2
ase_pt_e27c631c24c34820,TEST,OPEN,2026-07-17 05:32:19.851233+00,0.5500,1.2750,101.30,0.7050,2
ase_pt_8dc0c46744d64953,TEST,OPEN,2026-07-17 05:32:19.787749+00,0.5500,0.0270,177.15,0.6590,2
ase_pt_c10d6a979ce8484c,TEST,OPEN,2026-07-17 05:32:19.694399+00,0.5500,0.8582,168.83,0.7050,2
ase_pt_b19c89664d8d4c91,TEST,OPEN,2026-07-17 05:32:19.508969+00,0.5500,-7.1139,1580.87,0.5050,2
ase_pt_835d7f1f28f84c85,TEST,OPEN,2026-07-17 05:32:19.45277+00,0.5500,-7.1139,1580.87,0.5050,2
ase_pt_2c74697a3b3b4846,TEST,OPEN,2026-07-17 05:32:19.100877+00,0.5500,39.3476,100.04,0.7050,1
ase_pt_6c35449f5e404fff,TEST,OPEN,2026-07-17 05:32:19.040418+00,0.5500,106.0116,764.04,0.7050,1
ase_pt_1ea1196300224d4b,TEST,OPEN,2026-07-17 05:32:18.982547+00,0.5500,31.4039,675.51,0.7050,1
ase_pt_b52bfbe48bc7409c,TEST,OPEN,2026-07-17 05:32:18.926515+00,0.5500,98.4659,1737.51,0.7050,1
ase_pt_32ac03879c054b1d,TEST,OPEN,2026-07-17 05:32:18.793389+00,0.5500,40.5034,491.56,0.7050,1
ase_pt_d65d6f9ae7c349d2,TEST,OPEN,2026-07-17 05:32:18.670091+00,0.5500,106.2454,233.56,0.7050,1
ase_pt_0910e43b7e134256,TEST,OPEN,2026-07-17 05:31:46.936707+00,0.5500,-0.3357,583.57,0.5050,8
ase_pt_9193accc15f84997,TEST,OPEN,2026-07-17 05:31:46.753639+00,0.5500,2.5009,145.76,0.7050,6
ase_pt_5512d71f7e0c419d,TEST,OPEN,2026-07-17 05:31:46.656652+00,0.5500,38.1081,424.19,0.7050,5
ase_pt_e0d7f801595e436e,TEST,OPEN,2026-07-17 05:31:46.532162+00,0.5500,-0.1234,232.34,0.5050,4
ase_pt_f850c3bdc79c409b,TEST,OPEN,2026-07-17 05:31:46.394788+00,0.5500,0.6671,263.29,0.7050,2
ase_pt_085f5f6f88514de6,TEST,OPEN,2026-07-17 05:31:46.336773+00,0.5500,106.1571,109.29,0.7050,1
ase_pt_82b4b4830f9b44d1,TEST,OPEN,2026-07-17 05:31:46.239512+00,0.5500,2.7149,117.36,0.7050,2
ase_pt_6e3199cc0c054c4a,TEST,OPEN,2026-07-17 05:31:46.16104+00,0.5500,95.9490,963.62,0.7050,2
ase_pt_ae94e90407ed4ee8,TEST,OPEN,2026-07-17 05:31:46.085497+00,0.5500,-2.6866,726.26,0.5050,4
ase_pt_8866dcbf077e4891,TEST,OPEN,2026-07-17 05:31:46.004056+00,0.5500,-2.1196,1041.36,0.5050,4
ase_pt_7c3c312e45784293,TEST,OPEN,2026-07-17 05:31:45.918735+00,0.5500,0.4493,5.94,0.7050,3
ase_pt_f1c574b9890e4d08,TEST,OPEN,2026-07-17 05:31:45.8448+00,0.5500,0.8582,168.83,0.7050,2
ase_pt_f3bb6a0a294543f3,TEST,OPEN,2026-07-17 05:31:45.765986+00,0.5500,-2.4106,761.36,0.5050,4
ase_pt_87f340e043e5485d,TEST,OPEN,2026-07-17 05:31:45.667253+00,0.5500,-0.7297,162.16,0.5050,2
ase_pt_44733944cf074383,TEST,OPEN,2026-07-17 05:31:45.59981+00,0.5500,-3.4584,972.84,0.5050,4
ase_pt_11a533f7ddb84c21,TEST,OPEN,2026-07-17 05:31:45.453134+00,0.5500,0.3838,74.09,0.7050,3
ase_pt_e765019aac214b30,TEST,OPEN,2026-07-17 05:31:45.38097+00,0.5500,97.7666,861.10,0.7050,2
ase_pt_1bc8f735bf054b14,TEST,OPEN,2026-07-17 05:31:45.247555+00,0.5500,102.9914,671.43,0.7050,2
ase_pt_afb8e8c13d074159,TEST,OPEN,2026-07-17 05:31:45.13819+00,0.5500,-0.7297,162.16,0.5050,2
ase_pt_c5fdce8b34414e05,TEST,OPEN,2026-07-17 05:31:45.044143+00,0.5500,102.9914,671.43,0.7050,2
ase_pt_da861c9b34664bdb,TEST,OPEN,2026-07-17 05:31:44.971244+00,0.5500,-2.7994,937.74,0.5050,4
ase_pt_102122e7c9aa4c81,TEST,OPEN,2026-07-17 05:31:44.886247+00,0.5500,1.6168,86.51,0.7050,4
ase_pt_c1c2c821260347b3,TEST,OPEN,2026-07-17 05:31:44.766058+00,0.5500,2.7705,46.90,0.7050,2
ase_pt_c1e850d101f94cfc,TEST,OPEN,2026-07-17 05:31:44.691598+00,0.5500,1.7339,21.86,0.7050,2
ase_pt_efb8edaa521b47e8,TEST,OPEN,2026-07-17 05:31:44.603072+00,0.5500,3.6276,466.64,0.7050,4
ase_pt_471b2b947e7240f9,TEST,OPEN,2026-07-17 05:31:44.513098+00,0.5500,-2.1196,1041.36,0.5050,4
ase_pt_5d288026450343df,TEST,OPEN,2026-07-17 05:31:44.425557+00,0.5500,-2.4106,761.36,0.5050,4
ase_pt_d5cd7abcf3714a9e,TEST,OPEN,2026-07-17 05:31:44.226734+00,0.5500,1.3928,83.72,0.7050,3
ase_pt_9e412b9c46f64e91,TEST,OPEN,2026-07-17 05:31:44.150956+00,0.5500,1.3928,83.72,0.7050,3
ase_pt_19ab29c2e07f4f23,TEST,OPEN,2026-07-17 05:31:43.912466+00,0.5500,39.7884,950.81,0.7050,2
ase_pt_a14c917b2b5f4bac,TEST,OPEN,2026-07-17 05:31:43.774257+00,0.5500,102.8397,429.07,0.7050,2
ase_pt_856dbff788e84c4c,TEST,OPEN,2026-07-17 05:31:43.648514+00,0.5500,-3.2010,1349.70,0.5050,4
ase_pt_bfcbb0e9be454d9a,TEST,OPEN,2026-07-17 05:31:43.576142+00,0.5500,-2.6866,726.26,0.5050,4
ase_pt_01cb82e33a8c4e04,TEST,OPEN,2026-07-17 05:31:43.485918+00,0.5500,-3.4584,972.84,0.5050,4
ase_pt_458f750d5f74431b,TEST,OPEN,2026-07-17 05:31:43.404748+00,0.5500,-2.4106,761.36,0.5050,4
ase_pt_f44fe45a5946442a,TEST,OPEN,2026-07-17 05:31:43.331539+00,0.5500,-2.5882,801.12,0.5050,4
ase_pt_937913978a7345bf,TEST,OPEN,2026-07-17 05:31:43.22851+00,0.5500,-4.0980,1303.00,0.5050,8
ase_pt_8f40bc8450a040f2,TEST,OPEN,2026-07-17 05:31:43.099453+00,0.5500,-2.2023,677.83,0.5050,4
ase_pt_c13e4aa9be584415,TEST,OPEN,2026-07-17 05:31:42.906365+00,0.5500,-2.3938,712.93,0.5050,4
ase_pt_06edc199b341480c,TEST,OPEN,2026-07-17 05:31:42.749002+00,0.5500,3.3566,184.64,0.7050,4
ase_pt_7551bc0b96784b8d,TEST,OPEN,2026-07-17 05:31:42.539244+00,0.5500,-3.5754,946.04,0.5050,4
ase_pt_2611a56fa69b4883,TEST,OPEN,2026-07-17 05:31:42.460252+00,0.5500,-1.7180,629.40,0.5050,4
ase_pt_e1b41c6235bb41f8,TEST,OPEN,2026-07-17 05:31:42.384538+00,0.5500,-2.4106,761.36,0.5050,4
ase_pt_69d1459f2919466e,TEST,OPEN,2026-07-17 05:31:42.201493+00,0.5500,0.3838,74.09,0.7050,3
ase_pt_a1d17b4de5fb4ab9,TEST,OPEN,2026-07-17 05:31:42.069256+00,0.5500,-0.5215,454.43,0.5050,3
ase_pt_19fd1a1afed14598,TEST,OPEN,2026-07-17 05:31:41.883617+00,0.5500,0.8986,11.88,0.7050,6
ase_pt_758e90c2983f47df,TEST,OPEN,2026-07-17 05:31:41.480926+00,0.5500,0.1373,0.84,0.7050,3
ase_pt_857897d4d0ff4f19,TEST,OPEN,2026-07-17 05:31:41.404333+00,0.5500,1.2069,56.13,0.7050,3
ase_pt_ddaaad97b7254e99,TEST,OPEN,2026-07-17 05:31:41.290154+00,0.5500,0.7677,117.29,0.7050,3
ase_pt_0b933a575f704d7e,TEST,OPEN,2026-07-17 05:31:41.19292+00,0.5500,0.2176,203.18,0.7050,3
ase_pt_f13c06fdca6c4252,TEST,OPEN,2026-07-17 05:31:41.128044+00,0.5500,0.2584,150.98,0.7050,3
ase_pt_48c41c48d3a14ba2,TEST,OPEN,2026-07-17 05:31:41.043495+00,0.5500,0.2584,150.98,0.7050,3
ase_pt_75bb9bbffddc42a9,TEST,OPEN,2026-07-17 05:31:40.961885+00,0.5500,-1.3478,794.78,0.5050,4
ase_pt_7fdb187c20744630,TEST,OPEN,2026-07-17 05:31:40.730882+00,0.5500,0.4493,5.94,0.7050,3
ase_pt_23883886b1684ced,TEST,OPEN,2026-07-17 05:31:40.565476+00,0.5500,0.4493,5.94,0.7050,3
ase_pt_971b825f23974ec3,TEST,OPEN,2026-07-17 05:31:39.711816+00,0.5500,1.7946,250.64,0.7050,4
ase_pt_4bc71f3c83f84bc1,TEST,OPEN,2026-07-17 05:31:39.625683+00,0.5500,0.6678,324.32,0.7050,4
ase_pt_9304bdbefbc643c7,TEST,OPEN,2026-07-17 05:31:39.556374+00,0.5500,104.2176,902.44,0.7050,4
ase_pt_9ad847fa6c644d6e,TEST,OPEN,2026-07-17 05:31:39.45992+00,0.5500,-2.1196,1041.36,0.5050,4
ase_pt_693ad4c178f244e6,TEST,OPEN,2026-07-17 05:31:39.365193+00,0.5500,99.3667,1033.90,0.7050,2
ase_pt_0dc66601fbd449ff,TEST,OPEN,2026-07-17 05:31:39.309789+00,0.5500,209.6075,980.39,0.7050,2
ase_pt_5f73e4e368ee4c19,TEST,OPEN,2026-07-17 05:31:39.194311+00,0.5500,97.7666,861.10,0.7050,2
ase_pt_a177f80b7b324348,TEST,OPEN,2026-07-17 05:31:39.111083+00,0.5500,102.9914,671.43,0.7050,2
ase_pt_25c87bb09bcb4d9e,TEST,OPEN,2026-07-17 05:31:39.021075+00,0.5500,-1.0254,570.14,0.5050,2
ase_pt_ad40ee17f4b24319,TEST,OPEN,2026-07-17 05:31:38.966773+00,0.5500,0.6678,324.32,0.7050,4
ase_pt_f02c2b0e4ea846d5,TEST,OPEN,2026-07-17 05:31:38.926489+00,0.5500,0.9392,358.48,0.7050,2
ase_pt_071dfaed07c840a7,TEST,OPEN,2026-07-17 05:31:38.873155+00,0.5500,0.9392,358.48,0.7050,2
ase_pt_abd22434ae404043,TEST,OPEN,2026-07-17 05:31:38.831473+00,0.5500,0.2391,217.07,0.7050,2
ase_pt_685e2dc764044b0a,TEST,OPEN,2026-07-17 05:31:38.773132+00,0.5500,-7.1139,1580.87,0.5050,2
ase_pt_c66cffc7f7554a9e,TEST,OPEN,2026-07-17 05:31:38.716239+00,0.5500,-7.1139,1580.87,0.5050,2
ase_pt_9d28f94eaeaf4126,TEST,OPEN,2026-07-17 05:31:38.614684+00,0.5500,1.8670,352.22,0.7050,4
ase_pt_95154129d2f04501,TEST,OPEN,2026-07-17 05:31:38.557635+00,0.5500,0.2420,305.55,0.7050,2
ase_pt_9c780403c45a475f,TEST,OPEN,2026-07-17 05:31:38.488408+00,0.5500,0.2391,217.07,0.7050,2
ase_pt_4a733320cf6c430b,TEST,OPEN,2026-07-17 05:31:38.446343+00,0.5500,0.0653,447.01,0.7050,2
ase_pt_8c79bccb949e4c7e,TEST,OPEN,2026-07-17 05:31:38.367968+00,0.5500,0.0653,447.01,0.7050,2
ase_pt_12552ba816c647a6,TEST,OPEN,2026-07-17 05:31:38.329448+00,0.5500,0.3576,293.99,0.7050,2
ase_pt_d9415203c20b46f6,TEST,OPEN,2026-07-17 05:31:38.254182+00,0.5500,-4.5609,1013.54,0.5050,2
ase_pt_9f6f3232705d4af8,TEST,OPEN,2026-07-17 05:31:38.221333+00,0.5500,-4.5609,1013.54,0.5050,2
ase_pt_e94e06bd9ba64a13,TEST,OPEN,2026-07-17 05:31:38.156266+00,0.5500,0.3339,162.16,0.7050,2
ase_pt_b0b1fcb3e5e440bf,TEST,OPEN,2026-07-17 05:31:38.124939+00,0.5500,-0.6647,597.66,0.5050,4
ase_pt_1ecbc30e80024867,TEST,OPEN,2026-07-17 05:31:38.037508+00,0.5500,-0.3324,298.83,0.5050,2
ase_pt_8b4dd53a96554dfd,TEST,OPEN,2026-07-17 05:31:37.976781+00,0.5500,0.0945,191.23,0.7050,2
ase_pt_9c7a74fa838e4e13,TEST,OPEN,2026-07-17 05:31:37.935548+00,0.5500,0.3339,162.16,0.7050,2
ase_pt_eaf300904a6b46b0,TEST,OPEN,2026-07-17 05:31:37.890909+00,0.5500,0.3339,162.16,0.7050,2
ase_pt_b78de49d410c4b6a,TEST,OPEN,2026-07-17 05:31:37.851263+00,0.5500,1.1837,67.53,0.7050,4
ase_pt_1a312a5f3dae490c,TEST,OPEN,2026-07-17 05:31:37.737924+00,0.5500,1.1837,67.53,0.7050,4
ase_pt_b3196782bca54c2f,TEST,OPEN,2026-07-17 05:31:37.463788+00,0.5500,2.7755,108.00,0.7050,2
ase_pt_9718d1dd9d2d406c,TEST,OPEN,2026-07-17 05:31:37.390302+00,0.5500,-1.2053,380.68,0.5050,2
ase_pt_25af5afd3fb64392,TEST,OPEN,2026-07-17 05:31:37.34298+00,0.5500,3.9773,728.12,0.7050,2
ase_pt_51aca08bd0af4f10,TEST,OPEN,2026-07-17 05:31:37.269238+00,0.5500,2.5365,261.15,0.7050,2
ase_pt_adbf72e54bee4e93,TEST,OPEN,2026-07-17 05:31:37.178796+00,0.5500,0.2964,91.91,0.7050,2
ase_pt_4a739bd10d40478e,TEST,OPEN,2026-07-17 05:31:37.07568+00,0.5500,-0.9266,277.46,0.5050,2
ase_pt_90b15fbbc1784cbe,TEST,OPEN,2026-07-17 05:31:36.981944+00,0.5500,-0.8590,314.70,0.5050,2
ase_pt_5d475d0436df49e3,TEST,OPEN,2026-07-17 05:31:36.888653+00,0.5500,1.2750,101.30,0.7050,2
ase_pt_cb4bcbf8a2d84d5f,TEST,OPEN,2026-07-17 05:31:36.799169+00,0.5500,0.0270,177.15,0.6590,2
ase_pt_046547bd9a204f91,TEST,OPEN,2026-07-17 05:31:36.751474+00,0.5500,0.8582,168.83,0.7050,2
ase_pt_f0718fd916934cfe,TEST,OPEN,2026-07-17 05:31:36.678057+00,0.5500,2.7755,108.00,0.7050,2
ase_pt_35adba2d503446d4,TEST,OPEN,2026-07-17 05:31:36.592509+00,0.5500,-1.2053,380.68,0.5050,2
ase_pt_f4ab0354b1194755,TEST,OPEN,2026-07-17 05:31:36.496473+00,0.5500,3.9773,728.12,0.7050,2
ase_pt_d6f552806c264371,TEST,OPEN,2026-07-17 05:31:36.438849+00,0.5500,2.5365,261.15,0.7050,2
ase_pt_4c06105a01794947,TEST,OPEN,2026-07-17 05:31:36.345691+00,0.5500,0.2964,91.91,0.7050,2
ase_pt_3364009d64af4768,TEST,OPEN,2026-07-17 05:31:36.262206+00,0.5500,-0.9266,277.46,0.5050,2
ase_pt_9bf39c88fddc4d28,TEST,OPEN,2026-07-17 05:31:36.007133+00,0.5500,-0.8590,314.70,0.5050,2
ase_pt_112c1a8d5dc94d21,TEST,OPEN,2026-07-17 05:31:35.903313+00,0.5500,1.2750,101.30,0.7050,2
ase_pt_5a6ff0d6be8e48cc,TEST,OPEN,2026-07-17 05:31:35.851561+00,0.5500,0.0270,177.15,0.6590,2
ase_pt_e66149ee488d4111,TEST,OPEN,2026-07-17 05:31:35.754379+00,0.5500,0.8582,168.83,0.7050,2
ase_pt_145e7e156a714c6b,TEST,OPEN,2026-07-17 05:31:35.530376+00,0.5500,-7.1139,1580.87,0.5050,2
ase_pt_c9cf1e5947bb4752,TEST,OPEN,2026-07-17 05:31:35.265728+00,0.5500,-7.1139,1580.87,0.5050,2
ase_pt_5cd9914d28294eaa,TEST,OPEN,2026-07-17 05:31:34.925421+00,0.5500,39.3476,100.04,0.7050,1
ase_pt_4e6c3823a6db41fb,TEST,OPEN,2026-07-17 05:31:34.867417+00,0.5500,106.0116,764.04,0.7050,1
ase_pt_0410e0d5f8af4361,TEST,OPEN,2026-07-17 05:31:34.816255+00,0.5500,31.4039,675.51,0.7050,1
ase_pt_2eb7fcfa021b40e9,TEST,OPEN,2026-07-17 05:31:34.751305+00,0.5500,98.4659,1737.51,0.7050,1
ase_pt_9ac2841b15404bcd,TEST,OPEN,2026-07-17 05:31:34.649976+00,0.5500,40.5034,491.56,0.7050,1
ase_pt_f033ed36fcef4965,TEST,OPEN,2026-07-17 05:31:34.309092+00,0.5500,106.2454,233.56,0.7050,1
ase_pt_d44e9670399c408a,TEST,OPEN,2026-07-17 05:31:27.694414+00,0.5500,1.2069,56.13,0.7050,3
ase_pt_3e1833f415fd414f,TEST,OPEN,2026-07-17 05:31:27.608334+00,0.5500,0.7677,117.29,0.7050,3
ase_pt_78d7474730e741f4,TEST,OPEN,2026-07-17 05:31:27.543368+00,0.5500,0.2176,203.18,0.7050,3
ase_pt_6fbaf19c00b54f5a,TEST,OPEN,2026-07-17 05:31:27.471389+00,0.5500,0.2584,150.98,0.7050,3
ase_pt_873fee4ef10f4d1e,TEST,OPEN,2026-07-17 05:31:27.390607+00,0.5500,0.2584,150.98,0.7050,3
ase_pt_eae220cc91eb49ee,TEST,OPEN,2026-07-17 05:31:27.1851+00,0.5500,-1.3478,794.78,0.5050,4
ase_pt_5949f93a17d240ae,TEST,OPEN,2026-07-17 05:31:27.09443+00,0.5500,0.4493,5.94,0.7050,3
ase_pt_713d53f998734c95,TEST,OPEN,2026-07-17 05:31:27.023059+00,0.5500,0.4493,5.94,0.7050,3
ase_pt_44e3a8804a2a4988,TEST,OPEN,2026-07-17 05:31:26.951023+00,0.5500,1.7946,250.64,0.7050,4
ase_pt_8cea473fdd8847ee,TEST,OPEN,2026-07-17 05:31:26.691662+00,0.5500,0.6678,324.32,0.7050,4
ase_pt_32186d8d86644d8a,TEST,OPEN,2026-07-17 05:31:26.48369+00,0.5500,104.2176,902.44,0.7050,4
ase_pt_57db029c27af45e3,TEST,OPEN,2026-07-17 05:31:26.376938+00,0.5500,-2.1196,1041.36,0.5050,4
ase_pt_03e63508f3af489f,TEST,OPEN,2026-07-17 05:31:26.281223+00,0.5500,99.3667,1033.90,0.7050,2
ase_pt_c1b18ab884d94247,TEST,OPEN,2026-07-17 05:31:26.216934+00,0.5500,209.6075,980.39,0.7050,2
ase_pt_ba7fa2bd655642a4,TEST,OPEN,2026-07-17 05:31:26.105354+00,0.5500,97.7666,861.10,0.7050,2
ase_pt_6c50347440d247b4,TEST,OPEN,2026-07-17 05:31:25.947618+00,0.5500,102.9914,671.43,0.7050,2
ase_pt_0e252cbba9094a72,TEST,OPEN,2026-07-17 05:31:25.883453+00,0.5500,-1.0254,570.14,0.5050,2
ase_pt_23ef28daf9cb47a1,TEST,OPEN,2026-07-17 05:31:25.840262+00,0.5500,0.6678,324.32,0.7050,4
ase_pt_4ddf72645e174fe1,TEST,OPEN,2026-07-17 05:31:25.764665+00,0.5500,0.9392,358.48,0.7050,2
ase_pt_27770dc5a81e4e91,TEST,OPEN,2026-07-17 05:31:25.738884+00,0.5500,0.9392,358.48,0.7050,2
ase_pt_771678d014254c74,TEST,OPEN,2026-07-17 05:31:25.677858+00,0.5500,0.2391,217.07,0.7050,2
ase_pt_c467febe9f4646de,TEST,OPEN,2026-07-17 05:31:25.652666+00,0.5500,-7.1139,1580.87,0.5050,2
ase_pt_7535e14a6e124d94,TEST,OPEN,2026-07-17 05:31:25.621742+00,0.5500,-7.1139,1580.87,0.5050,2
ase_pt_d1c575613d644f6d,TEST,OPEN,2026-07-17 05:31:25.562318+00,0.5500,1.8670,352.22,0.7050,4
ase_pt_476a12c189d04554,TEST,OPEN,2026-07-17 05:31:25.519075+00,0.5500,0.2420,305.55,0.7050,2
ase_pt_ddcc6f854e4843f4,TEST,OPEN,2026-07-17 05:31:25.46792+00,0.5500,0.2391,217.07,0.7050,2
ase_pt_1ca9d2bc3c954aa1,TEST,OPEN,2026-07-17 05:31:25.33374+00,0.5500,0.0653,447.01,0.7050,2
ase_pt_7c98961ed462420e,TEST,OPEN,2026-07-17 05:31:25.277109+00,0.5500,0.0653,447.01,0.7050,2
ase_pt_af7b9105f1b44a39,TEST,OPEN,2026-07-17 05:31:25.204505+00,0.5500,0.3576,293.99,0.7050,2
ase_pt_c8a9b9a5f23c4a02,TEST,OPEN,2026-07-17 05:31:24.998062+00,0.5500,-4.5609,1013.54,0.5050,2
ase_pt_25308f99b8a44dab,TEST,OPEN,2026-07-17 05:31:24.894246+00,0.5500,-4.5609,1013.54,0.5050,2
ase_pt_6474cf69996b4496,TEST,OPEN,2026-07-17 05:31:24.859325+00,0.5500,0.3339,162.16,0.7050,2
ase_pt_06138b3b65da4af9,TEST,OPEN,2026-07-17 05:31:24.759268+00,0.5500,-0.6647,597.66,0.5050,4
ase_pt_96afe39b761e4ad1,TEST,OPEN,2026-07-17 05:31:24.677256+00,0.5500,-0.3324,298.83,0.5050,2
ase_pt_27fb95998a56415b,TEST,OPEN,2026-07-17 05:31:24.627599+00,0.5500,0.0945,191.23,0.7050,2
ase_pt_6edd6080f1904229,TEST,OPEN,2026-07-17 05:31:24.562798+00,0.5500,0.3339,162.16,0.7050,2
ase_pt_3e3127f519aa4b36,TEST,OPEN,2026-07-17 05:31:24.521044+00,0.5500,0.3339,162.16,0.7050,2
ase_pt_7a913eaa2e034493,TEST,OPEN,2026-07-17 05:31:24.476454+00,0.5500,1.1837,67.53,0.7050,4
ase_pt_b561dca737e64954,TEST,OPEN,2026-07-17 05:31:24.409041+00,0.5500,1.1837,67.53,0.7050,4
ase_pt_83538519e8064a9e,TEST,OPEN,2026-07-17 05:31:24.155594+00,0.5500,2.7755,108.00,0.7050,2
ase_pt_73e78dcd567f42e4,TEST,OPEN,2026-07-17 05:31:24.071899+00,0.5500,-1.2053,380.68,0.5050,2
ase_pt_f19a297d7ecc4a07,TEST,OPEN,2026-07-17 05:31:24.012426+00,0.5500,3.9773,728.12,0.7050,2
ase_pt_0e064b32f2734d4b,TEST,OPEN,2026-07-17 05:31:23.9586+00,0.5500,2.5365,261.15,0.7050,2
ase_pt_e3b8f1a59f6440b9,TEST,OPEN,2026-07-17 05:31:23.890378+00,0.5500,0.2964,91.91,0.7050,2
ase_pt_1a6d7d2e47dd4ead,TEST,OPEN,2026-07-17 05:31:23.816023+00,0.5500,-0.9266,277.46,0.5050,2
ase_pt_26a9bf53b4d14255,TEST,OPEN,2026-07-17 05:31:23.754147+00,0.5500,-0.8590,314.70,0.5050,2
ase_pt_7867db8a72a541c5,TEST,OPEN,2026-07-17 05:31:23.653944+00,0.5500,1.2750,101.30,0.7050,2
ase_pt_80ab7cc88064422c,TEST,OPEN,2026-07-17 05:31:23.587296+00,0.5500,0.0270,177.15,0.6590,2
ase_pt_c95aee18709e452c,TEST,OPEN,2026-07-17 05:31:23.527057+00,0.5500,0.8582,168.83,0.7050,2
ase_pt_b0cb97a05fe0422f,TEST,OPEN,2026-07-17 05:31:23.458411+00,0.5500,2.7755,108.00,0.7050,2
ase_pt_d41318d96c0c4c43,TEST,OPEN,2026-07-17 05:31:23.396774+00,0.5500,-1.2053,380.68,0.5050,2
ase_pt_2e6843beba754b18,TEST,OPEN,2026-07-17 05:31:23.340575+00,0.5500,3.9773,728.12,0.7050,2
ase_pt_5b867797cbbb4df8,TEST,OPEN,2026-07-17 05:31:23.256519+00,0.5500,2.5365,261.15,0.7050,2
ase_pt_e549a8e66b504915,TEST,OPEN,2026-07-17 05:31:23.16926+00,0.5500,0.2964,91.91,0.7050,2
ase_pt_6c0852ff34cc4914,TEST,OPEN,2026-07-17 05:31:23.107071+00,0.5500,-0.9266,277.46,0.5050,2
ase_pt_938199d6acd74eb5,TEST,OPEN,2026-07-17 05:31:23.040878+00,0.5500,-0.8590,314.70,0.5050,2
ase_pt_4eee96fe9fd74603,TEST,OPEN,2026-07-17 05:31:22.977542+00,0.5500,1.2750,101.30,0.7050,2
ase_pt_5838a244a64d48a7,TEST,OPEN,2026-07-17 05:31:22.910568+00,0.5500,0.0270,177.15,0.6590,2
ase_pt_7179b9b59f2946e7,TEST,OPEN,2026-07-17 05:31:22.851471+00,0.5500,0.8582,168.83,0.7050,2
ase_pt_f7783f7e02854358,TEST,OPEN,2026-07-17 05:31:22.618675+00,0.5500,-7.1139,1580.87,0.5050,2
ase_pt_e2f99181fe884443,TEST,OPEN,2026-07-17 05:31:22.54227+00,0.5500,-7.1139,1580.87,0.5050,2
ase_pt_8f07b5e253e84aac,TEST,OPEN,2026-07-17 05:31:22.20727+00,0.5500,39.3476,100.04,0.7050,1
ase_pt_d2121d0c26e647d3,TEST,OPEN,2026-07-17 05:31:22.163185+00,0.5500,106.0116,764.04,0.7050,1
ase_pt_feb277e4ceee4a33,TEST,OPEN,2026-07-17 05:31:22.120532+00,0.5500,31.4039,675.51,0.7050,1
ase_pt_1353d127f4e04c38,TEST,OPEN,2026-07-17 05:31:22.074848+00,0.5500,98.4659,1737.51,0.7050,1
ase_pt_b143fca2d6684ea9,TEST,OPEN,2026-07-17 05:31:21.998191+00,0.5500,40.5034,491.56,0.7050,1
ase_pt_9ac53dd86a4a49db,TEST,OPEN,2026-07-17 05:31:21.789756+00,0.5500,106.2454,233.56,0.7050,1
ase_pt_45331c229b7c4d18,TEST,OPEN,2026-07-17 05:30:15.001451+00,0.5500,98.4659,1737.51,0.7050,1
ase_pt_90567077eb144619,TEST,OPEN,2026-07-17 05:30:14.866897+00,0.5500,40.5034,491.56,0.7050,1
ase_pt_a81f2a870e1640c5,TEST,OPEN,2026-07-17 05:30:14.782786+00,0.5500,106.2454,233.56,0.7050,1
ase_pt_e2570da6158e4bf8,TEST,OPEN,2026-07-17 05:30:14.143037+00,0.5500,-0.3357,583.57,0.5050,8
ase_pt_eb98d0776e8e4c2b,TEST,OPEN,2026-07-17 05:30:13.860203+00,0.5500,2.5009,145.76,0.7050,6
ase_pt_43b493247bb548cc,TEST,OPEN,2026-07-17 05:30:13.615823+00,0.5500,38.1081,424.19,0.7050,5
ase_pt_01eead446acc456b,TEST,OPEN,2026-07-17 05:30:13.476661+00,0.5500,-0.1234,232.34,0.5050,4
ase_pt_e2544b55d07e46a3,TEST,OPEN,2026-07-17 05:30:13.345752+00,0.5500,0.6671,263.29,0.7050,2
ase_pt_02879b05ff214e47,TEST,OPEN,2026-07-17 05:30:13.243509+00,0.5500,106.1571,109.29,0.7050,1
ase_pt_a81db8b53b0a4269,TEST,OPEN,2026-07-17 05:30:13.158673+00,0.5500,2.7149,117.36,0.7050,2
ase_pt_ea4be73d23ee4956,TEST,OPEN,2026-07-17 05:30:13.070659+00,0.5500,95.9490,963.62,0.7050,2
ase_pt_6a0fee0e6c994c43,TEST,OPEN,2026-07-17 05:30:12.774332+00,0.5500,-2.6866,726.26,0.5050,4
ase_pt_1dfa879e84f34a36,TEST,OPEN,2026-07-17 05:30:12.681018+00,0.5500,-2.1196,1041.36,0.5050,4
ase_pt_687d43cfbe23447f,TEST,OPEN,2026-07-17 05:30:12.597225+00,0.5500,0.4493,5.94,0.7050,3
ase_pt_d6ed352fe4334e51,TEST,OPEN,2026-07-17 05:30:12.518884+00,0.5500,0.8582,168.83,0.7050,2
ase_pt_241e62fb9dec48f7,TEST,OPEN,2026-07-17 05:30:12.432906+00,0.5500,-2.4106,761.36,0.5050,4
ase_pt_420f5395718a4e36,TEST,OPEN,2026-07-17 05:30:12.237083+00,0.5500,-0.7297,162.16,0.5050,2
ase_pt_c5be21acb3394fec,TEST,OPEN,2026-07-17 05:30:12.14723+00,0.5500,-3.4584,972.84,0.5050,4
ase_pt_5ad3da4131714e30,TEST,OPEN,2026-07-17 05:30:11.98834+00,0.5500,0.3838,74.09,0.7050,3
ase_pt_236c6d4d2d11491a,TEST,OPEN,2026-07-17 05:30:11.874829+00,0.5500,97.7666,861.10,0.7050,2
ase_pt_cfeb044893794459,TEST,OPEN,2026-07-17 05:30:11.812346+00,0.5500,102.9914,671.43,0.7050,2
ase_pt_d339d8eab1824973,TEST,OPEN,2026-07-17 05:30:11.681677+00,0.5500,-0.7297,162.16,0.5050,2
ase_pt_feffd623b601459d,TEST,OPEN,2026-07-17 05:30:11.565151+00,0.5500,102.9914,671.43,0.7050,2
ase_pt_24e97ff0df5b4982,TEST,OPEN,2026-07-17 05:30:11.383308+00,0.5500,-2.7994,937.74,0.5050,4
ase_pt_8d272733b82b486a,TEST,OPEN,2026-07-17 05:30:11.310184+00,0.5500,1.6168,86.51,0.7050,4
ase_pt_40bdf8a07f154dda,TEST,OPEN,2026-07-17 05:30:11.189264+00,0.5500,2.7705,46.90,0.7050,2
ase_pt_43c4c77038f3406c,TEST,OPEN,2026-07-17 05:30:11.104956+00,0.5500,1.7339,21.86,0.7050,2
ase_pt_c90f2d4483524cf3,TEST,OPEN,2026-07-17 05:30:11.048103+00,0.5500,3.6276,466.64,0.7050,4
ase_pt_5208c296a9d047a4,TEST,OPEN,2026-07-17 05:30:10.75759+00,0.5500,-2.1196,1041.36,0.5050,4
ase_pt_4a42f6e79939477c,TEST,OPEN,2026-07-17 05:30:10.624662+00,0.5500,-2.4106,761.36,0.5050,4
ase_pt_5b1ade8a47a2427c,TEST,OPEN,2026-07-17 05:30:10.404747+00,0.5500,1.3928,83.72,0.7050,3
ase_pt_5df56406e676421f,TEST,OPEN,2026-07-17 05:30:10.216209+00,0.5500,1.3928,83.72,0.7050,3
ase_pt_6eecd7dc53e44088,TEST,OPEN,2026-07-17 05:30:09.92833+00,0.5500,39.7884,950.81,0.7050,2
ase_pt_fff14c0d833a43a4,TEST,OPEN,2026-07-17 05:30:09.845117+00,0.5500,102.8397,429.07,0.7050,2
ase_pt_00ab5dd704f449f7,TEST,OPEN,2026-07-17 05:30:09.687997+00,0.5500,-3.2010,1349.70,0.5050,4
ase_pt_4ed0eedc2d0047dd,TEST,OPEN,2026-07-17 05:30:09.579909+00,0.5500,-2.6866,726.26,0.5050,4
ase_pt_d63b61e91c314a4f,TEST,OPEN,2026-07-17 05:30:09.468376+00,0.5500,-3.4584,972.84,0.5050,4
ase_pt_52d55444d36747a0,TEST,OPEN,2026-07-17 05:30:09.396529+00,0.5500,-2.4106,761.36,0.5050,4
ase_pt_6a6f8dd6d8d04180,TEST,OPEN,2026-07-17 05:30:09.308127+00,0.5500,-2.5882,801.12,0.5050,4
ase_pt_70ff8734f7804dad,TEST,OPEN,2026-07-17 05:30:09.236096+00,0.5500,-4.0980,1303.00,0.5050,8
ase_pt_e78a52d34182482d,TEST,OPEN,2026-07-17 05:30:09.116066+00,0.5500,-2.2023,677.83,0.5050,4
ase_pt_3bcc9c0b31ff49f3,TEST,OPEN,2026-07-17 05:30:09.034309+00,0.5500,-2.3938,712.93,0.5050,4
ase_pt_24bc62692c964244,TEST,OPEN,2026-07-17 05:30:08.945991+00,0.5500,3.3566,184.64,0.7050,4
ase_pt_64f79423f4d24f3e,TEST,OPEN,2026-07-17 05:30:08.856959+00,0.5500,-3.5754,946.04,0.5050,4
ase_pt_cc496e3791394bdd,TEST,OPEN,2026-07-17 05:30:08.629958+00,0.5500,-1.7180,629.40,0.5050,4
ase_pt_f22691ef3d444fab,TEST,OPEN,2026-07-17 05:30:08.552208+00,0.5500,-2.4106,761.36,0.5050,4
ase_pt_bf3cd83403654aef,TEST,OPEN,2026-07-17 05:30:08.408647+00,0.5500,0.3838,74.09,0.7050,3
ase_pt_559d9e7244b542ea,TEST,OPEN,2026-07-17 05:30:08.331829+00,0.5500,-0.5215,454.43,0.5050,3
ase_pt_d98382cd2b4f4c2d,TEST,OPEN,2026-07-17 05:30:08.143492+00,0.5500,0.8986,11.88,0.7050,6
ase_pt_e56739d70d014172,TEST,OPEN,2026-07-17 05:30:07.921773+00,0.5500,0.1373,0.84,0.7050,3
ase_pt_c6e58215b6bc4846,TEST,OPEN,2026-07-17 05:30:07.683013+00,0.5500,1.2069,56.13,0.7050,3
ase_pt_02d0d9913754443c,TEST,OPEN,2026-07-17 05:30:07.560103+00,0.5500,0.7677,117.29,0.7050,3
ase_pt_335da21099bf469e,TEST,OPEN,2026-07-17 05:30:07.319571+00,0.5500,0.2176,203.18,0.7050,3
ase_pt_7de3ce6fbc8845a0,TEST,OPEN,2026-07-17 05:30:07.18714+00,0.5500,0.2584,150.98,0.7050,3
ase_pt_ae12830c35754db8,TEST,OPEN,2026-07-17 05:30:06.904807+00,0.5500,0.2584,150.98,0.7050,3
ase_pt_7c3ef7e616e149da,TEST,OPEN,2026-07-17 05:30:06.796662+00,0.5500,-1.3478,794.78,0.5050,4
ase_pt_9685e32cd4cc4f00,TEST,OPEN,2026-07-17 05:30:06.647155+00,0.5500,0.4493,5.94,0.7050,3
ase_pt_2f51cdd5a4bc4ffd,TEST,OPEN,2026-07-17 05:30:06.258688+00,0.5500,0.4493,5.94,0.7050,3
ase_pt_c1cb14c33f0a40db,TEST,OPEN,2026-07-17 05:30:06.116688+00,0.5500,1.7946,250.64,0.7050,4
ase_pt_90fdbdd9ef814faa,TEST,OPEN,2026-07-17 05:30:06.00442+00,0.5500,0.6678,324.32,0.7050,4
ase_pt_256ccb2dec9a44b2,TEST,OPEN,2026-07-17 05:30:05.838106+00,0.5500,104.2176,902.44,0.7050,4
ase_pt_2b871389c3f94b23,TEST,OPEN,2026-07-17 05:30:05.639514+00,0.5500,-2.1196,1041.36,0.5050,4
ase_pt_4b4633b31af942dc,TEST,OPEN,2026-07-17 05:30:05.534612+00,0.5500,99.3667,1033.90,0.7050,2
ase_pt_a46af2f3109f4baf,TEST,OPEN,2026-07-17 05:30:05.23968+00,0.5500,209.6075,980.39,0.7050,2
ase_pt_488e81b05e3546f2,TEST,OPEN,2026-07-17 05:30:04.8492+00,0.5500,97.7666,861.10,0.7050,2
ase_pt_c62db28384754bcc,TEST,OPEN,2026-07-17 05:30:04.771023+00,0.5500,102.9914,671.43,0.7050,2
ase_pt_de9a1dd6531e46d8,TEST,OPEN,2026-07-17 05:30:04.703853+00,0.5500,-1.0254,570.14,0.5050,2
ase_pt_532c902bfb4748ee,TEST,OPEN,2026-07-17 05:30:04.619668+00,0.5500,0.6678,324.32,0.7050,4
ase_pt_b73e0508eca949e8,TEST,OPEN,2026-07-17 05:30:04.520097+00,0.5500,0.9392,358.48,0.7050,2
ase_pt_937155f971934804,TEST,OPEN,2026-07-17 05:30:04.473151+00,0.5500,0.9392,358.48,0.7050,2
ase_pt_0f75b5e82d514193,TEST,OPEN,2026-07-17 05:30:04.417483+00,0.5500,0.2391,217.07,0.7050,2
ase_pt_a56d6cd8ff234e19,TEST,OPEN,2026-07-17 05:30:04.236157+00,0.5500,-7.1139,1580.87,0.5050,2
ase_pt_16c1472721674c76,TEST,OPEN,2026-07-17 05:30:04.166818+00,0.5500,-7.1139,1580.87,0.5050,2
ase_pt_3ba61bac1a2f4d53,TEST,OPEN,2026-07-17 05:30:04.124662+00,0.5500,1.8670,352.22,0.7050,4
ase_pt_5e8f0d60fbd54fb2,TEST,OPEN,2026-07-17 05:30:04.072874+00,0.5500,0.2420,305.55,0.7050,2
ase_pt_7321ce7d9a704a8b,TEST,OPEN,2026-07-17 05:30:04.014255+00,0.5500,0.2391,217.07,0.7050,2
ase_pt_2e78f09475d34b9c,TEST,OPEN,2026-07-17 05:30:03.947083+00,0.5500,0.0653,447.01,0.7050,2
ase_pt_e9c5adc89a694700,TEST,OPEN,2026-07-17 05:30:03.907468+00,0.5500,0.0653,447.01,0.7050,2
ase_pt_14bbea05d32a4a64,TEST,OPEN,2026-07-17 05:30:03.721552+00,0.5500,0.3576,293.99,0.7050,2
ase_pt_8bb5c04c7e374521,TEST,OPEN,2026-07-17 05:30:03.662045+00,0.5500,-4.5609,1013.54,0.5050,2
ase_pt_f663d57759104da1,TEST,OPEN,2026-07-17 05:30:03.620488+00,0.5500,-4.5609,1013.54,0.5050,2
ase_pt_3e339a7a3cdc4e44,TEST,OPEN,2026-07-17 05:30:03.572438+00,0.5500,0.3339,162.16,0.7050,2
ase_pt_1acdccfce30940ea,TEST,OPEN,2026-07-17 05:30:03.525359+00,0.5500,-0.6647,597.66,0.5050,4
ase_pt_b62d17470e3d4853,TEST,OPEN,2026-07-17 05:30:03.488816+00,0.5500,-0.3324,298.83,0.5050,2
ase_pt_c22a27dc84f148ae,TEST,OPEN,2026-07-17 05:30:03.45849+00,0.5500,0.0945,191.23,0.7050,2
ase_pt_b56a1c5009bc48ba,TEST,OPEN,2026-07-17 05:30:03.281362+00,0.5500,0.3339,162.16,0.7050,2
ase_pt_ffc319cbdcb547bd,TEST,OPEN,2026-07-17 05:30:03.114077+00,0.5500,0.3339,162.16,0.7050,2
ase_pt_297066db97404b77,TEST,OPEN,2026-07-17 05:30:03.023872+00,0.5500,1.1837,67.53,0.7050,4
ase_pt_dcf739fea6c346c2,TEST,OPEN,2026-07-17 05:30:02.934151+00,0.5500,1.1837,67.53,0.7050,4
ase_pt_e3723739cd9c4db8,TEST,OPEN,2026-07-17 05:30:02.719491+00,0.5500,2.7755,108.00,0.7050,2
ase_pt_80b9c058175a4c61,TEST,OPEN,2026-07-17 05:30:02.493906+00,0.5500,-1.2053,380.68,0.5050,2
ase_pt_7c1b674006aa4427,TEST,OPEN,2026-07-17 05:30:02.38163+00,0.5500,3.9773,728.12,0.7050,2
ase_pt_0a828b9ce657480c,TEST,OPEN,2026-07-17 05:30:02.206809+00,0.5500,2.5365,261.15,0.7050,2
ase_pt_bcbabed4ff834d64,TEST,OPEN,2026-07-17 05:30:02.102244+00,0.5500,0.2964,91.91,0.7050,2
ase_pt_4ef17b0e1c6546f6,TEST,OPEN,2026-07-17 05:30:02.009916+00,0.5500,-0.9266,277.46,0.5050,2
ase_pt_44cb1b0418044113,TEST,OPEN,2026-07-17 05:30:01.865091+00,0.5500,-0.8590,314.70,0.5050,2
ase_pt_63b79671045a4aa2,TEST,OPEN,2026-07-17 05:30:01.786341+00,0.5500,1.2750,101.30,0.7050,2
ase_pt_304246ad516046d6,TEST,OPEN,2026-07-17 05:30:01.723185+00,0.5500,0.0270,177.15,0.6590,2
ase_pt_5451fd35cf2d40c9,TEST,OPEN,2026-07-17 05:30:01.668734+00,0.5500,0.8582,168.83,0.7050,2
ase_pt_364e2c86c1d6469d,TEST,OPEN,2026-07-17 05:30:01.614174+00,0.5500,2.7755,108.00,0.7050,2
ase_pt_8f481826e0ff4f9b,TEST,OPEN,2026-07-17 05:30:01.543859+00,0.5500,-1.2053,380.68,0.5050,2
ase_pt_a1fcb5049d0f413b,TEST,OPEN,2026-07-17 05:30:01.484178+00,0.5500,3.9773,728.12,0.7050,2
ase_pt_f5dd6dc35bb846d9,TEST,OPEN,2026-07-17 05:30:01.32421+00,0.5500,2.5365,261.15,0.7050,2
ase_pt_c6a51fd7f76347fe,TEST,OPEN,2026-07-17 05:30:01.14823+00,0.5500,0.2964,91.91,0.7050,2
ase_pt_9ce40b1112c2482f,TEST,OPEN,2026-07-17 05:30:01.074699+00,0.5500,-0.9266,277.46,0.5050,2
ase_pt_774ec411f0664b5e,TEST,OPEN,2026-07-17 05:30:00.954176+00,0.5500,-0.8590,314.70,0.5050,2
ase_pt_48e071537e064f17,TEST,OPEN,2026-07-17 05:30:00.777077+00,0.5500,1.2750,101.30,0.7050,2
ase_pt_341ee9bd107947a6,TEST,OPEN,2026-07-17 05:30:00.715506+00,0.5500,0.0270,177.15,0.6590,2
ase_pt_cf555e7bab05428c,TEST,OPEN,2026-07-17 05:30:00.640164+00,0.5500,0.8582,168.83,0.7050,2
ase_pt_8b3c4ae687964a70,TEST,OPEN,2026-07-17 05:30:00.432676+00,0.5500,-7.1139,1580.87,0.5050,2
ase_pt_baad41bd56d44e0e,TEST,OPEN,2026-07-17 05:30:00.277066+00,0.5500,-7.1139,1580.87,0.5050,2
ase_pt_df836ccb480e43ac,TEST,OPEN,2026-07-17 05:29:59.859229+00,0.5500,39.3476,100.04,0.7050,1
ase_pt_bbb2af4febbf44fa,TEST,OPEN,2026-07-17 05:29:59.801481+00,0.5500,106.0116,764.04,0.7050,1
ase_pt_1c95fb9bd5194ab1,TEST,OPEN,2026-07-17 05:29:59.753424+00,0.5500,31.4039,675.51,0.7050,1
ase_pt_974bac188a97487c,TEST,OPEN,2026-07-17 05:29:59.70759+00,0.5500,98.4659,1737.51,0.7050,1
ase_pt_3ca0620c4cef4d6f,TEST,OPEN,2026-07-17 05:29:59.614452+00,0.5500,40.5034,491.56,0.7050,1
ase_pt_6d5376710e84479f,TEST,OPEN,2026-07-17 05:29:59.375711+00,0.5500,106.2454,233.56,0.7050,1
ase_pt_eacf187fc03e42a8,TEST,OPEN,2026-07-17 05:29:04.284904+00,0.5500,-0.3357,583.57,0.5050,8
ase_pt_b217288663e64abf,TEST,OPEN,2026-07-17 05:29:04.09668+00,0.5500,2.5009,145.76,0.7050,6
ase_pt_0c9b4327f85a4179,TEST,OPEN,2026-07-17 05:29:03.96622+00,0.5500,38.1081,424.19,0.7050,5
ase_pt_8b9f1e603d544491,TEST,OPEN,2026-07-17 05:29:03.844699+00,0.5500,-0.1234,232.34,0.5050,4
ase_pt_08179cf977334df3,TEST,OPEN,2026-07-17 05:29:03.689906+00,0.5500,0.6671,263.29,0.7050,2
ase_pt_eb69c5f8d45a4cea,TEST,OPEN,2026-07-17 05:29:03.622243+00,0.5500,106.1571,109.29,0.7050,1
ase_pt_e7d78e583530476c,TEST,OPEN,2026-07-17 05:29:03.576683+00,0.5500,2.7149,117.36,0.7050,2
ase_pt_854cdbc63d0e4302,TEST,OPEN,2026-07-17 05:29:03.45268+00,0.5500,95.9490,963.62,0.7050,2
ase_pt_8d400ce6441c4402,TEST,OPEN,2026-07-17 05:29:03.341524+00,0.5500,-2.6866,726.26,0.5050,4
ase_pt_d3b5f2da35984057,TEST,OPEN,2026-07-17 05:29:03.171597+00,0.5500,-2.1196,1041.36,0.5050,4
ase_pt_16cf6d806ea34cdc,TEST,OPEN,2026-07-17 05:29:03.063406+00,0.5500,0.4493,5.94,0.7050,3
ase_pt_ea93f5edcbd049a6,TEST,OPEN,2026-07-17 05:29:02.977752+00,0.5500,0.8582,168.83,0.7050,2
ase_pt_bed69d2bf32e4b21,TEST,OPEN,2026-07-17 05:29:02.862294+00,0.5500,-2.4106,761.36,0.5050,4
ase_pt_d8d2ea56d692462f,TEST,OPEN,2026-07-17 05:29:02.784252+00,0.5500,-0.7297,162.16,0.5050,2
ase_pt_496875cb2f7d476e,TEST,OPEN,2026-07-17 05:29:02.72195+00,0.5500,-3.4584,972.84,0.5050,4
ase_pt_f352a5bb0a3845c7,TEST,OPEN,2026-07-17 05:29:02.603649+00,0.5500,0.3838,74.09,0.7050,3
ase_pt_c8dd09199fb94cf3,TEST,OPEN,2026-07-17 05:29:02.495984+00,0.5500,97.7666,861.10,0.7050,2
ase_pt_5e1802c0f78045cb,TEST,OPEN,2026-07-17 05:29:02.441559+00,0.5500,102.9914,671.43,0.7050,2
ase_pt_c8bf85c6ede2488b,TEST,OPEN,2026-07-17 05:29:02.331486+00,0.5500,-0.7297,162.16,0.5050,2
ase_pt_a2df9c7deeea4407,TEST,OPEN,2026-07-17 05:29:02.221796+00,0.5500,102.9914,671.43,0.7050,2
ase_pt_f3afc3f4ede84b03,TEST,OPEN,2026-07-17 05:29:02.106074+00,0.5500,-2.7994,937.74,0.5050,4
ase_pt_dea8aa2dc202496f,TEST,OPEN,2026-07-17 05:29:02.025704+00,0.5500,1.6168,86.51,0.7050,4
ase_pt_305c8be299544ad0,TEST,OPEN,2026-07-17 05:29:01.832408+00,0.5500,2.7705,46.90,0.7050,2
ase_pt_bf9746964617425a,TEST,OPEN,2026-07-17 05:29:01.740564+00,0.5500,1.7339,21.86,0.7050,2
ase_pt_3f620ebb349a4df9,TEST,OPEN,2026-07-17 05:29:01.68009+00,0.5500,3.6276,466.64,0.7050,4
ase_pt_963783dd4e834ad5,TEST,OPEN,2026-07-17 05:29:01.59387+00,0.5500,-2.1196,1041.36,0.5050,4
ase_pt_df0d1012524347fb,TEST,OPEN,2026-07-17 05:29:01.473448+00,0.5500,-2.4106,761.36,0.5050,4
ase_pt_98a9900391574b3c,TEST,OPEN,2026-07-17 05:29:01.241638+00,0.5500,1.3928,83.72,0.7050,3
ase_pt_2b1cb0acde8a4d2a,TEST,OPEN,2026-07-17 05:29:01.161826+00,0.5500,1.3928,83.72,0.7050,3
ase_pt_d8dc2fb768cf4d72,TEST,OPEN,2026-07-17 05:29:00.860715+00,0.5500,39.7884,950.81,0.7050,2
ase_pt_bb4541f2bdfc46ca,TEST,OPEN,2026-07-17 05:29:00.767625+00,0.5500,102.8397,429.07,0.7050,2
ase_pt_630c5bfba91c45a1,TEST,OPEN,2026-07-17 05:29:00.010477+00,0.5500,-3.2010,1349.70,0.5050,4
ase_pt_d742e132255243af,TEST,OPEN,2026-07-17 05:28:59.893701+00,0.5500,-2.6866,726.26,0.5050,4
ase_pt_10e90105a8cd4fd0,TEST,OPEN,2026-07-17 05:28:59.74887+00,0.5500,-3.4584,972.84,0.5050,4
ase_pt_725a2fc7d4474ae9,TEST,OPEN,2026-07-17 05:28:59.670365+00,0.5500,-2.4106,761.36,0.5050,4
ase_pt_c985b0ea78c349bf,TEST,OPEN,2026-07-17 05:28:59.598258+00,0.5500,-2.5882,801.12,0.5050,4
ase_pt_1ec92c1858a942b5,TEST,OPEN,2026-07-17 05:28:59.465907+00,0.5500,-4.0980,1303.00,0.5050,8
ase_pt_6902ab81fd5c473c,TEST,OPEN,2026-07-17 05:28:59.356137+00,0.5500,-2.2023,677.83,0.5050,4
ase_pt_bfcfa9b74a7841ec,TEST,OPEN,2026-07-17 05:28:59.274118+00,0.5500,-2.3938,712.93,0.5050,4
ase_pt_c5e54d1c2fad41cc,TEST,OPEN,2026-07-17 05:28:59.166074+00,0.5500,3.3566,184.64,0.7050,4
ase_pt_762319e20bcf4980,TEST,OPEN,2026-07-17 05:28:59.087276+00,0.5500,-3.5754,946.04,0.5050,4
ase_pt_ff3f24f24b8e45f4,TEST,OPEN,2026-07-17 05:28:59.00514+00,0.5500,-1.7180,629.40,0.5050,4
ase_pt_0e5e83ab54cb4538,TEST,OPEN,2026-07-17 05:28:58.918999+00,0.5500,-2.4106,761.36,0.5050,4
ase_pt_c45fec7c13434445,TEST,OPEN,2026-07-17 05:28:58.817232+00,0.5500,0.3838,74.09,0.7050,3
ase_pt_8dbc75e418544b88,TEST,OPEN,2026-07-17 05:28:58.730359+00,0.5500,-0.5215,454.43,0.5050,3
ase_pt_e7742d0825944040,TEST,OPEN,2026-07-17 05:28:58.630817+00,0.5500,0.8986,11.88,0.7050,6
ase_pt_03849d666efe4824,TEST,OPEN,2026-07-17 05:28:58.401504+00,0.5500,0.1373,0.84,0.7050,3
ase_pt_4e005621b9684abd,TEST,OPEN,2026-07-17 05:28:58.287814+00,0.5500,1.2069,56.13,0.7050,3
ase_pt_63167d95b92d46a9,TEST,OPEN,2026-07-17 05:28:58.22241+00,0.5500,0.7677,117.29,0.7050,3
ase_pt_c7352c9de31649d5,TEST,OPEN,2026-07-17 05:28:58.161899+00,0.5500,0.2176,203.18,0.7050,3
ase_pt_848e090753ce4b78,TEST,OPEN,2026-07-17 05:28:58.07223+00,0.5500,0.2584,150.98,0.7050,3
ase_pt_bb138449b1884e36,TEST,OPEN,2026-07-17 05:28:57.77627+00,0.5500,0.2584,150.98,0.7050,3
ase_pt_5531bb51b3f046e0,TEST,OPEN,2026-07-17 05:28:57.681629+00,0.5500,-1.3478,794.78,0.5050,4
ase_pt_7d604ae2b8b84008,TEST,OPEN,2026-07-17 05:28:57.475177+00,0.5500,0.4493,5.94,0.7050,3
ase_pt_83d56a0a0f0f40a3,TEST,OPEN,2026-07-17 05:28:57.378094+00,0.5500,0.4493,5.94,0.7050,3
ase_pt_1efc5e19f4d2470b,TEST,OPEN,2026-07-17 05:28:57.294041+00,0.5500,1.7946,250.64,0.7050,4
ase_pt_c15348efbf064e5a,TEST,OPEN,2026-07-17 05:28:57.17706+00,0.5500,0.6678,324.32,0.7050,4
ase_pt_989392eefb9541f2,TEST,OPEN,2026-07-17 05:28:57.100064+00,0.5500,104.2176,902.44,0.7050,4
ase_pt_6380627d787b417b,TEST,OPEN,2026-07-17 05:28:57.026665+00,0.5500,-2.1196,1041.36,0.5050,4
ase_pt_dda2c92bd3bf4532,TEST,OPEN,2026-07-17 05:28:56.877228+00,0.5500,99.3667,1033.90,0.7050,2
ase_pt_bb16728c9ab74c57,TEST,OPEN,2026-07-17 05:28:56.80856+00,0.5500,209.6075,980.39,0.7050,2
ase_pt_e8daada75c2d4937,TEST,OPEN,2026-07-17 05:28:56.701119+00,0.5500,97.7666,861.10,0.7050,2
ase_pt_492673dfeb9d4bb4,TEST,OPEN,2026-07-17 05:28:56.632762+00,0.5500,102.9914,671.43,0.7050,2
ase_pt_155673414d9c4237,TEST,OPEN,2026-07-17 05:28:56.499234+00,0.5500,-1.0254,570.14,0.5050,2
ase_pt_f524316759cb4ded,TEST,OPEN,2026-07-17 05:28:56.454621+00,0.5500,0.6678,324.32,0.7050,4
ase_pt_78bec6a96d964fd6,TEST,OPEN,2026-07-17 05:28:56.387083+00,0.5500,0.9392,358.48,0.7050,2
ase_pt_0ec22af1f8694c35,TEST,OPEN,2026-07-17 05:28:56.231724+00,0.5500,0.9392,358.48,0.7050,2
ase_pt_0fd2fff6f13649d5,TEST,OPEN,2026-07-17 05:28:56.140703+00,0.5500,0.2391,217.07,0.7050,2
ase_pt_df9ef3680a77413b,TEST,OPEN,2026-07-17 05:28:56.064349+00,0.5500,-7.1139,1580.87,0.5050,2
ase_pt_6bb95b5aa7244b82,TEST,OPEN,2026-07-17 05:28:55.974668+00,0.5500,-7.1139,1580.87,0.5050,2
ase_pt_34b7749cae3b494d,TEST,OPEN,2026-07-17 05:28:55.920428+00,0.5500,1.8670,352.22,0.7050,4
ase_pt_751823b026db4dd0,TEST,OPEN,2026-07-17 05:28:55.848273+00,0.5500,0.2420,305.55,0.7050,2
ase_pt_3fea564c077e49df,TEST,OPEN,2026-07-17 05:28:55.659611+00,0.5500,0.2391,217.07,0.7050,2
ase_pt_68eeb4f5c58f48cd,TEST,OPEN,2026-07-17 05:28:55.610061+00,0.5500,0.0653,447.01,0.7050,2
ase_pt_94869ecb05004e5d,TEST,OPEN,2026-07-17 05:28:55.544021+00,0.5500,0.0653,447.01,0.7050,2
ase_pt_a36cd5a474524c44,TEST,OPEN,2026-07-17 05:28:55.510098+00,0.5500,0.3576,293.99,0.7050,2
ase_pt_b70d6af2f94d4814,TEST,OPEN,2026-07-17 05:28:55.298904+00,0.5500,-4.5609,1013.54,0.5050,2
ase_pt_04f4c3ecbe4a4039,TEST,OPEN,2026-07-17 05:28:55.235721+00,0.5500,-4.5609,1013.54,0.5050,2
ase_pt_53fd94a5236f4933,TEST,OPEN,2026-07-17 05:28:55.178175+00,0.5500,0.3339,162.16,0.7050,2
ase_pt_7904fd855b78444d,TEST,OPEN,2026-07-17 05:28:55.119374+00,0.5500,-0.6647,597.66,0.5050,4
ase_pt_55f2879c9c234ae8,TEST,OPEN,2026-07-17 05:28:55.056923+00,0.5500,-0.3324,298.83,0.5050,2
ase_pt_24c4ba6f47cb4240,TEST,OPEN,2026-07-17 05:28:54.967653+00,0.5500,0.0945,191.23,0.7050,2
ase_pt_e0843e5730d14f6a,TEST,OPEN,2026-07-17 05:28:54.923408+00,0.5500,0.3339,162.16,0.7050,2
ase_pt_7f4cbe9e07c348b3,TEST,OPEN,2026-07-17 05:28:54.869735+00,0.5500,0.3339,162.16,0.7050,2
ase_pt_29707c7594b24de3,TEST,OPEN,2026-07-17 05:28:54.827038+00,0.5500,1.1837,67.53,0.7050,4
ase_pt_5dc715014dd84a43,TEST,OPEN,2026-07-17 05:28:54.730065+00,0.5500,1.1837,67.53,0.7050,4
ase_pt_d4b58757814f4b80,TEST,OPEN,2026-07-17 05:28:54.457469+00,0.5500,2.7755,108.00,0.7050,2
ase_pt_5dd2701e8ad6448e,TEST,OPEN,2026-07-17 05:28:54.388419+00,0.5500,-1.2053,380.68,0.5050,2
ase_pt_68dedcd545444fa1,TEST,OPEN,2026-07-17 05:28:54.305857+00,0.5500,3.9773,728.12,0.7050,2
ase_pt_81456c16dc9141dc,TEST,OPEN,2026-07-17 05:28:54.230954+00,0.5500,2.5365,261.15,0.7050,2
ase_pt_824858ba1134432d,TEST,OPEN,2026-07-17 05:28:54.143769+00,0.5500,0.2964,91.91,0.7050,2
ase_pt_13ff268f37fb45d6,TEST,OPEN,2026-07-17 05:28:54.097419+00,0.5500,-0.9266,277.46,0.5050,2
ase_pt_072d99d8825b437b,TEST,OPEN,2026-07-17 05:28:54.036876+00,0.5500,-0.8590,314.70,0.5050,2
ase_pt_36c1bab4acbe416d,TEST,OPEN,2026-07-17 05:28:53.958281+00,0.5500,1.2750,101.30,0.7050,2
ase_pt_d66365d89f08431d,TEST,OPEN,2026-07-17 05:28:53.886288+00,0.5500,0.0270,177.15,0.6590,2
ase_pt_9b4f4bfe915d486c,TEST,OPEN,2026-07-17 05:28:53.793474+00,0.5500,0.8582,168.83,0.7050,2
ase_pt_8b344752f60546a1,TEST,OPEN,2026-07-17 05:28:53.692407+00,0.5500,2.7755,108.00,0.7050,2
ase_pt_3a461d2fa135461e,TEST,OPEN,2026-07-17 05:28:53.605631+00,0.5500,-1.2053,380.68,0.5050,2
ase_pt_2be32f47df1f4199,TEST,OPEN,2026-07-17 05:28:53.5497+00,0.5500,3.9773,728.12,0.7050,2
ase_pt_9221343a8ff442c1,TEST,OPEN,2026-07-17 05:28:53.469168+00,0.5500,2.5365,261.15,0.7050,2
ase_pt_89e9a7a206094b5d,TEST,OPEN,2026-07-17 05:28:53.412372+00,0.5500,0.2964,91.91,0.7050,2
ase_pt_00b9fcf63ec84443,TEST,OPEN,2026-07-17 05:28:53.362963+00,0.5500,-0.9266,277.46,0.5050,2
ase_pt_a0f182a9ba75429b,TEST,OPEN,2026-07-17 05:28:53.288722+00,0.5500,-0.8590,314.70,0.5050,2
ase_pt_9c6a842c94f74f0c,TEST,OPEN,2026-07-17 05:28:53.22767+00,0.5500,1.2750,101.30,0.7050,2
ase_pt_07bdcfff5f604dac,TEST,OPEN,2026-07-17 05:28:53.140913+00,0.5500,0.0270,177.15,0.6590,2
ase_pt_ff4857b9ca1e4f31,TEST,OPEN,2026-07-17 05:28:53.077937+00,0.5500,0.8582,168.83,0.7050,2
ase_pt_a786e2c48589413f,TEST,OPEN,2026-07-17 05:28:52.847434+00,0.5500,-7.1139,1580.87,0.5050,2
ase_pt_26b9a78175254dcd,TEST,OPEN,2026-07-17 05:28:52.773628+00,0.5500,-7.1139,1580.87,0.5050,2
ase_pt_c985351fe54449c8,TEST,OPEN,2026-07-17 05:28:52.295993+00,0.5500,39.3476,100.04,0.7050,1
ase_pt_1b16a124b3174a1d,TEST,OPEN,2026-07-17 05:28:52.23841+00,0.5500,106.0116,764.04,0.7050,1
ase_pt_e7789d15879a45eb,TEST,OPEN,2026-07-17 05:28:52.106102+00,0.5500,31.4039,675.51,0.7050,1
ase_pt_172a972a10174266,TEST,OPEN,2026-07-17 05:28:52.001493+00,0.5500,98.4659,1737.51,0.7050,1
ase_pt_d290c1a0e61b449f,TEST,OPEN,2026-07-17 05:28:51.865502+00,0.5500,40.5034,491.56,0.7050,1
ase_pt_374d35422d344aa3,TEST,OPEN,2026-07-17 05:28:51.569148+00,0.5500,106.2454,233.56,0.7050,1
ase_pt_5a58675379e94007,TEST,OPEN,2026-07-17 01:59:31.557126+00,0.5500,-0.3357,583.57,0.5050,8
ase_pt_23c047592c864aa6,TEST,OPEN,2026-07-17 01:59:31.390268+00,0.5500,2.5009,145.76,0.7050,6
ase_pt_e99a1c0bac7a44b8,TEST,OPEN,2026-07-17 01:59:31.082821+00,0.5500,38.1081,424.19,0.7050,5
ase_pt_752066dea78b41bf,TEST,OPEN,2026-07-17 01:59:30.821594+00,0.5500,-0.1234,232.34,0.5050,4
ase_pt_d9ff3f43e29b426f,TEST,OPEN,2026-07-17 01:59:30.646761+00,0.5500,0.6671,263.29,0.7050,2
ase_pt_0e212e6ad17744d0,TEST,OPEN,2026-07-17 01:59:30.511992+00,0.5500,106.1571,109.29,0.7050,1
ase_pt_007d3f1af7e84a77,TEST,OPEN,2026-07-17 01:59:30.181477+00,0.5500,2.7149,117.36,0.7050,2
ase_pt_b0bae41a8b684f02,TEST,OPEN,2026-07-17 01:59:29.055956+00,0.5500,95.9490,963.62,0.7050,2
ase_pt_e2d687d64f954cd6,TEST,OPEN,2026-07-17 01:59:28.799961+00,0.5500,-2.6866,726.26,0.5050,4
ase_pt_3c3d96cd00fa4b9f,TEST,OPEN,2026-07-17 01:59:28.527568+00,0.5500,-2.1196,1041.36,0.5050,4
ase_pt_9ae3a43abb114bb3,TEST,OPEN,2026-07-17 01:59:28.403694+00,0.5500,0.4493,5.94,0.7050,3
ase_pt_52db46c029b748f6,TEST,OPEN,2026-07-17 01:59:28.241202+00,0.5500,0.8582,168.83,0.7050,2
ase_pt_b17fef4b11414c67,TEST,OPEN,2026-07-17 01:59:28.094647+00,0.5500,-2.4106,761.36,0.5050,4
ase_pt_004a747141f34b53,TEST,OPEN,2026-07-17 01:59:27.329918+00,0.5500,-0.7297,162.16,0.5050,2
ase_pt_071c68cb9fa54058,TEST,OPEN,2026-07-17 01:59:26.974198+00,0.5500,-3.4584,972.84,0.5050,4
ase_pt_96c335fbcd3f4c4f,TEST,OPEN,2026-07-17 01:59:26.742967+00,0.5500,0.3838,74.09,0.7050,3
ase_pt_e0dcd7cfa0434bf4,TEST,OPEN,2026-07-17 01:59:26.665731+00,0.5500,97.7666,861.10,0.7050,2
ase_pt_ec5bbbcd384d43e0,TEST,OPEN,2026-07-17 01:59:26.58509+00,0.5500,102.9914,671.43,0.7050,2
ase_pt_bbfe78136a6145df,TEST,OPEN,2026-07-17 01:59:26.425331+00,0.5500,-0.7297,162.16,0.5050,2
ase_pt_51e1bd8493af4532,TEST,OPEN,2026-07-17 01:59:26.273917+00,0.5500,102.9914,671.43,0.7050,2
ase_pt_4e16f998994a497a,TEST,OPEN,2026-07-17 01:59:26.018998+00,0.5500,-2.7994,937.74,0.5050,4
ase_pt_3c868bba84d748be,TEST,OPEN,2026-07-17 01:59:25.847965+00,0.5500,1.6168,86.51,0.7050,4
ase_pt_14f0366b84ad46a1,TEST,OPEN,2026-07-17 01:59:25.37723+00,0.5500,2.7705,46.90,0.7050,2
ase_pt_186926e1febe450d,TEST,OPEN,2026-07-17 01:59:25.198438+00,0.5500,1.7339,21.86,0.7050,2
ase_pt_6238c50e54c64833,TEST,OPEN,2026-07-17 01:59:24.855754+00,0.5500,3.6276,466.64,0.7050,4
ase_pt_f22e95e154d94408,TEST,OPEN,2026-07-17 01:59:24.66604+00,0.5500,-2.1196,1041.36,0.5050,4
ase_pt_cdcfed298b1248b7,TEST,OPEN,2026-07-17 01:59:24.561496+00,0.5500,-2.4106,761.36,0.5050,4
ase_pt_c3b3676b3dca4053,TEST,OPEN,2026-07-17 01:59:24.09689+00,0.5500,1.3928,83.72,0.7050,3
ase_pt_cab5b30e65814c46,TEST,OPEN,2026-07-17 01:59:24.021974+00,0.5500,1.3928,83.72,0.7050,3
ase_pt_626ffd58b34e45ec,TEST,OPEN,2026-07-17 01:59:23.763194+00,0.5500,39.7884,950.81,0.7050,2
ase_pt_b6c5e61a736a4625,TEST,OPEN,2026-07-17 01:59:23.64135+00,0.5500,102.8397,429.07,0.7050,2
ase_pt_df0a266b5a764677,TEST,OPEN,2026-07-17 01:59:23.520166+00,0.5500,-3.2010,1349.70,0.5050,4
ase_pt_84bcc42a04404c1d,TEST,OPEN,2026-07-17 01:59:23.422631+00,0.5500,-2.6866,726.26,0.5050,4
ase_pt_949f8a36d9124d7b,TEST,OPEN,2026-07-17 01:59:23.270789+00,0.5500,-3.4584,972.84,0.5050,4
ase_pt_ee9d189d54294c8a,TEST,OPEN,2026-07-17 01:59:23.118208+00,0.5500,-2.4106,761.36,0.5050,4
ase_pt_e89c1dfca5f44779,TEST,OPEN,2026-07-17 01:59:23.013814+00,0.5500,-2.5882,801.12,0.5050,4
ase_pt_0e9c0584c7a24633,TEST,OPEN,2026-07-17 01:59:22.820004+00,0.5500,-4.0980,1303.00,0.5050,8
ase_pt_7de534e9fe6345cb,TEST,OPEN,2026-07-17 01:59:22.551114+00,0.5500,-2.2023,677.83,0.5050,4
ase_pt_a8b9f5ecf5284755,TEST,OPEN,2026-07-17 01:59:22.38831+00,0.5500,-2.3938,712.93,0.5050,4
ase_pt_f250e712b2084bc1,TEST,OPEN,2026-07-17 01:59:22.273945+00,0.5500,3.3566,184.64,0.7050,4
ase_pt_efa0f89d97a54617,TEST,OPEN,2026-07-17 01:59:22.140058+00,0.5500,-3.5754,946.04,0.5050,4
ase_pt_bb9a1f6f28054353,TEST,OPEN,2026-07-17 01:59:21.922553+00,0.5500,-1.7180,629.40,0.5050,4
ase_pt_731523d79fb84a33,TEST,OPEN,2026-07-17 01:59:21.697757+00,0.5500,-2.4106,761.36,0.5050,4
ase_pt_3f0dc8b2a4fd4917,TEST,OPEN,2026-07-17 01:59:21.606374+00,0.5500,0.3838,74.09,0.7050,3
ase_pt_946b75d084744dd5,TEST,OPEN,2026-07-17 01:59:21.443712+00,0.5500,-0.5215,454.43,0.5050,3
ase_pt_0dc88f03b7564659,TEST,OPEN,2026-07-17 01:59:21.316111+00,0.5500,0.8986,11.88,0.7050,6
ase_pt_df79891422ec4bf6,TEST,OPEN,2026-07-17 01:59:21.191921+00,0.5500,0.1373,0.84,0.7050,3
ase_pt_795a4febeaa54a0d,TEST,OPEN,2026-07-17 01:59:21.095588+00,0.5500,1.2069,56.13,0.7050,3
ase_pt_aa91c2601a534cca,TEST,OPEN,2026-07-17 01:59:20.959431+00,0.5500,0.7677,117.29,0.7050,3
ase_pt_aeb5d4d092ea48cc,TEST,OPEN,2026-07-17 01:59:20.858014+00,0.5500,0.2176,203.18,0.7050,3
ase_pt_5f8707ca4cb44569,TEST,OPEN,2026-07-17 01:59:20.785993+00,0.5500,0.2584,150.98,0.7050,3
ase_pt_56d2d5d48d5b4236,TEST,OPEN,2026-07-17 01:59:20.588711+00,0.5500,0.2584,150.98,0.7050,3
ase_pt_d416f4b7532c415c,TEST,OPEN,2026-07-17 01:59:20.493246+00,0.5500,-1.3478,794.78,0.5050,4
ase_pt_c8310c4a33604a82,TEST,OPEN,2026-07-17 01:59:20.286319+00,0.5500,0.4493,5.94,0.7050,3
ase_pt_873a7401af7c499b,TEST,OPEN,2026-07-17 01:59:20.171845+00,0.5500,0.4493,5.94,0.7050,3
ase_pt_2890588a8d2f4473,TEST,OPEN,2026-07-17 01:59:19.757299+00,0.5500,1.7946,250.64,0.7050,4
ase_pt_390ae52392654d73,TEST,OPEN,2026-07-17 01:59:19.576296+00,0.5500,0.6678,324.32,0.7050,4
ase_pt_8fdcc3627c754690,TEST,OPEN,2026-07-17 01:59:19.411961+00,0.5500,104.2176,902.44,0.7050,4
ase_pt_fd8f510a65cb426a,TEST,OPEN,2026-07-17 01:59:19.222134+00,0.5500,-2.1196,1041.36,0.5050,4
ase_pt_b8bb8ab33f7c4861,TEST,OPEN,2026-07-17 01:59:19.0948+00,0.5500,99.3667,1033.90,0.7050,2
ase_pt_ac4b9034cd964425,TEST,OPEN,2026-07-17 01:59:18.870552+00,0.5500,209.6075,980.39,0.7050,2
ase_pt_ff5e137172e74047,TEST,OPEN,2026-07-17 01:59:18.679327+00,0.5500,97.7666,861.10,0.7050,2
ase_pt_ea5c2ec694ed460f,TEST,OPEN,2026-07-17 01:59:18.442696+00,0.5500,102.9914,671.43,0.7050,2
ase_pt_b960fd2b68d648d3,TEST,OPEN,2026-07-17 01:59:18.344616+00,0.5500,-1.0254,570.14,0.5050,2
ase_pt_e44634809c5544e3,TEST,OPEN,2026-07-17 01:59:18.186624+00,0.5500,0.6678,324.32,0.7050,4
ase_pt_130a27a8cb9745ba,TEST,OPEN,2026-07-17 01:59:18.1325+00,0.5500,0.9392,358.48,0.7050,2
ase_pt_c36ecfd5501c47a4,TEST,OPEN,2026-07-17 01:59:18.066323+00,0.5500,0.9392,358.48,0.7050,2
ase_pt_e97315119a354c76,TEST,OPEN,2026-07-17 01:59:17.996626+00,0.5500,0.2391,217.07,0.7050,2
ase_pt_8e442eea96e1491f,TEST,OPEN,2026-07-17 01:59:17.750836+00,0.5500,-7.1139,1580.87,0.5050,2
ase_pt_25ab7424444f4a89,TEST,OPEN,2026-07-17 01:59:17.413388+00,0.5500,-7.1139,1580.87,0.5050,2
ase_pt_db747bae239b4a97,TEST,OPEN,2026-07-17 01:59:17.35607+00,0.5500,1.8670,352.22,0.7050,4
ase_pt_fada956def4e448a,TEST,OPEN,2026-07-17 01:59:17.272824+00,0.5500,0.2420,305.55,0.7050,2
ase_pt_e4b1d239379943ff,TEST,OPEN,2026-07-17 01:59:16.927608+00,0.5500,0.2391,217.07,0.7050,2
ase_pt_21edb5107520446d,TEST,OPEN,2026-07-17 01:59:16.768487+00,0.5500,0.0653,447.01,0.7050,2
ase_pt_e1ec5f6baa4d403d,TEST,OPEN,2026-07-17 01:59:16.572809+00,0.5500,0.0653,447.01,0.7050,2
ase_pt_68e54ed88e4d421b,TEST,OPEN,2026-07-17 01:59:16.494822+00,0.5500,0.3576,293.99,0.7050,2
ase_pt_b6be8e95c33a4553,TEST,OPEN,2026-07-17 01:59:16.33527+00,0.5500,-4.5609,1013.54,0.5050,2
ase_pt_f67e84675c5249a6,TEST,OPEN,2026-07-17 01:59:16.226736+00,0.5500,-4.5609,1013.54,0.5050,2
ase_pt_56e7f9a96a7e4464,TEST,OPEN,2026-07-17 01:59:16.067085+00,0.5500,0.3339,162.16,0.7050,2
ase_pt_4fd217eb3a5a4a32,TEST,OPEN,2026-07-17 01:59:16.019892+00,0.5500,-0.6647,597.66,0.5050,4
ase_pt_b3dcd42cff494334,TEST,OPEN,2026-07-17 01:59:15.912572+00,0.5500,-0.3324,298.83,0.5050,2
ase_pt_18be7899a17a4176,TEST,OPEN,2026-07-17 01:59:15.776836+00,0.5500,0.0945,191.23,0.7050,2
ase_pt_2fb28aa0a20f49b3,TEST,OPEN,2026-07-17 01:59:15.240888+00,0.5500,0.3339,162.16,0.7050,2
ase_pt_9e5cf737f8e74fa3,TEST,OPEN,2026-07-17 01:59:15.016774+00,0.5500,0.3339,162.16,0.7050,2
ase_pt_977ced069bc5425b,TEST,OPEN,2026-07-17 01:59:14.928138+00,0.5500,1.1837,67.53,0.7050,4
ase_pt_e182672b33fc4791,TEST,OPEN,2026-07-17 01:59:14.865184+00,0.5500,1.1837,67.53,0.7050,4
ase_pt_97126c75c93c44f0,TEST,OPEN,2026-07-17 01:59:14.571734+00,0.5500,2.7755,108.00,0.7050,2
ase_pt_b544d413f1fa4fbe,TEST,OPEN,2026-07-17 01:59:14.118958+00,0.5500,-1.2053,380.68,0.5050,2
ase_pt_8779236ee5114ad7,TEST,OPEN,2026-07-17 01:59:13.930146+00,0.5500,3.9773,728.12,0.7050,2
ase_pt_422c7e1be7ac41bc,TEST,OPEN,2026-07-17 01:59:13.838845+00,0.5500,2.5365,261.15,0.7050,2
ase_pt_ca738e7c12374252,TEST,OPEN,2026-07-17 01:59:13.731836+00,0.5500,0.2964,91.91,0.7050,2
ase_pt_dd6f5dcf3c9049ec,TEST,OPEN,2026-07-17 01:59:13.663716+00,0.5500,-0.9266,277.46,0.5050,2
ase_pt_e80dd2b5c261433a,TEST,OPEN,2026-07-17 01:59:13.499867+00,0.5500,-0.8590,314.70,0.5050,2
ase_pt_1d7c0f90a07c44e7,TEST,OPEN,2026-07-17 01:59:13.203754+00,0.5500,1.2750,101.30,0.7050,2
ase_pt_e8185dd214344b3d,TEST,OPEN,2026-07-17 01:59:13.06755+00,0.5500,0.0270,177.15,0.6590,2
ase_pt_f5348162a2d24340,TEST,OPEN,2026-07-17 01:59:12.939177+00,0.5500,0.8582,168.83,0.7050,2
ase_pt_c83827516c75413d,TEST,OPEN,2026-07-17 01:59:12.808624+00,0.5500,2.7755,108.00,0.7050,2
ase_pt_77c6e57b3a1446b9,TEST,OPEN,2026-07-17 01:59:12.726973+00,0.5500,-1.2053,380.68,0.5050,2
ase_pt_9d1f3d6be1de42e7,TEST,OPEN,2026-07-17 01:59:12.650974+00,0.5500,3.9773,728.12,0.7050,2
ase_pt_d364f8772e634ea2,TEST,OPEN,2026-07-17 01:59:12.526208+00,0.5500,2.5365,261.15,0.7050,2
ase_pt_b0a34de8bfd04d85,TEST,OPEN,2026-07-17 01:59:12.375318+00,0.5500,0.2964,91.91,0.7050,2
ase_pt_5e49d8edae1c4bb5,TEST,OPEN,2026-07-17 01:59:12.296821+00,0.5500,-0.9266,277.46,0.5050,2
ase_pt_e8d8f110ca2e46ea,TEST,OPEN,2026-07-17 01:59:12.126938+00,0.5500,-0.8590,314.70,0.5050,2
ase_pt_cbd5bf81793446d7,TEST,OPEN,2026-07-17 01:59:11.580247+00,0.5500,1.2750,101.30,0.7050,2
ase_pt_161362eb9c554659,TEST,OPEN,2026-07-17 01:59:11.473988+00,0.5500,0.0270,177.15,0.6590,2
ase_pt_bc60609866cf4c0f,TEST,OPEN,2026-07-17 01:59:11.417429+00,0.5500,0.8582,168.83,0.7050,2
ase_pt_3847e37dbe01457c,TEST,OPEN,2026-07-17 01:59:11.174262+00,0.5500,-7.1139,1580.87,0.5050,2
ase_pt_3b1a8014c6fc4dd2,TEST,OPEN,2026-07-17 01:59:11.044992+00,0.5500,-7.1139,1580.87,0.5050,2
ase_pt_f8bf64f3692e4ea8,TEST,OPEN,2026-07-17 01:59:10.703972+00,0.5500,39.3476,100.04,0.7050,1
ase_pt_e5ccc8f977734766,TEST,OPEN,2026-07-17 01:59:10.634102+00,0.5500,106.0116,764.04,0.7050,1
ase_pt_6b35e0a20e884b30,TEST,OPEN,2026-07-17 01:59:10.545419+00,0.5500,31.4039,675.51,0.7050,1
ase_pt_a9753a5b1a1b4f5e,TEST,OPEN,2026-07-17 01:59:10.449838+00,0.5500,98.4659,1737.51,0.7050,1
ase_pt_9089a990edab441c,TEST,OPEN,2026-07-17 01:59:10.293047+00,0.5500,40.5034,491.56,0.7050,1
ase_pt_b4fa0790417d42e0,TEST,OPEN,2026-07-17 01:59:09.990656+00,0.5500,106.2454,233.56,0.7050,1
ase_pt_e4fbd56c2fba44d5,TEST,OPEN,2026-07-17 01:58:34.44395+00,0.5500,-0.3357,583.57,0.5050,8
ase_pt_274b14eb2f984158,TEST,OPEN,2026-07-17 01:58:34.14123+00,0.5500,2.5009,145.76,0.7050,6
ase_pt_bbd9a12dae4b4160,TEST,OPEN,2026-07-17 01:58:33.766955+00,0.5500,38.1081,424.19,0.7050,5
ase_pt_40462d8d32c14ee9,TEST,OPEN,2026-07-17 01:58:33.661593+00,0.5500,-0.1234,232.34,0.5050,4
ase_pt_e2ba930eaa534393,TEST,OPEN,2026-07-17 01:58:33.548257+00,0.5500,0.6671,263.29,0.7050,2
ase_pt_4d0273c3681a4f01,TEST,OPEN,2026-07-17 01:58:33.436739+00,0.5500,106.1571,109.29,0.7050,1
ase_pt_931dd6df28c1477d,TEST,OPEN,2026-07-17 01:58:33.35738+00,0.5500,2.7149,117.36,0.7050,2
ase_pt_f756f793419d420f,TEST,OPEN,2026-07-17 01:58:33.289413+00,0.5500,95.9490,963.62,0.7050,2
ase_pt_6eeb91756b384821,TEST,OPEN,2026-07-17 01:58:33.210136+00,0.5500,-2.6866,726.26,0.5050,4
ase_pt_9aa23c0340c74068,TEST,OPEN,2026-07-17 01:58:33.090291+00,0.5500,-2.1196,1041.36,0.5050,4
ase_pt_02fefa8de1fa4313,TEST,OPEN,2026-07-17 01:58:32.95818+00,0.5500,0.4493,5.94,0.7050,3
ase_pt_d2435f0b6b9843e7,TEST,OPEN,2026-07-17 01:58:32.874734+00,0.5500,0.8582,168.83,0.7050,2
ase_pt_e0a6c5ea0c7841ed,TEST,OPEN,2026-07-17 01:58:32.796136+00,0.5500,-2.4106,761.36,0.5050,4
ase_pt_57dc0fe985a24f4f,TEST,OPEN,2026-07-17 01:58:32.692278+00,0.5500,-0.7297,162.16,0.5050,2
ase_pt_e42209c2003d4359,TEST,OPEN,2026-07-17 01:58:32.624652+00,0.5500,-3.4584,972.84,0.5050,4
ase_pt_93a3a93c4f9f4e12,TEST,OPEN,2026-07-17 01:58:32.509698+00,0.5500,0.3838,74.09,0.7050,3
ase_pt_1170d8dc89b04e2d,TEST,OPEN,2026-07-17 01:58:32.284001+00,0.5500,97.7666,861.10,0.7050,2
ase_pt_0f937b112584409c,TEST,OPEN,2026-07-17 01:58:32.214648+00,0.5500,102.9914,671.43,0.7050,2
ase_pt_7da7c3b4e64846b4,TEST,OPEN,2026-07-17 01:58:32.102728+00,0.5500,-0.7297,162.16,0.5050,2
ase_pt_aaac37a07a91407d,TEST,OPEN,2026-07-17 01:58:32.010492+00,0.5500,102.9914,671.43,0.7050,2
ase_pt_3d55b52d40e74304,TEST,OPEN,2026-07-17 01:58:31.685913+00,0.5500,-2.7994,937.74,0.5050,4
ase_pt_52a1199441b842c2,TEST,OPEN,2026-07-17 01:58:31.600662+00,0.5500,1.6168,86.51,0.7050,4
ase_pt_76488e2737934974,TEST,OPEN,2026-07-17 01:58:31.485112+00,0.5500,2.7705,46.90,0.7050,2
ase_pt_fe02671f0c3b4c14,TEST,OPEN,2026-07-17 01:58:31.388542+00,0.5500,1.7339,21.86,0.7050,2
ase_pt_fb84854ccb4f40ab,TEST,OPEN,2026-07-17 01:58:31.300344+00,0.5500,3.6276,466.64,0.7050,4
ase_pt_a1c8e3c5b81941d4,TEST,OPEN,2026-07-17 01:58:31.139838+00,0.5500,-2.1196,1041.36,0.5050,4
ase_pt_f8dc673d2e074d35,TEST,OPEN,2026-07-17 01:58:30.975891+00,0.5500,-2.4106,761.36,0.5050,4
ase_pt_7c43d64b976b406e,TEST,OPEN,2026-07-17 01:58:30.729077+00,0.5500,1.3928,83.72,0.7050,3
ase_pt_e2c2f6a10bdb4b99,TEST,OPEN,2026-07-17 01:58:30.458607+00,0.5500,1.3928,83.72,0.7050,3
ase_pt_662b1d2e3f3b4a8c,TEST,OPEN,2026-07-17 01:58:30.093006+00,0.5500,39.7884,950.81,0.7050,2
ase_pt_e79f6d8cdfbc417d,TEST,OPEN,2026-07-17 01:58:30.027766+00,0.5500,102.8397,429.07,0.7050,2
ase_pt_64cba35090f74aaf,TEST,OPEN,2026-07-17 01:58:29.785535+00,0.5500,-3.2010,1349.70,0.5050,4
ase_pt_2a71b6dad9324f42,TEST,OPEN,2026-07-17 01:58:29.629972+00,0.5500,-2.6866,726.26,0.5050,4
ase_pt_0c5895db0d4c4a51,TEST,OPEN,2026-07-17 01:58:29.561524+00,0.5500,-3.4584,972.84,0.5050,4
ase_pt_033247baa7c14f4a,TEST,OPEN,2026-07-17 01:58:29.391902+00,0.5500,-2.4106,761.36,0.5050,4
ase_pt_41fa6adf243d4784,TEST,OPEN,2026-07-17 01:58:29.200991+00,0.5500,-2.5882,801.12,0.5050,4
ase_pt_5b48b5fc0a3f40de,TEST,OPEN,2026-07-17 01:58:29.090345+00,0.5500,-4.0980,1303.00,0.5050,8
ase_pt_e8ac703556ed4ca8,TEST,OPEN,2026-07-17 01:58:28.948303+00,0.5500,-2.2023,677.83,0.5050,4
ase_pt_651c3abf1f1f4b08,TEST,OPEN,2026-07-17 01:58:28.73607+00,0.5500,-2.3938,712.93,0.5050,4
ase_pt_24d5f67c97a24cf4,TEST,OPEN,2026-07-17 01:58:28.649508+00,0.5500,3.3566,184.64,0.7050,4
ase_pt_2af95b3f1e834dbb,TEST,OPEN,2026-07-17 01:58:28.476302+00,0.5500,-3.5754,946.04,0.5050,4
ase_pt_32be02a6f8b348be,TEST,OPEN,2026-07-17 01:58:28.23664+00,0.5500,-1.7180,629.40,0.5050,4
ase_pt_0dd0cca698e3471b,TEST,OPEN,2026-07-17 01:58:28.116115+00,0.5500,-2.4106,761.36,0.5050,4
ase_pt_48205beec76749a1,TEST,OPEN,2026-07-17 01:58:27.875208+00,0.5500,0.3838,74.09,0.7050,3
ase_pt_81d56157029f4bbc,TEST,OPEN,2026-07-17 01:58:27.760302+00,0.5500,-0.5215,454.43,0.5050,3
ase_pt_071adb86c61641aa,TEST,OPEN,2026-07-17 01:58:27.617797+00,0.5500,0.8986,11.88,0.7050,6
ase_pt_b592a8277a61404c,TEST,OPEN,2026-07-17 01:58:27.446462+00,0.5500,0.1373,0.84,0.7050,3
ase_pt_d6e7b562298d4374,TEST,OPEN,2026-07-17 01:58:27.226992+00,0.5500,1.2069,56.13,0.7050,3
ase_pt_5bab2972c84849cd,TEST,OPEN,2026-07-17 01:58:27.011881+00,0.5500,0.7677,117.29,0.7050,3
ase_pt_713448510d67452d,TEST,OPEN,2026-07-17 01:58:25.691879+00,0.5500,0.2176,203.18,0.7050,3
ase_pt_6117d75ace464771,TEST,OPEN,2026-07-17 01:58:25.484692+00,0.5500,0.2584,150.98,0.7050,3
ase_pt_61db83e800514e09,TEST,OPEN,2026-07-17 01:58:25.168365+00,0.5500,0.2584,150.98,0.7050,3
ase_pt_f7e0e8d95161439f,TEST,OPEN,2026-07-17 01:58:24.968365+00,0.5500,-1.3478,794.78,0.5050,4
ase_pt_001f7af9440e43f5,TEST,OPEN,2026-07-17 01:58:24.779604+00,0.5500,0.4493,5.94,0.7050,3
ase_pt_2fc2f3bd813c4201,TEST,OPEN,2026-07-17 01:58:24.606361+00,0.5500,0.4493,5.94,0.7050,3
ase_pt_c7a2f3b519e24441,TEST,OPEN,2026-07-17 01:58:24.39706+00,0.5500,1.7946,250.64,0.7050,4
ase_pt_b2ca50de093b4563,TEST,OPEN,2026-07-17 01:58:24.272376+00,0.5500,0.6678,324.32,0.7050,4
ase_pt_57079b3931a14d23,TEST,OPEN,2026-07-17 01:58:23.8444+00,0.5500,104.2176,902.44,0.7050,4
ase_pt_bce325b6dbd949b5,TEST,OPEN,2026-07-17 01:58:23.720304+00,0.5500,-2.1196,1041.36,0.5050,4
ase_pt_7a7c2d1c8e31410e,TEST,OPEN,2026-07-17 01:58:23.400259+00,0.5500,99.3667,1033.90,0.7050,2
ase_pt_61163c0323cd45fc,TEST,OPEN,2026-07-17 01:58:23.134503+00,0.5500,209.6075,980.39,0.7050,2
ase_pt_072a3bfdbe32476a,TEST,OPEN,2026-07-17 01:58:22.839548+00,0.5500,97.7666,861.10,0.7050,2
ase_pt_00a319c736ae4b1d,TEST,OPEN,2026-07-17 01:58:22.693165+00,0.5500,102.9914,671.43,0.7050,2
ase_pt_328f936a7b994ec1,TEST,OPEN,2026-07-17 01:58:22.412451+00,0.5500,-1.0254,570.14,0.5050,2
ase_pt_28ea289d06244a2c,TEST,OPEN,2026-07-17 01:58:22.192593+00,0.5500,0.6678,324.32,0.7050,4
ase_pt_aa854a4440c0485e,TEST,OPEN,2026-07-17 01:58:21.765168+00,0.5500,0.9392,358.48,0.7050,2
ase_pt_0696a7501e5a4b86,TEST,OPEN,2026-07-17 01:58:21.62347+00,0.5500,0.9392,358.48,0.7050,2
ase_pt_e24cb20825964481,TEST,OPEN,2026-07-17 01:58:21.467683+00,0.5500,0.2391,217.07,0.7050,2
ase_pt_82ada73b5e58432a,TEST,OPEN,2026-07-17 01:58:21.257058+00,0.5500,-7.1139,1580.87,0.5050,2
ase_pt_56ec12c833d3410d,TEST,OPEN,2026-07-17 01:58:21.201977+00,0.5500,-7.1139,1580.87,0.5050,2
ase_pt_79e593a33bc8450e,TEST,OPEN,2026-07-17 01:58:21.003509+00,0.5500,1.8670,352.22,0.7050,4
ase_pt_468a12d81bfa4bbe,TEST,OPEN,2026-07-17 01:58:20.941188+00,0.5500,0.2420,305.55,0.7050,2
ase_pt_25965cdfc2b84bb7,TEST,OPEN,2026-07-17 01:58:20.562727+00,0.5500,0.2391,217.07,0.7050,2
ase_pt_1cdfe82457184b5e,TEST,OPEN,2026-07-17 01:58:20.38576+00,0.5500,0.0653,447.01,0.7050,2
ase_pt_d76fb2bccf7b4907,TEST,OPEN,2026-07-17 01:58:20.310038+00,0.5500,0.0653,447.01,0.7050,2
ase_pt_e11d456d41a84455,TEST,OPEN,2026-07-17 01:58:20.235792+00,0.5500,0.3576,293.99,0.7050,2
ase_pt_413893ee62984e99,TEST,OPEN,2026-07-17 01:58:20.012399+00,0.5500,-4.5609,1013.54,0.5050,2
ase_pt_583071390312407f,TEST,OPEN,2026-07-17 01:58:19.849149+00,0.5500,-4.5609,1013.54,0.5050,2
ase_pt_348d05419ab448e7,TEST,OPEN,2026-07-17 01:58:19.74484+00,0.5500,0.3339,162.16,0.7050,2
ase_pt_76bbcd4f1f4f4321,TEST,OPEN,2026-07-17 01:58:19.663561+00,0.5500,-0.6647,597.66,0.5050,4
ase_pt_e1b81c458fdd4e71,TEST,OPEN,2026-07-17 01:58:19.380993+00,0.5500,-0.3324,298.83,0.5050,2
ase_pt_30c9f7f099f04656,TEST,OPEN,2026-07-17 01:58:19.259351+00,0.5500,0.0945,191.23,0.7050,2
ase_pt_922c42b2e24d4fb5,TEST,OPEN,2026-07-17 01:58:19.135972+00,0.5500,0.3339,162.16,0.7050,2
ase_pt_99cb0be7029b4a82,TEST,OPEN,2026-07-17 01:58:18.960895+00,0.5500,0.3339,162.16,0.7050,2
ase_pt_2b6fcc40f3494051,TEST,OPEN,2026-07-17 01:58:18.838491+00,0.5500,1.1837,67.53,0.7050,4
ase_pt_b31a4d1261f343e9,TEST,OPEN,2026-07-17 01:58:18.691093+00,0.5500,1.1837,67.53,0.7050,4
ase_pt_9f12756001424bb1,TEST,OPEN,2026-07-17 01:58:18.292515+00,0.5500,2.7755,108.00,0.7050,2
ase_pt_01fef25551624710,TEST,OPEN,2026-07-17 01:58:18.088417+00,0.5500,-1.2053,380.68,0.5050,2
ase_pt_3a64d9fcbff1414d,TEST,OPEN,2026-07-17 01:58:17.825764+00,0.5500,3.9773,728.12,0.7050,2
ase_pt_1aeab363df7b46d9,TEST,OPEN,2026-07-17 01:58:17.764029+00,0.5500,2.5365,261.15,0.7050,2
ase_pt_1f5c6dbfe19748df,TEST,OPEN,2026-07-17 01:58:17.641509+00,0.5500,0.2964,91.91,0.7050,2
ase_pt_40905bcdfaae4348,TEST,OPEN,2026-07-17 01:58:17.555956+00,0.5500,-0.9266,277.46,0.5050,2
ase_pt_bf38b5588ca045ca,TEST,OPEN,2026-07-17 01:58:17.471463+00,0.5500,-0.8590,314.70,0.5050,2
ase_pt_36741c707c0f4b62,TEST,OPEN,2026-07-17 01:58:17.340728+00,0.5500,1.2750,101.30,0.7050,2
ase_pt_38c8440699ab4e45,TEST,OPEN,2026-07-17 01:58:17.258841+00,0.5500,0.0270,177.15,0.6590,2
ase_pt_19d58ab0083c4d4e,TEST,OPEN,2026-07-17 01:58:17.162931+00,0.5500,0.8582,168.83,0.7050,2
ase_pt_549092c247454f84,TEST,OPEN,2026-07-17 01:58:17.091973+00,0.5500,2.7755,108.00,0.7050,2
ase_pt_bda5c6e34e8646be,TEST,OPEN,2026-07-17 01:58:17.005368+00,0.5500,-1.2053,380.68,0.5050,2
ase_pt_0ee34056a5ba483e,TEST,OPEN,2026-07-17 01:58:16.925079+00,0.5500,3.9773,728.12,0.7050,2
ase_pt_3c7ddbca75b940eb,TEST,OPEN,2026-07-17 01:58:16.797823+00,0.5500,2.5365,261.15,0.7050,2
ase_pt_8fc139721c9c4d94,TEST,OPEN,2026-07-17 01:58:16.65485+00,0.5500,0.2964,91.91,0.7050,2
ase_pt_efe0d09f127f4b5e,TEST,OPEN,2026-07-17 01:58:16.588811+00,0.5500,-0.9266,277.46,0.5050,2
ase_pt_259c9ec7c0bb44ad,TEST,OPEN,2026-07-17 01:58:16.530058+00,0.5500,-0.8590,314.70,0.5050,2
ase_pt_81d385620a0340d0,TEST,OPEN,2026-07-17 01:58:16.468921+00,0.5500,1.2750,101.30,0.7050,2
ase_pt_90aebf88d50e4c5e,TEST,OPEN,2026-07-17 01:58:16.386998+00,0.5500,0.0270,177.15,0.6590,2
ase_pt_ab7790faa1c546cf,TEST,OPEN,2026-07-17 01:58:16.301297+00,0.5500,0.8582,168.83,0.7050,2
ase_pt_426a457a5c514b82,TEST,OPEN,2026-07-17 01:58:16.085037+00,0.5500,-7.1139,1580.87,0.5050,2
ase_pt_2131ca79b52849e6,TEST,OPEN,2026-07-17 01:58:16.013875+00,0.5500,-7.1139,1580.87,0.5050,2
ase_pt_5777f328ee784956,TEST,OPEN,2026-07-17 01:58:15.627975+00,0.5500,39.3476,100.04,0.7050,1
ase_pt_09120c21e9ab423c,TEST,OPEN,2026-07-17 01:58:15.488734+00,0.5500,106.0116,764.04,0.7050,1
ase_pt_b81ee0040f7d4f04,TEST,OPEN,2026-07-17 01:58:15.421556+00,0.5500,31.4039,675.51,0.7050,1
ase_pt_3795820de110476a,TEST,OPEN,2026-07-17 01:58:15.358676+00,0.5500,98.4659,1737.51,0.7050,1
ase_pt_82123c62b1164c60,TEST,OPEN,2026-07-17 01:58:14.959715+00,0.5500,40.5034,491.56,0.7050,1
ase_pt_31a61421b62646dc,TEST,OPEN,2026-07-17 01:58:14.594377+00,0.5500,106.2454,233.56,0.7050,1
ase_pt_e5231e71990f4568,AAPL,OPEN,2026-07-17 01:36:33.682996+00,0.5200,1.0000,960.00,58.0000,3
ase_pt_441256588f4a4d41,AAPL,OPEN,2026-07-17 01:36:33.645003+00,0.5200,1.0000,805.65,58.0000,2
ase_pt_413ea62f4d2f4494,AAPL,OPEN,2026-07-17 01:36:33.614699+00,0.5200,1.0000,1179.57,58.0000,2
ase_pt_d08c204af0aa4d79,AAPL,OPEN,2026-07-17 01:36:33.582657+00,0.5200,1.0000,811.00,58.0000,4
ase_pt_bacc84d4772d447c,AAPL,OPEN,2026-07-17 01:36:33.550787+00,0.5200,1.0000,265.00,58.0000,3
ase_pt_14f3d29356e1406e,AAPL,OPEN,2026-07-17 01:36:33.519311+00,0.5200,1.0000,560.00,58.0000,2
ase_pt_0b70f91107a2450c,AAPL,OPEN,2026-07-17 01:36:33.488644+00,0.5200,1.0000,225.00,58.0000,2
ase_pt_ea65248f920c4afd,AAPL,OPEN,2026-07-17 01:36:33.454421+00,0.5200,1.0000,690.00,58.0000,2
ase_pt_128484047a824332,AAPL,OPEN,2026-07-17 01:36:33.422326+00,0.5200,1.0000,795.00,58.0000,2
ase_pt_f81f75f7f93c45bd,AAPL,OPEN,2026-07-17 01:36:33.390823+00,0.5200,1.0000,725.00,58.0000,1
ase_pt_425af45e774a4d75,AAPL,OPEN,2026-07-17 01:36:33.196458+00,0.5500,1.2000,570.00,63.0000,2
ase_pt_6cb43827aca54901,AAPL,OPEN,2026-07-17 01:32:55.435719+00,0.5200,1.0000,960.00,58.0000,3
ase_pt_f03d8213adaf4693,AAPL,OPEN,2026-07-17 01:32:55.4061+00,0.5200,1.0000,805.65,58.0000,2
ase_pt_c9285bac7ab4456a,AAPL,OPEN,2026-07-17 01:32:55.375859+00,0.5200,1.0000,1179.57,58.0000,2
ase_pt_bdd79945f43049f0,AAPL,OPEN,2026-07-17 01:32:55.346814+00,0.5200,1.0000,811.00,58.0000,4
ase_pt_bf1cf12068b3467c,AAPL,OPEN,2026-07-17 01:32:55.315618+00,0.5200,1.0000,265.00,58.0000,3
ase_pt_16386550e4ec40a8,AAPL,OPEN,2026-07-17 01:32:55.282104+00,0.5200,1.0000,560.00,58.0000,2
ase_pt_117a109ec5dd4070,AAPL,OPEN,2026-07-17 01:32:55.251643+00,0.5200,1.0000,225.00,58.0000,2
ase_pt_f90caba5eb23474c,AAPL,OPEN,2026-07-17 01:32:55.221466+00,0.5200,1.0000,690.00,58.0000,2
ase_pt_06792981111b4143,AAPL,OPEN,2026-07-17 01:32:55.189311+00,0.5200,1.0000,795.00,58.0000,2
ase_pt_35fc776144e54a4b,AAPL,OPEN,2026-07-17 01:32:55.161612+00,0.5200,1.0000,725.00,58.0000,1
ase_pt_c07afef2857d49ed,AAPL,OPEN,2026-07-17 01:32:55.120723+00,0.5500,1.2000,570.00,63.0000,2
ase_pt_1c70e2ed36e748c0,AAPL,OPEN,2026-07-17 01:32:06.424483+00,0.5200,1.0000,960.00,58.0000,3
ase_pt_fe5c39faa9ff45bb,AAPL,OPEN,2026-07-17 01:32:06.389612+00,0.5200,1.0000,805.65,58.0000,2
ase_pt_f417c1e1b7594d6f,AAPL,OPEN,2026-07-17 01:32:06.357699+00,0.5200,1.0000,1179.57,58.0000,2
ase_pt_341bcf3e6977437d,AAPL,OPEN,2026-07-17 01:32:06.323925+00,0.5200,1.0000,811.00,58.0000,4
ase_pt_dc09b5d14ef44603,AAPL,OPEN,2026-07-17 01:32:06.290942+00,0.5200,1.0000,265.00,58.0000,3
ase_pt_50cee139dd5f4d1b,AAPL,OPEN,2026-07-17 01:32:06.257596+00,0.5200,1.0000,560.00,58.0000,2
ase_pt_556516fdaa6346da,AAPL,OPEN,2026-07-17 01:32:06.226287+00,0.5200,1.0000,225.00,58.0000,2
ase_pt_e93e30f16e154e46,AAPL,OPEN,2026-07-17 01:32:06.193952+00,0.5200,1.0000,690.00,58.0000,2
ase_pt_9348885232d04d4e,AAPL,OPEN,2026-07-17 01:32:06.161879+00,0.5200,1.0000,795.00,58.0000,2
ase_pt_99857ff17e444244,AAPL,OPEN,2026-07-17 01:32:06.119568+00,0.5200,1.0000,725.00,58.0000,1
ase_pt_ecffd21d1e71478d,AAPL,OPEN,2026-07-17 01:32:05.807977+00,0.5500,1.2000,570.00,63.0000,2
ase_pt_recov60bef90e,RECOV,OPEN,2026-07-17 00:42:35.552815+00,,,,,
ase_pt_dupe331cd94,DEDUP,OPEN,2026-07-17 00:42:35.459799+00,,,,,
ase_pt_recov4553d966,RECOV,OPEN,2026-07-17 00:33:56.370518+00,,,,,
ase_pt_dup19eec447,DEDUP,OPEN,2026-07-17 00:33:56.202756+00,,,,,
6722442a-9163-4788-9373-f65269b94b91,IDEM,OPEN,2026-07-17 00:01:08.052464+00,,,,,
b03130d2-0cee-4f93-824d-d6f11d7cc728,RECOV,OPEN,2026-07-17 00:01:07.477886+00,,,,,
20157ae9-32da-45fc-a9d9-e752ebf0e648,IDEM,OPEN,2026-07-17 00:00:56.536283+00,,,,,
ff3d3060-01e3-4dbf-b1e0-3bee598f98b8,RECOV,OPEN,2026-07-17 00:00:56.158979+00,,,,,
7177564a-d89b-4df9-acf8-185a039cb988,IDEM,OPEN,2026-07-16 23:57:08.341967+00,,,,,
54237336-78d6-47d1-8953-099fe6c47cc6,RECOV,OPEN,2026-07-16 23:57:08.199502+00,,,,,
e82cc1c4-4c6c-4274-b5ec-b30516055bd0,IDEM,OPEN,2026-07-16 23:56:56.739888+00,,,,,
dd6e38d0-d15c-40a1-8e3a-ec7761f207db,RECOV,OPEN,2026-07-16 23:56:56.588111+00,,,,,
92641d00-8109-4e8c-ae63-38f7783c5e2d,IDEM,OPEN,2026-07-16 23:55:56.148724+00,,,,,
9e0071ca-52f1-4169-bd60-0464cb0d9dc0,RECOV,OPEN,2026-07-16 23:55:56.059215+00,,,,,
d40e1619-1e97-44d2-a419-7cfcc9538d77,IDEM,OPEN,2026-07-16 23:55:48.080005+00,,,,,
b871c129-50c6-4b17-be21-d0c07c524b75,RECOV,OPEN,2026-07-16 23:55:47.833788+00,,,,,
881a3b77-faa9-42dd-9dc0-6b8300bf16b0,IDEM,OPEN,2026-07-16 23:50:51.31647+00,,,,,
3b6432ea-d919-47f2-9879-748010521be4,RECOV,OPEN,2026-07-16 23:50:51.165988+00,,,,,
