id,paper_trade_id,ratio,buy_or_sell,asset_type
11,1d29561d-5b13-4486-8cc9-f051b26656f9,1,BUY,OPTION
12,1d29561d-5b13-4486-8cc9-f051b26656f9,1,SELL,OPTION
21,24ea4da9-5c39-4871-8f1d-7e0212849731,1,BUY,OPTION
22,24ea4da9-5c39-4871-8f1d-7e0212849731,1,SELL,OPTION
19,33a502ce-2ae8-43dc-8710-5ca457e9eee8,1,BUY,OPTION
20,33a502ce-2ae8-43dc-8710-5ca457e9eee8,1,SELL,OPTION
13,36606418-e378-45a2-87b3-b2959cd9988f,1,BUY,OPTION
14,36606418-e378-45a2-87b3-b2959cd9988f,1,SELL,OPTION
25,3944b42c-70ef-4058-badb-a64c343f05e2,1,BUY,OPTION
26,3944b42c-70ef-4058-badb-a64c343f05e2,1,SELL,OPTION
15,7965de94-34d8-4491-81d7-0c88772f5308,1,BUY,OPTION
16,7965de94-34d8-4491-81d7-0c88772f5308,1,SELL,OPTION
23,8089be1d-7f58-4384-8d00-cf16ee52359e,1,BUY,OPTION
24,8089be1d-7f58-4384-8d00-cf16ee52359e,1,SELL,OPTION
17,84263723-68b6-4b8b-8829-238f462538aa,1,BUY,OPTION
18,84263723-68b6-4b8b-8829-238f462538aa,1,SELL,OPTION
241,ase_pt_001f7af9440e43f5,1,LONG,PUT
242,ase_pt_001f7af9440e43f5,2,SHORT,PUT
243,ase_pt_001f7af9440e43f5,1,LONG,PUT
699,ase_pt_004a747141f34b53,1,LONG,CALL
700,ase_pt_004a747141f34b53,1,SHORT,CALL
720,ase_pt_007d3f1af7e84a77,1,LONG,PUT
721,ase_pt_007d3f1af7e84a77,1,SHORT,PUT
214,ase_pt_00a319c736ae4b1d,1,LONG,CALL
215,ase_pt_00a319c736ae4b1d,1,LONG,PUT
2030,ase_pt_00aa4dfd26224440,1,LONG,CALL
2031,ase_pt_00aa4dfd26224440,2,SHORT,CALL
2032,ase_pt_00aa4dfd26224440,1,LONG,CALL
1286,ase_pt_00ab5dd704f449f7,1,SHORT,PUT
1287,ase_pt_00ab5dd704f449f7,1,SHORT,CALL
1288,ase_pt_00ab5dd704f449f7,1,LONG,PUT
1289,ase_pt_00ab5dd704f449f7,1,LONG,CALL
766,ase_pt_00b9fcf63ec84443,1,SHORT,CALL
767,ase_pt_00b9fcf63ec84443,1,LONG,CALL
2122,ase_pt_01bff1e9f1a94d9b,1,LONG,CALL
2123,ase_pt_01bff1e9f1a94d9b,1,LONG,PUT
1756,ase_pt_01cb82e33a8c4e04,1,LONG,PUT
1757,ase_pt_01cb82e33a8c4e04,1,SHORT,PUT
1758,ase_pt_01cb82e33a8c4e04,1,SHORT,CALL
1759,ase_pt_01cb82e33a8c4e04,1,LONG,CALL
1365,ase_pt_01eead446acc456b,1,LONG,PUT
1366,ase_pt_01eead446acc456b,1,SHORT,PUT
1367,ase_pt_01eead446acc456b,1,SHORT,CALL
1368,ase_pt_01eead446acc456b,1,LONG,CALL
154,ase_pt_01fef25551624710,1,SHORT,PUT
155,ase_pt_01fef25551624710,1,LONG,PUT
1362,ase_pt_02879b05ff214e47,1,LONG,CALL
1217,ase_pt_02d0d9913754443c,1,LONG,CALL
1218,ase_pt_02d0d9913754443c,2,SHORT,CALL
1219,ase_pt_02d0d9913754443c,1,LONG,CALL
387,ase_pt_02fefa8de1fa4313,1,LONG,CALL
388,ase_pt_02fefa8de1fa4313,2,SHORT,CALL
389,ase_pt_02fefa8de1fa4313,1,LONG,CALL
314,ase_pt_033247baa7c14f4a,1,LONG,PUT
315,ase_pt_033247baa7c14f4a,1,SHORT,PUT
316,ase_pt_033247baa7c14f4a,1,SHORT,CALL
317,ase_pt_033247baa7c14f4a,1,LONG,CALL
1928,ase_pt_0341f5cb79124671,1,SHORT,CALL
1929,ase_pt_0341f5cb79124671,1,LONG,CALL
903,ase_pt_03849d666efe4824,1,LONG,CALL
904,ase_pt_03849d666efe4824,2,SHORT,CALL
905,ase_pt_03849d666efe4824,1,LONG,CALL
1503,ase_pt_03e63508f3af489f,1,LONG,CALL
1504,ase_pt_03e63508f3af489f,2,LONG,PUT
1549,ase_pt_0410e0d5f8af4361,1,LONG,PUT
1576,ase_pt_046547bd9a204f91,1,LONG,PUT
1577,ase_pt_046547bd9a204f91,1,SHORT,PUT
820,ase_pt_04f4c3ecbe4a4039,1,SHORT,CALL
821,ase_pt_04f4c3ecbe4a4039,1,LONG,CALL
1457,ase_pt_06138b3b65da4af9,1,SHORT,CALL
1458,ase_pt_06138b3b65da4af9,1,LONG,CALL
1459,ase_pt_06138b3b65da4af9,1,SHORT,PUT
1460,ase_pt_06138b3b65da4af9,1,LONG,PUT
61,ase_pt_06792981111b4143,1,LONG,CALL
62,ase_pt_06792981111b4143,1,SHORT,CALL
204,ase_pt_0696a7501e5a4b86,1,LONG,CALL
205,ase_pt_0696a7501e5a4b86,1,SHORT,CALL
1728,ase_pt_06edc199b341480c,1,SHORT,PUT
1729,ase_pt_06edc199b341480c,1,LONG,PUT
1730,ase_pt_06edc199b341480c,1,LONG,CALL
1731,ase_pt_06edc199b341480c,1,SHORT,CALL
266,ase_pt_071adb86c61641aa,1,LONG,CALL
267,ase_pt_071adb86c61641aa,2,SHORT,CALL
268,ase_pt_071adb86c61641aa,1,LONG,CALL
269,ase_pt_071adb86c61641aa,1,LONG,PUT
270,ase_pt_071adb86c61641aa,2,SHORT,PUT
271,ase_pt_071adb86c61641aa,1,LONG,PUT
695,ase_pt_071c68cb9fa54058,1,LONG,PUT
696,ase_pt_071c68cb9fa54058,1,SHORT,PUT
697,ase_pt_071c68cb9fa54058,1,SHORT,CALL
698,ase_pt_071c68cb9fa54058,1,LONG,CALL
1642,ase_pt_071dfaed07c840a7,1,LONG,CALL
1643,ase_pt_071dfaed07c840a7,1,SHORT,CALL
216,ase_pt_072a3bfdbe32476a,1,LONG,CALL
217,ase_pt_072a3bfdbe32476a,1,LONG,PUT
784,ase_pt_072d99d8825b437b,1,SHORT,PUT
785,ase_pt_072d99d8825b437b,1,LONG,PUT
1992,ase_pt_07b1b4e5014545b3,1,LONG,CALL
1993,ase_pt_07b1b4e5014545b3,1,SHORT,CALL
1994,ase_pt_07b1b4e5014545b3,1,LONG,PUT
1995,ase_pt_07b1b4e5014545b3,1,SHORT,PUT
760,ase_pt_07bdcfff5f604dac,1,LONG,CALL
761,ase_pt_07bdcfff5f604dac,1,SHORT,CALL
1043,ase_pt_08179cf977334df3,1,LONG,CALL
1044,ase_pt_08179cf977334df3,1,SHORT,CALL
1840,ase_pt_085f5f6f88514de6,1,LONG,CALL
1858,ase_pt_0910e43b7e134256,1,LONG,PUT
1859,ase_pt_0910e43b7e134256,1,SHORT,PUT
1860,ase_pt_0910e43b7e134256,1,SHORT,CALL
1861,ase_pt_0910e43b7e134256,1,LONG,CALL
1862,ase_pt_0910e43b7e134256,1,LONG,PUT
1863,ase_pt_0910e43b7e134256,1,SHORT,PUT
1864,ase_pt_0910e43b7e134256,1,SHORT,CALL
1865,ase_pt_0910e43b7e134256,1,LONG,CALL
112,ase_pt_09120c21e9ab423c,1,LONG,CALL
1110,ase_pt_0a828b9ce657480c,1,LONG,PUT
1111,ase_pt_0a828b9ce657480c,1,SHORT,PUT
90,ase_pt_0b70f91107a2450c,1,SHORT,CALL
91,ase_pt_0b70f91107a2450c,1,LONG,CALL
1692,ase_pt_0b933a575f704d7e,1,LONG,CALL
1693,ase_pt_0b933a575f704d7e,3,SHORT,CALL
1694,ase_pt_0b933a575f704d7e,2,LONG,CALL
1938,ase_pt_0ba8a78cd5cc44df,1,SHORT,CALL
1939,ase_pt_0ba8a78cd5cc44df,1,LONG,CALL
318,ase_pt_0c5895db0d4c4a51,1,LONG,PUT
319,ase_pt_0c5895db0d4c4a51,1,SHORT,PUT
320,ase_pt_0c5895db0d4c4a51,1,SHORT,CALL
321,ase_pt_0c5895db0d4c4a51,1,LONG,CALL
1049,ase_pt_0c9b4327f85a4179,1,LONG,CALL
1050,ase_pt_0c9b4327f85a4179,1,SHORT,CALL
1051,ase_pt_0c9b4327f85a4179,1,LONG,CALL
1052,ase_pt_0c9b4327f85a4179,1,SHORT,CALL
1053,ase_pt_0c9b4327f85a4179,1,LONG,PUT
1656,ase_pt_0dc66601fbd449ff,2,LONG,CALL
1657,ase_pt_0dc66601fbd449ff,1,LONG,PUT
586,ase_pt_0dc88f03b7564659,1,LONG,CALL
587,ase_pt_0dc88f03b7564659,2,SHORT,CALL
588,ase_pt_0dc88f03b7564659,1,LONG,CALL
589,ase_pt_0dc88f03b7564659,1,LONG,PUT
590,ase_pt_0dc88f03b7564659,2,SHORT,PUT
591,ase_pt_0dc88f03b7564659,1,LONG,PUT
278,ase_pt_0dd0cca698e3471b,1,LONG,PUT
279,ase_pt_0dd0cca698e3471b,1,SHORT,PUT
280,ase_pt_0dd0cca698e3471b,1,SHORT,CALL
281,ase_pt_0dd0cca698e3471b,1,LONG,CALL
2167,ase_pt_0dd30d7452624163,1,LONG,CALL
2168,ase_pt_0dd30d7452624163,1,SHORT,CALL
2169,ase_pt_0dd30d7452624163,1,LONG,CALL
2170,ase_pt_0dd30d7452624163,1,SHORT,CALL
2171,ase_pt_0dd30d7452624163,1,LONG,PUT
1433,ase_pt_0e064b32f2734d4b,1,LONG,PUT
1434,ase_pt_0e064b32f2734d4b,1,SHORT,PUT
722,ase_pt_0e212e6ad17744d0,1,LONG,CALL
1495,ase_pt_0e252cbba9094a72,1,LONG,CALL
1496,ase_pt_0e252cbba9094a72,1,SHORT,CALL
918,ase_pt_0e5e83ab54cb4538,1,LONG,PUT
919,ase_pt_0e5e83ab54cb4538,1,SHORT,PUT
920,ase_pt_0e5e83ab54cb4538,1,SHORT,CALL
921,ase_pt_0e5e83ab54cb4538,1,LONG,CALL
622,ase_pt_0e9c0584c7a24633,1,LONG,PUT
623,ase_pt_0e9c0584c7a24633,1,SHORT,PUT
624,ase_pt_0e9c0584c7a24633,1,SHORT,CALL
625,ase_pt_0e9c0584c7a24633,1,LONG,CALL
626,ase_pt_0e9c0584c7a24633,1,LONG,PUT
627,ase_pt_0e9c0584c7a24633,1,SHORT,PUT
628,ase_pt_0e9c0584c7a24633,1,SHORT,CALL
629,ase_pt_0e9c0584c7a24633,1,LONG,CALL
844,ase_pt_0ec22af1f8694c35,1,LONG,CALL
845,ase_pt_0ec22af1f8694c35,1,SHORT,CALL
132,ase_pt_0ee34056a5ba483e,1,LONG,CALL
133,ase_pt_0ee34056a5ba483e,1,SHORT,CALL
1162,ase_pt_0f75b5e82d514193,1,LONG,CALL
1163,ase_pt_0f75b5e82d514193,1,SHORT,CALL
368,ase_pt_0f937b112584409c,1,LONG,CALL
369,ase_pt_0f937b112584409c,1,LONG,PUT
842,ase_pt_0fd2fff6f13649d5,1,LONG,CALL
843,ase_pt_0fd2fff6f13649d5,1,SHORT,CALL
1794,ase_pt_102122e7c9aa4c81,1,LONG,CALL
1795,ase_pt_102122e7c9aa4c81,1,SHORT,CALL
1796,ase_pt_102122e7c9aa4c81,1,SHORT,PUT
1797,ase_pt_102122e7c9aa4c81,1,LONG,PUT
958,ase_pt_10e90105a8cd4fd0,1,LONG,PUT
959,ase_pt_10e90105a8cd4fd0,1,SHORT,PUT
960,ase_pt_10e90105a8cd4fd0,1,SHORT,CALL
961,ase_pt_10e90105a8cd4fd0,1,LONG,CALL
1560,ase_pt_112c1a8d5dc94d21,1,LONG,CALL
1561,ase_pt_112c1a8d5dc94d21,1,SHORT,CALL
370,ase_pt_1170d8dc89b04e2d,1,LONG,CALL
371,ase_pt_1170d8dc89b04e2d,1,LONG,PUT
65,ase_pt_117a109ec5dd4070,1,SHORT,CALL
66,ase_pt_117a109ec5dd4070,1,LONG,CALL
1906,ase_pt_11864dfe6e164f25,1,LONG,PUT
1907,ase_pt_11864dfe6e164f25,1,SHORT,PUT
1810,ase_pt_11a533f7ddb84c21,1,LONG,CALL
1811,ase_pt_11a533f7ddb84c21,2,SHORT,CALL
1812,ase_pt_11a533f7ddb84c21,1,LONG,CALL
1622,ase_pt_12552ba816c647a6,1,LONG,CALL
1623,ase_pt_12552ba816c647a6,1,SHORT,CALL
86,ase_pt_128484047a824332,1,LONG,CALL
87,ase_pt_128484047a824332,1,SHORT,CALL
526,ase_pt_130a27a8cb9745ba,1,LONG,PUT
527,ase_pt_130a27a8cb9745ba,1,SHORT,PUT
1393,ase_pt_1353d127f4e04c38,1,LONG,CALL
2006,ase_pt_138b12dca04a4839,1,LONG,CALL
2007,ase_pt_138b12dca04a4839,2,SHORT,CALL
2008,ase_pt_138b12dca04a4839,1,LONG,CALL
2114,ase_pt_13f1551ef56f423a,1,LONG,CALL
2115,ase_pt_13f1551ef56f423a,1,SHORT,CALL
2116,ase_pt_13f1551ef56f423a,1,SHORT,PUT
2117,ase_pt_13f1551ef56f423a,1,LONG,PUT
786,ase_pt_13ff268f37fb45d6,1,SHORT,PUT
787,ase_pt_13ff268f37fb45d6,1,LONG,PUT
1554,ase_pt_145e7e156a714c6b,1,LONG,PUT
1555,ase_pt_145e7e156a714c6b,1,SHORT,PUT
1144,ase_pt_14bbea05d32a4a64,1,LONG,CALL
1145,ase_pt_14bbea05d32a4a64,1,SHORT,CALL
1930,ase_pt_14dcb91297be4845,1,SHORT,CALL
1931,ase_pt_14dcb91297be4845,1,LONG,CALL
674,ase_pt_14f0366b84ad46a1,1,LONG,PUT
675,ase_pt_14f0366b84ad46a1,1,SHORT,PUT
92,ase_pt_14f3d29356e1406e,1,SHORT,CALL
93,ase_pt_14f3d29356e1406e,1,LONG,CALL
852,ase_pt_155673414d9c4237,1,LONG,CALL
853,ase_pt_155673414d9c4237,1,SHORT,CALL
440,ase_pt_161362eb9c554659,1,LONG,CALL
441,ase_pt_161362eb9c554659,1,SHORT,CALL
67,ase_pt_16386550e4ec40a8,1,SHORT,CALL
68,ase_pt_16386550e4ec40a8,1,LONG,CALL
1158,ase_pt_16c1472721674c76,1,LONG,CALL
1159,ase_pt_16c1472721674c76,1,SHORT,CALL
1027,ase_pt_16cf6d806ea34cdc,1,LONG,CALL
1028,ase_pt_16cf6d806ea34cdc,2,SHORT,CALL
1029,ase_pt_16cf6d806ea34cdc,1,LONG,CALL
750,ase_pt_172a972a10174266,1,LONG,CALL
2072,ase_pt_17a87aa5b5ef41d5,1,LONG,PUT
2073,ase_pt_17a87aa5b5ef41d5,1,SHORT,PUT
2074,ase_pt_17a87aa5b5ef41d5,1,SHORT,CALL
2075,ase_pt_17a87aa5b5ef41d5,1,LONG,CALL
672,ase_pt_186926e1febe450d,1,LONG,PUT
673,ase_pt_186926e1febe450d,1,SHORT,PUT
490,ase_pt_18be7899a17a4176,1,SHORT,CALL
491,ase_pt_18be7899a17a4176,1,LONG,CALL
1936,ase_pt_192d57c47a354464,1,SHORT,CALL
1937,ase_pt_192d57c47a354464,1,LONG,CALL
1770,ase_pt_19ab29c2e07f4f23,1,SHORT,PUT
1771,ase_pt_19ab29c2e07f4f23,2,LONG,PUT
2044,ase_pt_19b4607ee28b4e4b,1,LONG,PUT
2045,ase_pt_19b4607ee28b4e4b,1,SHORT,PUT
2046,ase_pt_19b4607ee28b4e4b,1,SHORT,CALL
2047,ase_pt_19b4607ee28b4e4b,1,LONG,CALL
138,ase_pt_19d58ab0083c4d4e,1,LONG,PUT
139,ase_pt_19d58ab0083c4d4e,1,SHORT,PUT
1704,ase_pt_19fd1a1afed14598,1,LONG,CALL
1705,ase_pt_19fd1a1afed14598,2,SHORT,CALL
1706,ase_pt_19fd1a1afed14598,1,LONG,CALL
1707,ase_pt_19fd1a1afed14598,1,LONG,PUT
1708,ase_pt_19fd1a1afed14598,2,SHORT,PUT
1709,ase_pt_19fd1a1afed14598,1,LONG,PUT
1596,ase_pt_1a312a5f3dae490c,1,LONG,CALL
1597,ase_pt_1a312a5f3dae490c,1,SHORT,CALL
1598,ase_pt_1a312a5f3dae490c,1,SHORT,PUT
1599,ase_pt_1a312a5f3dae490c,1,LONG,PUT
1429,ase_pt_1a6d7d2e47dd4ead,1,SHORT,PUT
1430,ase_pt_1a6d7d2e47dd4ead,1,LONG,PUT
1134,ase_pt_1acdccfce30940ea,1,SHORT,CALL
1135,ase_pt_1acdccfce30940ea,1,LONG,CALL
1136,ase_pt_1acdccfce30940ea,1,SHORT,PUT
1137,ase_pt_1acdccfce30940ea,1,LONG,PUT
150,ase_pt_1aeab363df7b46d9,1,LONG,PUT
151,ase_pt_1aeab363df7b46d9,1,SHORT,PUT
752,ase_pt_1b16a124b3174a1d,1,LONG,CALL
1806,ase_pt_1bc8f735bf054b14,1,LONG,CALL
1807,ase_pt_1bc8f735bf054b14,1,LONG,PUT
55,ase_pt_1c70e2ed36e748c0,1,LONG,CALL
56,ase_pt_1c70e2ed36e748c0,1,SHORT,PUT
57,ase_pt_1c70e2ed36e748c0,1,LONG,PUT
1071,ase_pt_1c95fb9bd5194ab1,1,LONG,PUT
1471,ase_pt_1ca9d2bc3c954aa1,1,LONG,PUT
1472,ase_pt_1ca9d2bc3c954aa1,1,SHORT,PUT
188,ase_pt_1cdfe82457184b5e,1,LONG,PUT
189,ase_pt_1cdfe82457184b5e,1,SHORT,PUT
462,ase_pt_1d7c0f90a07c44e7,1,LONG,PUT
463,ase_pt_1d7c0f90a07c44e7,1,SHORT,PUT
1350,ase_pt_1dfa879e84f34a36,1,LONG,CALL
1351,ase_pt_1dfa879e84f34a36,1,SHORT,CALL
1352,ase_pt_1dfa879e84f34a36,1,SHORT,PUT
1353,ase_pt_1dfa879e84f34a36,1,LONG,PUT
1869,ase_pt_1ea1196300224d4b,1,LONG,PUT
942,ase_pt_1ec92c1858a942b5,1,LONG,PUT
943,ase_pt_1ec92c1858a942b5,1,SHORT,PUT
944,ase_pt_1ec92c1858a942b5,1,SHORT,CALL
945,ase_pt_1ec92c1858a942b5,1,LONG,CALL
946,ase_pt_1ec92c1858a942b5,1,LONG,PUT
947,ase_pt_1ec92c1858a942b5,1,SHORT,PUT
948,ase_pt_1ec92c1858a942b5,1,SHORT,CALL
949,ase_pt_1ec92c1858a942b5,1,LONG,CALL
1610,ase_pt_1ecbc30e80024867,1,SHORT,CALL
1611,ase_pt_1ecbc30e80024867,1,LONG,CALL
874,ase_pt_1efc5e19f4d2470b,1,LONG,CALL
875,ase_pt_1efc5e19f4d2470b,1,SHORT,CALL
876,ase_pt_1efc5e19f4d2470b,1,LONG,PUT
877,ase_pt_1efc5e19f4d2470b,1,SHORT,PUT
148,ase_pt_1f5c6dbfe19748df,1,LONG,PUT
149,ase_pt_1f5c6dbfe19748df,1,SHORT,PUT
114,ase_pt_2131ca79b52849e6,1,LONG,CALL
115,ase_pt_2131ca79b52849e6,1,SHORT,CALL
508,ase_pt_21edb5107520446d,1,LONG,PUT
509,ase_pt_21edb5107520446d,1,SHORT,PUT
1330,ase_pt_236c6d4d2d11491a,1,LONG,CALL
1331,ase_pt_236c6d4d2d11491a,1,LONG,PUT
1676,ase_pt_23883886b1684ced,1,LONG,CALL
1677,ase_pt_23883886b1684ced,2,SHORT,CALL
1678,ase_pt_23883886b1684ced,1,LONG,CALL
734,ase_pt_23c047592c864aa6,1,LONG,CALL
735,ase_pt_23c047592c864aa6,2,SHORT,CALL
736,ase_pt_23c047592c864aa6,1,LONG,CALL
737,ase_pt_23c047592c864aa6,1,LONG,PUT
738,ase_pt_23c047592c864aa6,2,SHORT,PUT
739,ase_pt_23c047592c864aa6,1,LONG,PUT
1491,ase_pt_23ef28daf9cb47a1,1,LONG,CALL
1492,ase_pt_23ef28daf9cb47a1,1,SHORT,CALL
1493,ase_pt_23ef28daf9cb47a1,1,LONG,PUT
1494,ase_pt_23ef28daf9cb47a1,1,SHORT,PUT
1341,ase_pt_241e62fb9dec48f7,1,LONG,PUT
1342,ase_pt_241e62fb9dec48f7,1,SHORT,PUT
1343,ase_pt_241e62fb9dec48f7,1,SHORT,CALL
1344,ase_pt_241e62fb9dec48f7,1,LONG,CALL
1902,ase_pt_24a77f31cca74e21,1,SHORT,PUT
1903,ase_pt_24a77f31cca74e21,1,LONG,PUT
1250,ase_pt_24bc62692c964244,1,SHORT,PUT
1251,ase_pt_24bc62692c964244,1,LONG,PUT
1252,ase_pt_24bc62692c964244,1,LONG,CALL
1253,ase_pt_24bc62692c964244,1,SHORT,CALL
1962,ase_pt_24be3ac5a5824fcf,1,LONG,CALL
1963,ase_pt_24be3ac5a5824fcf,1,SHORT,CALL
810,ase_pt_24c4ba6f47cb4240,1,SHORT,CALL
811,ase_pt_24c4ba6f47cb4240,1,LONG,CALL
290,ase_pt_24d5f67c97a24cf4,1,SHORT,PUT
291,ase_pt_24d5f67c97a24cf4,1,LONG,PUT
292,ase_pt_24d5f67c97a24cf4,1,LONG,CALL
293,ase_pt_24d5f67c97a24cf4,1,SHORT,CALL
1320,ase_pt_24e97ff0df5b4982,1,SHORT,CALL
1321,ase_pt_24e97ff0df5b4982,1,SHORT,PUT
1322,ase_pt_24e97ff0df5b4982,1,LONG,CALL
1323,ase_pt_24e97ff0df5b4982,1,LONG,PUT
1463,ase_pt_25308f99b8a44dab,1,SHORT,CALL
1464,ase_pt_25308f99b8a44dab,1,LONG,CALL
1186,ase_pt_256ccb2dec9a44b2,2,LONG,CALL
1187,ase_pt_256ccb2dec9a44b2,2,LONG,PUT
1188,ase_pt_256ccb2dec9a44b2,1,SHORT,CALL
1189,ase_pt_256ccb2dec9a44b2,1,SHORT,PUT
190,ase_pt_25965cdfc2b84bb7,1,LONG,CALL
191,ase_pt_25965cdfc2b84bb7,1,SHORT,CALL
124,ase_pt_259c9ec7c0bb44ad,1,SHORT,CALL
125,ase_pt_259c9ec7c0bb44ad,1,LONG,CALL
518,ase_pt_25ab7424444f4a89,1,LONG,CALL
519,ase_pt_25ab7424444f4a89,1,SHORT,CALL
1590,ase_pt_25af5afd3fb64392,1,LONG,PUT
1591,ase_pt_25af5afd3fb64392,1,SHORT,PUT
1650,ase_pt_25c87bb09bcb4d9e,1,LONG,CALL
1651,ase_pt_25c87bb09bcb4d9e,1,SHORT,CALL
1720,ase_pt_2611a56fa69b4883,1,LONG,PUT
1721,ase_pt_2611a56fa69b4883,1,SHORT,PUT
1722,ase_pt_2611a56fa69b4883,1,SHORT,CALL
1723,ase_pt_2611a56fa69b4883,1,LONG,CALL
1427,ase_pt_26a9bf53b4d14255,1,SHORT,PUT
1428,ase_pt_26a9bf53b4d14255,1,LONG,PUT
754,ase_pt_26b9a78175254dcd,1,LONG,CALL
755,ase_pt_26b9a78175254dcd,1,SHORT,CALL
414,ase_pt_274b14eb2f984158,1,LONG,CALL
415,ase_pt_274b14eb2f984158,2,SHORT,CALL
416,ase_pt_274b14eb2f984158,1,LONG,CALL
417,ase_pt_274b14eb2f984158,1,LONG,PUT
418,ase_pt_274b14eb2f984158,2,SHORT,PUT
419,ase_pt_274b14eb2f984158,1,LONG,PUT
1487,ase_pt_27770dc5a81e4e91,1,LONG,CALL
1488,ase_pt_27770dc5a81e4e91,1,SHORT,CALL
1453,ase_pt_27fb95998a56415b,1,SHORT,CALL
1454,ase_pt_27fb95998a56415b,1,LONG,CALL
1999,ase_pt_28328029a7f34d5d,1,LONG,PUT
2000,ase_pt_28328029a7f34d5d,2,SHORT,PUT
2001,ase_pt_28328029a7f34d5d,1,LONG,PUT
1940,ase_pt_284fd697de8f4add,1,SHORT,PUT
1941,ase_pt_284fd697de8f4add,1,LONG,PUT
554,ase_pt_2890588a8d2f4473,1,LONG,CALL
555,ase_pt_2890588a8d2f4473,1,SHORT,CALL
556,ase_pt_2890588a8d2f4473,1,LONG,PUT
557,ase_pt_2890588a8d2f4473,1,SHORT,PUT
208,ase_pt_28ea289d06244a2c,1,LONG,CALL
209,ase_pt_28ea289d06244a2c,1,SHORT,CALL
210,ase_pt_28ea289d06244a2c,1,LONG,PUT
211,ase_pt_28ea289d06244a2c,1,SHORT,PUT
1122,ase_pt_297066db97404b77,1,LONG,PUT
1123,ase_pt_297066db97404b77,1,SHORT,PUT
1124,ase_pt_297066db97404b77,1,SHORT,CALL
1125,ase_pt_297066db97404b77,1,LONG,CALL
802,ase_pt_29707c7594b24de3,1,LONG,PUT
803,ase_pt_29707c7594b24de3,1,SHORT,PUT
804,ase_pt_29707c7594b24de3,1,SHORT,CALL
805,ase_pt_29707c7594b24de3,1,LONG,CALL
322,ase_pt_2a71b6dad9324f42,1,LONG,PUT
323,ase_pt_2a71b6dad9324f42,1,SHORT,PUT
324,ase_pt_2a71b6dad9324f42,1,SHORT,CALL
325,ase_pt_2a71b6dad9324f42,1,LONG,CALL
286,ase_pt_2af95b3f1e834dbb,1,LONG,PUT
287,ase_pt_2af95b3f1e834dbb,1,SHORT,PUT
288,ase_pt_2af95b3f1e834dbb,1,SHORT,CALL
289,ase_pt_2af95b3f1e834dbb,1,LONG,CALL
974,ase_pt_2b1cb0acde8a4d2a,1,LONG,CALL
975,ase_pt_2b1cb0acde8a4d2a,2,SHORT,CALL
976,ase_pt_2b1cb0acde8a4d2a,1,LONG,CALL
162,ase_pt_2b6fcc40f3494051,1,LONG,PUT
163,ase_pt_2b6fcc40f3494051,1,SHORT,PUT
164,ase_pt_2b6fcc40f3494051,1,SHORT,CALL
165,ase_pt_2b6fcc40f3494051,1,LONG,CALL
1182,ase_pt_2b871389c3f94b23,1,SHORT,CALL
1183,ase_pt_2b871389c3f94b23,1,SHORT,PUT
1184,ase_pt_2b871389c3f94b23,1,LONG,CALL
1185,ase_pt_2b871389c3f94b23,1,LONG,PUT
772,ase_pt_2be32f47df1f4199,1,LONG,CALL
773,ase_pt_2be32f47df1f4199,1,SHORT,CALL
1871,ase_pt_2c74697a3b3b4846,1,LONG,PUT
2015,ase_pt_2d62d52019a541bb,1,LONG,CALL
2016,ase_pt_2d62d52019a541bb,2,SHORT,CALL
2017,ase_pt_2d62d52019a541bb,1,LONG,CALL
1415,ase_pt_2e6843beba754b18,1,LONG,CALL
1416,ase_pt_2e6843beba754b18,1,SHORT,CALL
1148,ase_pt_2e78f09475d34b9c,1,LONG,PUT
1149,ase_pt_2e78f09475d34b9c,1,SHORT,PUT
1548,ase_pt_2eb7fcfa021b40e9,1,LONG,CALL
1198,ase_pt_2f51cdd5a4bc4ffd,1,LONG,CALL
1199,ase_pt_2f51cdd5a4bc4ffd,2,SHORT,CALL
1200,ase_pt_2f51cdd5a4bc4ffd,1,LONG,CALL
488,ase_pt_2fb28aa0a20f49b3,1,SHORT,PUT
489,ase_pt_2fb28aa0a20f49b3,1,LONG,PUT
238,ase_pt_2fc2f3bd813c4201,1,LONG,CALL
239,ase_pt_2fc2f3bd813c4201,2,SHORT,CALL
240,ase_pt_2fc2f3bd813c4201,1,LONG,CALL
1100,ase_pt_304246ad516046d6,1,LONG,PUT
1101,ase_pt_304246ad516046d6,1,SHORT,PUT
994,ase_pt_305c8be299544ad0,1,LONG,PUT
995,ase_pt_305c8be299544ad0,1,SHORT,PUT
170,ase_pt_30c9f7f099f04656,1,SHORT,CALL
171,ase_pt_30c9f7f099f04656,1,LONG,CALL
1920,ase_pt_3159c7198f9847ca,1,LONG,PUT
1921,ase_pt_3159c7198f9847ca,1,SHORT,PUT
1922,ase_pt_3159c7198f9847ca,1,SHORT,CALL
1923,ase_pt_3159c7198f9847ca,1,LONG,CALL
108,ase_pt_31a61421b62646dc,1,LONG,CALL
1509,ase_pt_32186d8d86644d8a,2,LONG,CALL
1510,ase_pt_32186d8d86644d8a,2,LONG,PUT
1511,ase_pt_32186d8d86644d8a,1,SHORT,CALL
1512,ase_pt_32186d8d86644d8a,1,SHORT,PUT
2126,ase_pt_323b41a676d94132,1,LONG,CALL
2127,ase_pt_323b41a676d94132,1,LONG,PUT
212,ase_pt_328f936a7b994ec1,1,LONG,CALL
213,ase_pt_328f936a7b994ec1,1,SHORT,CALL
1867,ase_pt_32ac03879c054b1d,1,LONG,PUT
282,ase_pt_32be02a6f8b348be,1,LONG,PUT
283,ase_pt_32be02a6f8b348be,1,SHORT,PUT
284,ase_pt_32be02a6f8b348be,1,SHORT,CALL
285,ase_pt_32be02a6f8b348be,1,LONG,CALL
1214,ase_pt_335da21099bf469e,1,LONG,CALL
1215,ase_pt_335da21099bf469e,3,SHORT,CALL
1216,ase_pt_335da21099bf469e,2,LONG,CALL
1564,ase_pt_3364009d64af4768,1,SHORT,CALL
1565,ase_pt_3364009d64af4768,1,LONG,CALL
47,ase_pt_341bcf3e6977437d,1,SHORT,PUT
48,ase_pt_341bcf3e6977437d,1,LONG,PUT
49,ase_pt_341bcf3e6977437d,1,SHORT,CALL
50,ase_pt_341bcf3e6977437d,1,LONG,CALL
1080,ase_pt_341ee9bd107947a6,1,LONG,CALL
1081,ase_pt_341ee9bd107947a6,1,SHORT,CALL
178,ase_pt_348d05419ab448e7,1,SHORT,CALL
179,ase_pt_348d05419ab448e7,1,LONG,CALL
834,ase_pt_34b7749cae3b494d,1,LONG,CALL
835,ase_pt_34b7749cae3b494d,1,SHORT,CALL
836,ase_pt_34b7749cae3b494d,1,LONG,PUT
837,ase_pt_34b7749cae3b494d,1,SHORT,PUT
1572,ase_pt_35adba2d503446d4,1,SHORT,CALL
1573,ase_pt_35adba2d503446d4,1,LONG,CALL
60,ase_pt_35fc776144e54a4b,1,LONG,CALL
2033,ase_pt_3632906f3796405f,1,LONG,CALL
2034,ase_pt_3632906f3796405f,2,SHORT,CALL
2035,ase_pt_3632906f3796405f,1,LONG,CALL
1096,ase_pt_364e2c86c1d6469d,1,LONG,CALL
1097,ase_pt_364e2c86c1d6469d,1,SHORT,CALL
142,ase_pt_36741c707c0f4b62,1,LONG,PUT
143,ase_pt_36741c707c0f4b62,1,SHORT,PUT
782,ase_pt_36c1bab4acbe416d,1,LONG,PUT
783,ase_pt_36c1bab4acbe416d,1,SHORT,PUT
1896,ase_pt_36e8e261e3e1469f,1,LONG,PUT
1897,ase_pt_36e8e261e3e1469f,1,SHORT,PUT
748,ase_pt_374d35422d344aa3,1,LONG,CALL
110,ase_pt_3795820de110476a,1,LONG,CALL
436,ase_pt_3847e37dbe01457c,1,LONG,PUT
437,ase_pt_3847e37dbe01457c,1,SHORT,PUT
140,ase_pt_38c8440699ab4e45,1,LONG,PUT
141,ase_pt_38c8440699ab4e45,1,SHORT,PUT
550,ase_pt_390ae52392654d73,1,SHORT,CALL
551,ase_pt_390ae52392654d73,1,LONG,CALL
552,ase_pt_390ae52392654d73,1,SHORT,PUT
553,ase_pt_390ae52392654d73,1,LONG,PUT
2090,ase_pt_392c2cc71b23483b,1,SHORT,PUT
2091,ase_pt_392c2cc71b23483b,2,LONG,PUT
774,ase_pt_3a461d2fa135461e,1,SHORT,CALL
775,ase_pt_3a461d2fa135461e,1,LONG,CALL
152,ase_pt_3a64d9fcbff1414d,1,LONG,PUT
153,ase_pt_3a64d9fcbff1414d,1,SHORT,PUT
434,ase_pt_3b1a8014c6fc4dd2,1,LONG,CALL
435,ase_pt_3b1a8014c6fc4dd2,1,SHORT,CALL
1154,ase_pt_3ba61bac1a2f4d53,1,LONG,CALL
1155,ase_pt_3ba61bac1a2f4d53,1,SHORT,CALL
1156,ase_pt_3ba61bac1a2f4d53,1,LONG,PUT
1157,ase_pt_3ba61bac1a2f4d53,1,SHORT,PUT
1254,ase_pt_3bcc9c0b31ff49f3,1,LONG,PUT
1255,ase_pt_3bcc9c0b31ff49f3,1,SHORT,PUT
1256,ase_pt_3bcc9c0b31ff49f3,1,SHORT,CALL
1257,ase_pt_3bcc9c0b31ff49f3,1,LONG,CALL
31,ase_pt_3bda863231e14809,1,LONG,CALL
32,ase_pt_3bda863231e14809,1,SHORT,CALL
710,ase_pt_3c3d96cd00fa4b9f,1,LONG,CALL
711,ase_pt_3c3d96cd00fa4b9f,1,SHORT,CALL
712,ase_pt_3c3d96cd00fa4b9f,1,SHORT,PUT
713,ase_pt_3c3d96cd00fa4b9f,1,LONG,PUT
130,ase_pt_3c7ddbca75b940eb,1,LONG,CALL
131,ase_pt_3c7ddbca75b940eb,1,SHORT,CALL
676,ase_pt_3c868bba84d748be,1,LONG,CALL
677,ase_pt_3c868bba84d748be,1,SHORT,CALL
678,ase_pt_3c868bba84d748be,1,SHORT,PUT
679,ase_pt_3c868bba84d748be,1,LONG,PUT
1069,ase_pt_3ca0620c4cef4d6f,1,LONG,PUT
1970,ase_pt_3cb297ccec4d4a6f,1,LONG,CALL
1971,ase_pt_3cb297ccec4d4a6f,1,SHORT,CALL
360,ase_pt_3d55b52d40e74304,1,SHORT,CALL
361,ase_pt_3d55b52d40e74304,1,SHORT,PUT
362,ase_pt_3d55b52d40e74304,1,LONG,CALL
363,ase_pt_3d55b52d40e74304,1,LONG,PUT
1540,ase_pt_3e1833f415fd414f,1,LONG,CALL
1541,ase_pt_3e1833f415fd414f,2,SHORT,CALL
1542,ase_pt_3e1833f415fd414f,1,LONG,CALL
1449,ase_pt_3e3127f519aa4b36,1,SHORT,CALL
1450,ase_pt_3e3127f519aa4b36,1,LONG,CALL
1138,ase_pt_3e339a7a3cdc4e44,1,SHORT,CALL
1139,ase_pt_3e339a7a3cdc4e44,1,LONG,CALL
595,ase_pt_3f0dc8b2a4fd4917,1,LONG,CALL
596,ase_pt_3f0dc8b2a4fd4917,2,SHORT,CALL
597,ase_pt_3f0dc8b2a4fd4917,1,LONG,CALL
2178,ase_pt_3f2458b9297a4ad0,1,LONG,PUT
2179,ase_pt_3f2458b9297a4ad0,1,SHORT,PUT
2180,ase_pt_3f2458b9297a4ad0,1,SHORT,CALL
2181,ase_pt_3f2458b9297a4ad0,1,LONG,CALL
2182,ase_pt_3f2458b9297a4ad0,1,LONG,PUT
2183,ase_pt_3f2458b9297a4ad0,1,SHORT,PUT
2184,ase_pt_3f2458b9297a4ad0,1,SHORT,CALL
2185,ase_pt_3f2458b9297a4ad0,1,LONG,CALL
988,ase_pt_3f620ebb349a4df9,1,SHORT,CALL
989,ase_pt_3f620ebb349a4df9,1,LONG,CALL
990,ase_pt_3f620ebb349a4df9,1,LONG,PUT
991,ase_pt_3f620ebb349a4df9,1,SHORT,PUT
2130,ase_pt_3fc17c17f0ee41d0,1,LONG,CALL
2131,ase_pt_3fc17c17f0ee41d0,2,SHORT,CALL
2132,ase_pt_3fc17c17f0ee41d0,1,LONG,CALL
830,ase_pt_3fea564c077e49df,1,LONG,CALL
831,ase_pt_3fea564c077e49df,1,SHORT,CALL
405,ase_pt_40462d8d32c14ee9,1,LONG,PUT
406,ase_pt_40462d8d32c14ee9,1,SHORT,PUT
407,ase_pt_40462d8d32c14ee9,1,SHORT,CALL
408,ase_pt_40462d8d32c14ee9,1,LONG,CALL
146,ase_pt_40905bcdfaae4348,1,SHORT,PUT
147,ase_pt_40905bcdfaae4348,1,LONG,PUT
1886,ase_pt_40a66873201c42c8,1,LONG,CALL
1887,ase_pt_40a66873201c42c8,1,SHORT,CALL
1314,ase_pt_40bdf8a07f154dda,1,LONG,PUT
1315,ase_pt_40bdf8a07f154dda,1,SHORT,PUT
182,ase_pt_413893ee62984e99,1,SHORT,PUT
183,ase_pt_413893ee62984e99,1,LONG,PUT
101,ase_pt_413ea62f4d2f4494,1,LONG,CALL
102,ase_pt_413ea62f4d2f4494,1,LONG,PUT
2098,ase_pt_41a973774616430c,1,SHORT,PUT
2099,ase_pt_41a973774616430c,1,LONG,PUT
2100,ase_pt_41a973774616430c,1,SHORT,CALL
2101,ase_pt_41a973774616430c,1,LONG,CALL
310,ase_pt_41fa6adf243d4784,1,LONG,PUT
311,ase_pt_41fa6adf243d4784,1,SHORT,PUT
312,ase_pt_41fa6adf243d4784,1,SHORT,CALL
313,ase_pt_41fa6adf243d4784,1,LONG,CALL
1339,ase_pt_420f5395718a4e36,1,LONG,CALL
1340,ase_pt_420f5395718a4e36,1,SHORT,CALL
470,ase_pt_422c7e1be7ac41bc,1,LONG,PUT
471,ase_pt_422c7e1be7ac41bc,1,SHORT,PUT
83,ase_pt_425af45e774a4d75,1,LONG,CALL
84,ase_pt_425af45e774a4d75,1,SHORT,CALL
27,ase_pt_426097d373aa4fbd,1,LONG,CALL
28,ase_pt_426097d373aa4fbd,1,SHORT,CALL
116,ase_pt_426a457a5c514b82,1,LONG,PUT
117,ase_pt_426a457a5c514b82,1,SHORT,PUT
1369,ase_pt_43b493247bb548cc,1,LONG,CALL
1370,ase_pt_43b493247bb548cc,1,SHORT,CALL
1371,ase_pt_43b493247bb548cc,1,LONG,CALL
1372,ase_pt_43b493247bb548cc,1,SHORT,CALL
1373,ase_pt_43b493247bb548cc,1,LONG,PUT
1312,ase_pt_43c4c77038f3406c,1,LONG,PUT
1313,ase_pt_43c4c77038f3406c,1,SHORT,PUT
103,ase_pt_441256588f4a4d41,1,SHORT,CALL
104,ase_pt_441256588f4a4d41,2,LONG,CALL
1813,ase_pt_44733944cf074383,1,LONG,PUT
1814,ase_pt_44733944cf074383,1,SHORT,PUT
1815,ase_pt_44733944cf074383,1,SHORT,CALL
1816,ase_pt_44733944cf074383,1,LONG,CALL
1104,ase_pt_44cb1b0418044113,1,SHORT,PUT
1105,ase_pt_44cb1b0418044113,1,LONG,PUT
1517,ase_pt_44e3a8804a2a4988,1,LONG,CALL
1518,ase_pt_44e3a8804a2a4988,1,SHORT,CALL
1519,ase_pt_44e3a8804a2a4988,1,LONG,PUT
1520,ase_pt_44e3a8804a2a4988,1,SHORT,PUT
1390,ase_pt_45331c229b7c4d18,1,LONG,CALL
1752,ase_pt_458f750d5f74431b,1,LONG,PUT
1753,ase_pt_458f750d5f74431b,1,SHORT,PUT
1754,ase_pt_458f750d5f74431b,1,SHORT,CALL
1755,ase_pt_458f750d5f74431b,1,LONG,CALL
1904,ase_pt_45c6ec985311418b,1,SHORT,PUT
1905,ase_pt_45c6ec985311418b,1,LONG,PUT
192,ase_pt_468a12d81bfa4bbe,1,SHORT,CALL
193,ase_pt_468a12d81bfa4bbe,1,LONG,CALL
1782,ase_pt_471b2b947e7240f9,1,LONG,CALL
1783,ase_pt_471b2b947e7240f9,1,SHORT,CALL
1784,ase_pt_471b2b947e7240f9,1,SHORT,PUT
1785,ase_pt_471b2b947e7240f9,1,LONG,PUT
1475,ase_pt_476a12c189d04554,1,SHORT,CALL
1476,ase_pt_476a12c189d04554,1,LONG,CALL
1976,ase_pt_47b045d3637a422d,2,LONG,CALL
1977,ase_pt_47b045d3637a422d,1,LONG,PUT
275,ase_pt_48205beec76749a1,1,LONG,CALL
276,ase_pt_48205beec76749a1,2,SHORT,CALL
277,ase_pt_48205beec76749a1,1,LONG,CALL
1176,ase_pt_488e81b05e3546f2,1,LONG,CALL
1177,ase_pt_488e81b05e3546f2,1,LONG,PUT
1686,ase_pt_48c41c48d3a14ba2,1,LONG,CALL
1687,ase_pt_48c41c48d3a14ba2,2,SHORT,CALL
1688,ase_pt_48c41c48d3a14ba2,1,LONG,CALL
1082,ase_pt_48e071537e064f17,1,LONG,CALL
1083,ase_pt_48e071537e064f17,1,SHORT,CALL
1958,ase_pt_490447f9a8614b5a,1,LONG,PUT
1959,ase_pt_490447f9a8614b5a,1,SHORT,PUT
854,ase_pt_492673dfeb9d4bb4,1,LONG,CALL
855,ase_pt_492673dfeb9d4bb4,1,LONG,PUT
1015,ase_pt_496875cb2f7d476e,1,LONG,PUT
1016,ase_pt_496875cb2f7d476e,1,SHORT,PUT
1017,ase_pt_496875cb2f7d476e,1,SHORT,CALL
1018,ase_pt_496875cb2f7d476e,1,LONG,CALL
2161,ase_pt_4a4131e4b37349c8,1,LONG,CALL
2162,ase_pt_4a4131e4b37349c8,1,SHORT,CALL
1300,ase_pt_4a42f6e79939477c,1,SHORT,PUT
1301,ase_pt_4a42f6e79939477c,1,LONG,PUT
1302,ase_pt_4a42f6e79939477c,1,SHORT,CALL
1303,ase_pt_4a42f6e79939477c,1,LONG,CALL
1626,ase_pt_4a733320cf6c430b,1,LONG,PUT
1627,ase_pt_4a733320cf6c430b,1,SHORT,PUT
1584,ase_pt_4a739bd10d40478e,1,SHORT,PUT
1585,ase_pt_4a739bd10d40478e,1,LONG,PUT
1180,ase_pt_4b4633b31af942dc,1,LONG,CALL
1181,ase_pt_4b4633b31af942dc,2,LONG,PUT
1668,ase_pt_4bc71f3c83f84bc1,1,SHORT,CALL
1669,ase_pt_4bc71f3c83f84bc1,1,LONG,CALL
1670,ase_pt_4bc71f3c83f84bc1,1,SHORT,PUT
1671,ase_pt_4bc71f3c83f84bc1,1,LONG,PUT
1946,ase_pt_4be2cf80d3624f25,1,LONG,PUT
1947,ase_pt_4be2cf80d3624f25,1,SHORT,PUT
1566,ase_pt_4c06105a01794947,1,LONG,CALL
1567,ase_pt_4c06105a01794947,1,SHORT,CALL
402,ase_pt_4d0273c3681a4f01,1,LONG,CALL
2160,ase_pt_4d4e18373bcb40ef,1,LONG,CALL
1489,ase_pt_4ddf72645e174fe1,1,LONG,PUT
1490,ase_pt_4ddf72645e174fe1,1,SHORT,PUT
900,ase_pt_4e005621b9684abd,1,LONG,CALL
901,ase_pt_4e005621b9684abd,2,SHORT,CALL
902,ase_pt_4e005621b9684abd,1,LONG,CALL
680,ase_pt_4e16f998994a497a,1,SHORT,CALL
681,ase_pt_4e16f998994a497a,1,SHORT,PUT
682,ase_pt_4e16f998994a497a,1,LONG,CALL
683,ase_pt_4e16f998994a497a,1,LONG,PUT
1550,ase_pt_4e6c3823a6db41fb,1,LONG,CALL
1282,ase_pt_4ed0eedc2d0047dd,1,LONG,PUT
1283,ase_pt_4ed0eedc2d0047dd,1,SHORT,PUT
1284,ase_pt_4ed0eedc2d0047dd,1,SHORT,CALL
1285,ase_pt_4ed0eedc2d0047dd,1,LONG,CALL
1900,ase_pt_4ee635f1de7648c7,1,LONG,PUT
1901,ase_pt_4ee635f1de7648c7,1,SHORT,PUT
1405,ase_pt_4eee96fe9fd74603,1,LONG,CALL
1406,ase_pt_4eee96fe9fd74603,1,SHORT,CALL
1106,ase_pt_4ef17b0e1c6546f6,1,SHORT,PUT
1107,ase_pt_4ef17b0e1c6546f6,1,LONG,PUT
494,ase_pt_4fd217eb3a5a4a32,1,SHORT,CALL
495,ase_pt_4fd217eb3a5a4a32,1,LONG,CALL
496,ase_pt_4fd217eb3a5a4a32,1,SHORT,PUT
497,ase_pt_4fd217eb3a5a4a32,1,LONG,PUT
2080,ase_pt_5060831c6ba74a92,1,LONG,PUT
2081,ase_pt_5060831c6ba74a92,1,SHORT,PUT
2082,ase_pt_5060831c6ba74a92,1,SHORT,CALL
2083,ase_pt_5060831c6ba74a92,1,LONG,CALL
42,ase_pt_50cee139dd5f4d1b,1,SHORT,CALL
43,ase_pt_50cee139dd5f4d1b,1,LONG,CALL
1588,ase_pt_51aca08bd0af4f10,1,LONG,PUT
1589,ase_pt_51aca08bd0af4f10,1,SHORT,PUT
684,ase_pt_51e1bd8493af4532,1,LONG,CALL
685,ase_pt_51e1bd8493af4532,1,LONG,PUT
1304,ase_pt_5208c296a9d047a4,1,LONG,CALL
1305,ase_pt_5208c296a9d047a4,1,SHORT,CALL
1306,ase_pt_5208c296a9d047a4,1,SHORT,PUT
1307,ase_pt_5208c296a9d047a4,1,LONG,PUT
356,ase_pt_52a1199441b842c2,1,LONG,CALL
357,ase_pt_52a1199441b842c2,1,SHORT,CALL
358,ase_pt_52a1199441b842c2,1,SHORT,PUT
359,ase_pt_52a1199441b842c2,1,LONG,PUT
1274,ase_pt_52d55444d36747a0,1,LONG,PUT
1275,ase_pt_52d55444d36747a0,1,SHORT,PUT
1276,ase_pt_52d55444d36747a0,1,SHORT,CALL
1277,ase_pt_52d55444d36747a0,1,LONG,CALL
705,ase_pt_52db46c029b748f6,1,LONG,CALL
706,ase_pt_52db46c029b748f6,1,SHORT,CALL
2112,ase_pt_52ee7c4cf21442b2,1,LONG,PUT
2113,ase_pt_52ee7c4cf21442b2,1,SHORT,PUT
1168,ase_pt_532c902bfb4748ee,1,LONG,CALL
1169,ase_pt_532c902bfb4748ee,1,SHORT,CALL
1170,ase_pt_532c902bfb4748ee,1,LONG,PUT
1171,ase_pt_532c902bfb4748ee,1,SHORT,PUT
818,ase_pt_53fd94a5236f4933,1,SHORT,CALL
819,ase_pt_53fd94a5236f4933,1,LONG,CALL
1098,ase_pt_5451fd35cf2d40c9,1,LONG,PUT
1099,ase_pt_5451fd35cf2d40c9,1,SHORT,PUT
136,ase_pt_549092c247454f84,1,LONG,CALL
137,ase_pt_549092c247454f84,1,SHORT,CALL
1847,ase_pt_5512d71f7e0c419d,1,LONG,CALL
1848,ase_pt_5512d71f7e0c419d,1,SHORT,CALL
1849,ase_pt_5512d71f7e0c419d,1,LONG,CALL
1850,ase_pt_5512d71f7e0c419d,1,SHORT,CALL
1851,ase_pt_5512d71f7e0c419d,1,LONG,PUT
884,ase_pt_5531bb51b3f046e0,1,LONG,CALL
885,ase_pt_5531bb51b3f046e0,1,SHORT,CALL
886,ase_pt_5531bb51b3f046e0,1,SHORT,PUT
887,ase_pt_5531bb51b3f046e0,1,LONG,PUT
40,ase_pt_556516fdaa6346da,1,SHORT,CALL
41,ase_pt_556516fdaa6346da,1,LONG,CALL
1232,ase_pt_559d9e7244b542ea,1,LONG,CALL
1233,ase_pt_559d9e7244b542ea,2,SHORT,CALL
1234,ase_pt_559d9e7244b542ea,1,LONG,CALL
812,ase_pt_55f2879c9c234ae8,1,SHORT,CALL
813,ase_pt_55f2879c9c234ae8,1,LONG,CALL
568,ase_pt_56d2d5d48d5b4236,1,LONG,CALL
569,ase_pt_56d2d5d48d5b4236,2,SHORT,CALL
570,ase_pt_56d2d5d48d5b4236,1,LONG,CALL
498,ase_pt_56e7f9a96a7e4464,1,SHORT,CALL
499,ase_pt_56e7f9a96a7e4464,1,LONG,CALL
198,ase_pt_56ec12c833d3410d,1,LONG,CALL
199,ase_pt_56ec12c833d3410d,1,SHORT,CALL
226,ase_pt_57079b3931a14d23,2,LONG,CALL
227,ase_pt_57079b3931a14d23,2,LONG,PUT
228,ase_pt_57079b3931a14d23,1,SHORT,CALL
229,ase_pt_57079b3931a14d23,1,SHORT,PUT
113,ase_pt_5777f328ee784956,1,LONG,PUT
1505,ase_pt_57db029c27af45e3,1,SHORT,CALL
1506,ase_pt_57db029c27af45e3,1,SHORT,PUT
1507,ase_pt_57db029c27af45e3,1,LONG,CALL
1508,ase_pt_57db029c27af45e3,1,LONG,PUT
379,ase_pt_57dc0fe985a24f4f,1,LONG,CALL
380,ase_pt_57dc0fe985a24f4f,1,SHORT,CALL
180,ase_pt_583071390312407f,1,SHORT,CALL
181,ase_pt_583071390312407f,1,LONG,CALL
1403,ase_pt_5838a244a64d48a7,1,LONG,CALL
1404,ase_pt_5838a244a64d48a7,1,SHORT,CALL
1524,ase_pt_5949f93a17d240ae,1,LONG,PUT
1525,ase_pt_5949f93a17d240ae,2,SHORT,PUT
1526,ase_pt_5949f93a17d240ae,1,LONG,PUT
740,ase_pt_5a58675379e94007,1,LONG,PUT
741,ase_pt_5a58675379e94007,1,SHORT,PUT
742,ase_pt_5a58675379e94007,1,SHORT,CALL
743,ase_pt_5a58675379e94007,1,LONG,CALL
744,ase_pt_5a58675379e94007,1,LONG,PUT
745,ase_pt_5a58675379e94007,1,SHORT,PUT
746,ase_pt_5a58675379e94007,1,SHORT,CALL
747,ase_pt_5a58675379e94007,1,LONG,CALL
1558,ase_pt_5a6ff0d6be8e48cc,1,LONG,CALL
1559,ase_pt_5a6ff0d6be8e48cc,1,SHORT,CALL
1332,ase_pt_5ad3da4131714e30,1,LONG,CALL
1333,ase_pt_5ad3da4131714e30,2,SHORT,CALL
1334,ase_pt_5ad3da4131714e30,1,LONG,CALL
1297,ase_pt_5b1ade8a47a2427c,1,LONG,PUT
1298,ase_pt_5b1ade8a47a2427c,2,SHORT,PUT
1299,ase_pt_5b1ade8a47a2427c,1,LONG,PUT
1898,ase_pt_5b47757a95a44adf,1,LONG,PUT
1899,ase_pt_5b47757a95a44adf,1,SHORT,PUT
302,ase_pt_5b48b5fc0a3f40de,1,LONG,PUT
303,ase_pt_5b48b5fc0a3f40de,1,SHORT,PUT
304,ase_pt_5b48b5fc0a3f40de,1,SHORT,CALL
305,ase_pt_5b48b5fc0a3f40de,1,LONG,CALL
306,ase_pt_5b48b5fc0a3f40de,1,LONG,PUT
307,ase_pt_5b48b5fc0a3f40de,1,SHORT,PUT
308,ase_pt_5b48b5fc0a3f40de,1,SHORT,CALL
309,ase_pt_5b48b5fc0a3f40de,1,LONG,CALL
1413,ase_pt_5b867797cbbb4df8,1,LONG,CALL
1414,ase_pt_5b867797cbbb4df8,1,SHORT,CALL
257,ase_pt_5bab2972c84849cd,1,LONG,CALL
258,ase_pt_5bab2972c84849cd,2,SHORT,CALL
259,ase_pt_5bab2972c84849cd,1,LONG,CALL
1551,ase_pt_5cd9914d28294eaa,1,LONG,PUT
1942,ase_pt_5d0d01f3280c46b1,1,LONG,CALL
1943,ase_pt_5d0d01f3280c46b1,1,SHORT,CALL
1778,ase_pt_5d288026450343df,1,SHORT,PUT
1779,ase_pt_5d288026450343df,1,LONG,PUT
1780,ase_pt_5d288026450343df,1,SHORT,CALL
1781,ase_pt_5d288026450343df,1,LONG,CALL
1580,ase_pt_5d475d0436df49e3,1,LONG,PUT
1581,ase_pt_5d475d0436df49e3,1,SHORT,PUT
798,ase_pt_5dc715014dd84a43,1,LONG,CALL
799,ase_pt_5dc715014dd84a43,1,SHORT,CALL
800,ase_pt_5dc715014dd84a43,1,SHORT,PUT
801,ase_pt_5dc715014dd84a43,1,LONG,PUT
794,ase_pt_5dd2701e8ad6448e,1,SHORT,PUT
795,ase_pt_5dd2701e8ad6448e,1,LONG,PUT
1294,ase_pt_5df56406e676421f,1,LONG,CALL
1295,ase_pt_5df56406e676421f,2,SHORT,CALL
1296,ase_pt_5df56406e676421f,1,LONG,CALL
1008,ase_pt_5e1802c0f78045cb,1,LONG,CALL
1009,ase_pt_5e1802c0f78045cb,1,LONG,PUT
446,ase_pt_5e49d8edae1c4bb5,1,SHORT,CALL
447,ase_pt_5e49d8edae1c4bb5,1,LONG,CALL
1152,ase_pt_5e8f0d60fbd54fb2,1,SHORT,CALL
1153,ase_pt_5e8f0d60fbd54fb2,1,LONG,CALL
1654,ase_pt_5f73e4e368ee4c19,1,LONG,CALL
1655,ase_pt_5f73e4e368ee4c19,1,LONG,PUT
571,ase_pt_5f8707ca4cb44569,1,LONG,PUT
572,ase_pt_5f8707ca4cb44569,2,SHORT,PUT
573,ase_pt_5f8707ca4cb44569,1,LONG,PUT
29,ase_pt_6083b99595c94b37,1,LONG,CALL
30,ase_pt_6083b99595c94b37,1,SHORT,CALL
218,ase_pt_61163c0323cd45fc,2,LONG,CALL
219,ase_pt_61163c0323cd45fc,1,LONG,PUT
251,ase_pt_6117d75ace464771,1,LONG,PUT
252,ase_pt_6117d75ace464771,2,SHORT,PUT
253,ase_pt_6117d75ace464771,1,LONG,PUT
2021,ase_pt_61d345b280ce4300,1,LONG,CALL
2022,ase_pt_61d345b280ce4300,2,SHORT,CALL
2023,ase_pt_61d345b280ce4300,1,LONG,CALL
248,ase_pt_61db83e800514e09,1,LONG,CALL
249,ase_pt_61db83e800514e09,2,SHORT,CALL
250,ase_pt_61db83e800514e09,1,LONG,CALL
668,ase_pt_6238c50e54c64833,1,SHORT,CALL
669,ase_pt_6238c50e54c64833,1,LONG,CALL
670,ase_pt_6238c50e54c64833,1,LONG,PUT
671,ase_pt_6238c50e54c64833,1,SHORT,PUT
652,ase_pt_626ffd58b34e45ec,1,SHORT,PUT
653,ase_pt_626ffd58b34e45ec,2,LONG,PUT
966,ase_pt_630c5bfba91c45a1,1,SHORT,PUT
967,ase_pt_630c5bfba91c45a1,1,SHORT,CALL
968,ase_pt_630c5bfba91c45a1,1,LONG,PUT
969,ase_pt_630c5bfba91c45a1,1,LONG,CALL
897,ase_pt_63167d95b92d46a9,1,LONG,CALL
898,ase_pt_63167d95b92d46a9,2,SHORT,CALL
899,ase_pt_63167d95b92d46a9,1,LONG,CALL
1996,ase_pt_63310aeadd5649cd,1,LONG,CALL
1997,ase_pt_63310aeadd5649cd,2,SHORT,CALL
1998,ase_pt_63310aeadd5649cd,1,LONG,CALL
862,ase_pt_6380627d787b417b,1,SHORT,CALL
863,ase_pt_6380627d787b417b,1,SHORT,PUT
864,ase_pt_6380627d787b417b,1,LONG,CALL
865,ase_pt_6380627d787b417b,1,LONG,PUT
1102,ase_pt_63b79671045a4aa2,1,LONG,PUT
1103,ase_pt_63b79671045a4aa2,1,SHORT,PUT
1461,ase_pt_6474cf69996b4496,1,SHORT,CALL
1462,ase_pt_6474cf69996b4496,1,LONG,CALL
326,ase_pt_64cba35090f74aaf,1,SHORT,PUT
327,ase_pt_64cba35090f74aaf,1,SHORT,CALL
328,ase_pt_64cba35090f74aaf,1,LONG,PUT
329,ase_pt_64cba35090f74aaf,1,LONG,CALL
1246,ase_pt_64f79423f4d24f3e,1,LONG,PUT
1247,ase_pt_64f79423f4d24f3e,1,SHORT,PUT
1248,ase_pt_64f79423f4d24f3e,1,SHORT,CALL
1249,ase_pt_64f79423f4d24f3e,1,LONG,CALL
294,ase_pt_651c3abf1f1f4b08,1,LONG,PUT
295,ase_pt_651c3abf1f1f4b08,1,SHORT,PUT
296,ase_pt_651c3abf1f1f4b08,1,SHORT,CALL
297,ase_pt_651c3abf1f1f4b08,1,LONG,CALL
332,ase_pt_662b1d2e3f3b4a8c,1,SHORT,PUT
333,ase_pt_662b1d2e3f3b4a8c,2,LONG,PUT
2118,ase_pt_668c2de047b24014,1,SHORT,CALL
2119,ase_pt_668c2de047b24014,1,SHORT,PUT
2120,ase_pt_668c2de047b24014,1,LONG,CALL
2121,ase_pt_668c2de047b24014,1,LONG,PUT
1638,ase_pt_685e2dc764044b0a,1,LONG,PUT
1639,ase_pt_685e2dc764044b0a,1,SHORT,PUT
1347,ase_pt_687d43cfbe23447f,1,LONG,CALL
1348,ase_pt_687d43cfbe23447f,2,SHORT,CALL
1349,ase_pt_687d43cfbe23447f,1,LONG,CALL
792,ase_pt_68dedcd545444fa1,1,LONG,PUT
793,ase_pt_68dedcd545444fa1,1,SHORT,PUT
504,ase_pt_68e54ed88e4d421b,1,LONG,CALL
505,ase_pt_68e54ed88e4d421b,1,SHORT,CALL
828,ase_pt_68eeb4f5c58f48cd,1,LONG,PUT
829,ase_pt_68eeb4f5c58f48cd,1,SHORT,PUT
938,ase_pt_6902ab81fd5c473c,1,LONG,PUT
939,ase_pt_6902ab81fd5c473c,1,SHORT,PUT
940,ase_pt_6902ab81fd5c473c,1,SHORT,CALL
941,ase_pt_6902ab81fd5c473c,1,LONG,CALL
1658,ase_pt_693ad4c178f244e6,1,LONG,CALL
1659,ase_pt_693ad4c178f244e6,2,LONG,PUT
1713,ase_pt_69d1459f2919466e,1,LONG,CALL
1714,ase_pt_69d1459f2919466e,2,SHORT,CALL
1715,ase_pt_69d1459f2919466e,1,LONG,CALL
1354,ase_pt_6a0fee0e6c994c43,1,LONG,PUT
1355,ase_pt_6a0fee0e6c994c43,1,SHORT,PUT
1356,ase_pt_6a0fee0e6c994c43,1,SHORT,CALL
1357,ase_pt_6a0fee0e6c994c43,1,LONG,CALL
1270,ase_pt_6a6f8dd6d8d04180,1,LONG,PUT
1271,ase_pt_6a6f8dd6d8d04180,1,SHORT,PUT
1272,ase_pt_6a6f8dd6d8d04180,1,SHORT,CALL
1273,ase_pt_6a6f8dd6d8d04180,1,LONG,CALL
1988,ase_pt_6aca195c5bfb4fb8,1,SHORT,CALL
1989,ase_pt_6aca195c5bfb4fb8,1,LONG,CALL
1990,ase_pt_6aca195c5bfb4fb8,1,SHORT,PUT
1991,ase_pt_6aca195c5bfb4fb8,1,LONG,PUT
431,ase_pt_6b35e0a20e884b30,1,LONG,PUT
838,ase_pt_6bb95b5aa7244b82,1,LONG,CALL
839,ase_pt_6bb95b5aa7244b82,1,SHORT,CALL
1409,ase_pt_6c0852ff34cc4914,1,SHORT,CALL
1410,ase_pt_6c0852ff34cc4914,1,LONG,CALL
1870,ase_pt_6c35449f5e404fff,1,LONG,CALL
1956,ase_pt_6c43af51552e48ae,1,LONG,CALL
1957,ase_pt_6c43af51552e48ae,1,SHORT,CALL
1497,ase_pt_6c50347440d247b4,1,LONG,CALL
1498,ase_pt_6c50347440d247b4,1,LONG,PUT
80,ase_pt_6cb43827aca54901,1,LONG,CALL
81,ase_pt_6cb43827aca54901,1,SHORT,PUT
82,ase_pt_6cb43827aca54901,1,LONG,PUT
1888,ase_pt_6cbd35962d814902,1,LONG,CALL
1889,ase_pt_6cbd35962d814902,1,SHORT,CALL
1068,ase_pt_6d5376710e84479f,1,LONG,CALL
1836,ase_pt_6e3199cc0c054c4a,1,LONG,CALL
1837,ase_pt_6e3199cc0c054c4a,1,LONG,PUT
1451,ase_pt_6edd6080f1904229,1,SHORT,PUT
1452,ase_pt_6edd6080f1904229,1,LONG,PUT
394,ase_pt_6eeb91756b384821,1,LONG,PUT
395,ase_pt_6eeb91756b384821,1,SHORT,PUT
396,ase_pt_6eeb91756b384821,1,SHORT,CALL
397,ase_pt_6eeb91756b384821,1,LONG,CALL
1292,ase_pt_6eecd7dc53e44088,1,SHORT,PUT
1293,ase_pt_6eecd7dc53e44088,2,LONG,PUT
1534,ase_pt_6fbaf19c00b54f5a,1,LONG,PUT
1535,ase_pt_6fbaf19c00b54f5a,2,SHORT,PUT
1536,ase_pt_6fbaf19c00b54f5a,1,LONG,PUT
1932,ase_pt_705b599905dc4225,1,SHORT,CALL
1933,ase_pt_705b599905dc4225,1,LONG,CALL
1934,ase_pt_705b599905dc4225,1,SHORT,PUT
1935,ase_pt_705b599905dc4225,1,LONG,PUT
1262,ase_pt_70ff8734f7804dad,1,LONG,PUT
1263,ase_pt_70ff8734f7804dad,1,SHORT,PUT
1264,ase_pt_70ff8734f7804dad,1,SHORT,CALL
1265,ase_pt_70ff8734f7804dad,1,LONG,CALL
1266,ase_pt_70ff8734f7804dad,1,LONG,PUT
1267,ase_pt_70ff8734f7804dad,1,SHORT,PUT
1268,ase_pt_70ff8734f7804dad,1,SHORT,CALL
1269,ase_pt_70ff8734f7804dad,1,LONG,CALL
254,ase_pt_713448510d67452d,1,LONG,CALL
255,ase_pt_713448510d67452d,3,SHORT,CALL
256,ase_pt_713448510d67452d,2,LONG,CALL
1521,ase_pt_713d53f998734c95,1,LONG,CALL
1522,ase_pt_713d53f998734c95,2,SHORT,CALL
1523,ase_pt_713d53f998734c95,1,LONG,CALL
1401,ase_pt_7179b9b59f2946e7,1,LONG,CALL
1402,ase_pt_7179b9b59f2946e7,1,SHORT,CALL
954,ase_pt_725a2fc7d4474ae9,1,LONG,PUT
955,ase_pt_725a2fc7d4474ae9,1,SHORT,PUT
956,ase_pt_725a2fc7d4474ae9,1,SHORT,CALL
957,ase_pt_725a2fc7d4474ae9,1,LONG,CALL
2024,ase_pt_7306e190b47841d5,1,LONG,CALL
2025,ase_pt_7306e190b47841d5,2,SHORT,CALL
2026,ase_pt_7306e190b47841d5,1,LONG,CALL
2027,ase_pt_7306e190b47841d5,1,LONG,PUT
2028,ase_pt_7306e190b47841d5,2,SHORT,PUT
2029,ase_pt_7306e190b47841d5,1,LONG,PUT
598,ase_pt_731523d79fb84a33,1,LONG,PUT
599,ase_pt_731523d79fb84a33,1,SHORT,PUT
600,ase_pt_731523d79fb84a33,1,SHORT,CALL
601,ase_pt_731523d79fb84a33,1,LONG,CALL
1150,ase_pt_7321ce7d9a704a8b,1,LONG,CALL
1151,ase_pt_7321ce7d9a704a8b,1,SHORT,CALL
1437,ase_pt_73e78dcd567f42e4,1,SHORT,PUT
1438,ase_pt_73e78dcd567f42e4,1,LONG,PUT
1892,ase_pt_745a857919564dfc,1,SHORT,CALL
1893,ase_pt_745a857919564dfc,1,LONG,CALL
2158,ase_pt_746387e359af4fd9,1,LONG,PUT
2159,ase_pt_746387e359af4fd9,1,SHORT,PUT
832,ase_pt_751823b026db4dd0,1,SHORT,CALL
833,ase_pt_751823b026db4dd0,1,LONG,CALL
725,ase_pt_752066dea78b41bf,1,LONG,PUT
726,ase_pt_752066dea78b41bf,1,SHORT,PUT
727,ase_pt_752066dea78b41bf,1,SHORT,CALL
728,ase_pt_752066dea78b41bf,1,LONG,CALL
1481,ase_pt_7535e14a6e124d94,1,LONG,CALL
1482,ase_pt_7535e14a6e124d94,1,SHORT,CALL
1724,ase_pt_7551bc0b96784b8d,1,LONG,PUT
1725,ase_pt_7551bc0b96784b8d,1,SHORT,PUT
1726,ase_pt_7551bc0b96784b8d,1,SHORT,CALL
1727,ase_pt_7551bc0b96784b8d,1,LONG,CALL
1701,ase_pt_758e90c2983f47df,1,LONG,CALL
1702,ase_pt_758e90c2983f47df,2,SHORT,CALL
1703,ase_pt_758e90c2983f47df,1,LONG,CALL
1682,ase_pt_75bb9bbffddc42a9,1,LONG,CALL
1683,ase_pt_75bb9bbffddc42a9,1,SHORT,CALL
1684,ase_pt_75bb9bbffddc42a9,1,SHORT,PUT
1685,ase_pt_75bb9bbffddc42a9,1,LONG,PUT
926,ase_pt_762319e20bcf4980,1,LONG,PUT
927,ase_pt_762319e20bcf4980,1,SHORT,PUT
928,ase_pt_762319e20bcf4980,1,SHORT,CALL
929,ase_pt_762319e20bcf4980,1,LONG,CALL
354,ase_pt_76488e2737934974,1,LONG,PUT
355,ase_pt_76488e2737934974,1,SHORT,PUT
174,ase_pt_76bbcd4f1f4f4321,1,SHORT,CALL
175,ase_pt_76bbcd4f1f4f4321,1,LONG,CALL
176,ase_pt_76bbcd4f1f4f4321,1,SHORT,PUT
177,ase_pt_76bbcd4f1f4f4321,1,LONG,PUT
1485,ase_pt_771678d014254c74,1,LONG,CALL
1486,ase_pt_771678d014254c74,1,SHORT,CALL
1084,ase_pt_774ec411f0664b5e,1,SHORT,CALL
1085,ase_pt_774ec411f0664b5e,1,LONG,CALL
454,ase_pt_77c6e57b3a1446b9,1,SHORT,CALL
455,ase_pt_77c6e57b3a1446b9,1,LONG,CALL
1984,ase_pt_77eb0b5360724f38,2,LONG,CALL
1985,ase_pt_77eb0b5360724f38,2,LONG,PUT
1986,ase_pt_77eb0b5360724f38,1,SHORT,CALL
1987,ase_pt_77eb0b5360724f38,1,SHORT,PUT
1425,ase_pt_7867db8a72a541c5,1,LONG,PUT
1426,ase_pt_7867db8a72a541c5,1,SHORT,PUT
1884,ase_pt_78a93830b36e4989,1,SHORT,CALL
1885,ase_pt_78a93830b36e4989,1,LONG,CALL
846,ase_pt_78bec6a96d964fd6,1,LONG,PUT
847,ase_pt_78bec6a96d964fd6,1,SHORT,PUT
1537,ase_pt_78d7474730e741f4,1,LONG,CALL
1538,ase_pt_78d7474730e741f4,3,SHORT,CALL
1539,ase_pt_78d7474730e741f4,2,LONG,CALL
814,ase_pt_7904fd855b78444d,1,SHORT,CALL
815,ase_pt_7904fd855b78444d,1,LONG,CALL
816,ase_pt_7904fd855b78444d,1,SHORT,PUT
817,ase_pt_7904fd855b78444d,1,LONG,PUT
2036,ase_pt_793e28749bc24fce,1,LONG,PUT
2037,ase_pt_793e28749bc24fce,1,SHORT,PUT
2038,ase_pt_793e28749bc24fce,1,SHORT,CALL
2039,ase_pt_793e28749bc24fce,1,LONG,CALL
580,ase_pt_795a4febeaa54a0d,1,LONG,CALL
581,ase_pt_795a4febeaa54a0d,2,SHORT,CALL
582,ase_pt_795a4febeaa54a0d,1,LONG,CALL
1882,ase_pt_7973611a7c8d4405,1,SHORT,CALL
1883,ase_pt_7973611a7c8d4405,1,LONG,CALL
194,ase_pt_79e593a33bc8450e,1,LONG,CALL
195,ase_pt_79e593a33bc8450e,1,SHORT,CALL
196,ase_pt_79e593a33bc8450e,1,LONG,PUT
197,ase_pt_79e593a33bc8450e,1,SHORT,PUT
220,ase_pt_7a7c2d1c8e31410e,1,LONG,CALL
221,ase_pt_7a7c2d1c8e31410e,2,LONG,PUT
1445,ase_pt_7a913eaa2e034493,1,LONG,PUT
1446,ase_pt_7a913eaa2e034493,1,SHORT,PUT
1447,ase_pt_7a913eaa2e034493,1,SHORT,CALL
1448,ase_pt_7a913eaa2e034493,1,LONG,CALL
1112,ase_pt_7c1b674006aa4427,1,LONG,PUT
1113,ase_pt_7c1b674006aa4427,1,SHORT,PUT
1825,ase_pt_7c3c312e45784293,1,LONG,CALL
1826,ase_pt_7c3c312e45784293,2,SHORT,CALL
1827,ase_pt_7c3c312e45784293,1,LONG,CALL
1204,ase_pt_7c3ef7e616e149da,1,LONG,CALL
1205,ase_pt_7c3ef7e616e149da,1,SHORT,CALL
1206,ase_pt_7c3ef7e616e149da,1,SHORT,PUT
1207,ase_pt_7c3ef7e616e149da,1,LONG,PUT
337,ase_pt_7c43d64b976b406e,1,LONG,PUT
338,ase_pt_7c43d64b976b406e,2,SHORT,PUT
339,ase_pt_7c43d64b976b406e,1,LONG,PUT
1469,ase_pt_7c98961ed462420e,1,LONG,CALL
1470,ase_pt_7c98961ed462420e,1,SHORT,CALL
881,ase_pt_7d604ae2b8b84008,1,LONG,PUT
882,ase_pt_7d604ae2b8b84008,2,SHORT,PUT
883,ase_pt_7d604ae2b8b84008,1,LONG,PUT
366,ase_pt_7da7c3b4e64846b4,1,LONG,CALL
367,ase_pt_7da7c3b4e64846b4,1,SHORT,CALL
1211,ase_pt_7de3ce6fbc8845a0,1,LONG,PUT
1212,ase_pt_7de3ce6fbc8845a0,2,SHORT,PUT
1213,ase_pt_7de3ce6fbc8845a0,1,LONG,PUT
618,ase_pt_7de534e9fe6345cb,1,LONG,PUT
619,ase_pt_7de534e9fe6345cb,1,SHORT,PUT
620,ase_pt_7de534e9fe6345cb,1,SHORT,CALL
621,ase_pt_7de534e9fe6345cb,1,LONG,CALL
1960,ase_pt_7f0e2dbd0444465a,1,LONG,CALL
1961,ase_pt_7f0e2dbd0444465a,1,SHORT,CALL
806,ase_pt_7f4cbe9e07c348b3,1,SHORT,CALL
807,ase_pt_7f4cbe9e07c348b3,1,LONG,CALL
1679,ase_pt_7fdb187c20744630,1,LONG,PUT
1680,ase_pt_7fdb187c20744630,2,SHORT,PUT
1681,ase_pt_7fdb187c20744630,1,LONG,PUT
1423,ase_pt_80ab7cc88064422c,1,LONG,PUT
1424,ase_pt_80ab7cc88064422c,1,SHORT,PUT
2018,ase_pt_80b5cd91d5bc4242,1,LONG,CALL
2019,ase_pt_80b5cd91d5bc4242,2,SHORT,CALL
2020,ase_pt_80b5cd91d5bc4242,1,LONG,CALL
1114,ase_pt_80b9c058175a4c61,1,SHORT,PUT
1115,ase_pt_80b9c058175a4c61,1,LONG,PUT
790,ase_pt_81456c16dc9141dc,1,LONG,PUT
791,ase_pt_81456c16dc9141dc,1,SHORT,PUT
122,ase_pt_81d385620a0340d0,1,LONG,CALL
123,ase_pt_81d385620a0340d0,1,SHORT,CALL
272,ase_pt_81d56157029f4bbc,1,LONG,CALL
273,ase_pt_81d56157029f4bbc,2,SHORT,CALL
274,ase_pt_81d56157029f4bbc,1,LONG,CALL
2156,ase_pt_81f372c0b5194ee7,1,LONG,CALL
2157,ase_pt_81f372c0b5194ee7,1,LONG,PUT
109,ase_pt_82123c62b1164c60,1,LONG,PUT
788,ase_pt_824858ba1134432d,1,LONG,PUT
789,ase_pt_824858ba1134432d,1,SHORT,PUT
200,ase_pt_82ada73b5e58432a,1,LONG,PUT
201,ase_pt_82ada73b5e58432a,1,SHORT,PUT
1838,ase_pt_82b4b4830f9b44d1,1,LONG,PUT
1839,ase_pt_82b4b4830f9b44d1,1,SHORT,PUT
1439,ase_pt_83538519e8064a9e,1,LONG,PUT
1440,ase_pt_83538519e8064a9e,1,SHORT,PUT
1872,ase_pt_835d7f1f28f84c85,1,LONG,CALL
1873,ase_pt_835d7f1f28f84c85,1,SHORT,CALL
878,ase_pt_83d56a0a0f0f40a3,1,LONG,CALL
879,ase_pt_83d56a0a0f0f40a3,2,SHORT,CALL
880,ase_pt_83d56a0a0f0f40a3,1,LONG,CALL
891,ase_pt_848e090753ce4b78,1,LONG,PUT
892,ase_pt_848e090753ce4b78,2,SHORT,PUT
893,ase_pt_848e090753ce4b78,1,LONG,PUT
642,ase_pt_84bcc42a04404c1d,1,LONG,PUT
643,ase_pt_84bcc42a04404c1d,1,SHORT,PUT
644,ase_pt_84bcc42a04404c1d,1,SHORT,CALL
645,ase_pt_84bcc42a04404c1d,1,LONG,CALL
1038,ase_pt_854cdbc63d0e4302,1,LONG,CALL
1039,ase_pt_854cdbc63d0e4302,1,LONG,PUT
1764,ase_pt_856dbff788e84c4c,1,SHORT,PUT
1765,ase_pt_856dbff788e84c4c,1,SHORT,CALL
1766,ase_pt_856dbff788e84c4c,1,LONG,PUT
1767,ase_pt_856dbff788e84c4c,1,LONG,CALL
1698,ase_pt_857897d4d0ff4f19,1,LONG,CALL
1699,ase_pt_857897d4d0ff4f19,2,SHORT,CALL
1700,ase_pt_857897d4d0ff4f19,1,LONG,CALL
558,ase_pt_873a7401af7c499b,1,LONG,CALL
559,ase_pt_873a7401af7c499b,2,SHORT,CALL
560,ase_pt_873a7401af7c499b,1,LONG,CALL
1531,ase_pt_873fee4ef10f4d1e,1,LONG,CALL
1532,ase_pt_873fee4ef10f4d1e,2,SHORT,CALL
1533,ase_pt_873fee4ef10f4d1e,1,LONG,CALL
472,ase_pt_8779236ee5114ad7,1,LONG,PUT
473,ase_pt_8779236ee5114ad7,1,SHORT,PUT
1817,ase_pt_87f340e043e5485d,1,LONG,CALL
1818,ase_pt_87f340e043e5485d,1,SHORT,CALL
1828,ase_pt_8866dcbf077e4891,1,LONG,CALL
1829,ase_pt_8866dcbf077e4891,1,SHORT,CALL
1830,ase_pt_8866dcbf077e4891,1,SHORT,PUT
1831,ase_pt_8866dcbf077e4891,1,LONG,PUT
768,ase_pt_89e9a7a206094b5d,1,LONG,CALL
769,ase_pt_89e9a7a206094b5d,1,SHORT,CALL
776,ase_pt_8b344752f60546a1,1,LONG,CALL
777,ase_pt_8b344752f60546a1,1,SHORT,CALL
1076,ase_pt_8b3c4ae687964a70,1,LONG,PUT
1077,ase_pt_8b3c4ae687964a70,1,SHORT,PUT
1608,ase_pt_8b4dd53a96554dfd,1,SHORT,CALL
1609,ase_pt_8b4dd53a96554dfd,1,LONG,CALL
1045,ase_pt_8b9f1e603d544491,1,LONG,PUT
1046,ase_pt_8b9f1e603d544491,1,SHORT,PUT
1047,ase_pt_8b9f1e603d544491,1,SHORT,CALL
1048,ase_pt_8b9f1e603d544491,1,LONG,CALL
1142,ase_pt_8bb5c04c7e374521,1,SHORT,PUT
1143,ase_pt_8bb5c04c7e374521,1,LONG,PUT
2139,ase_pt_8c37415feac34594,1,LONG,PUT
2140,ase_pt_8c37415feac34594,1,SHORT,PUT
2141,ase_pt_8c37415feac34594,1,SHORT,CALL
2142,ase_pt_8c37415feac34594,1,LONG,CALL
1624,ase_pt_8c79bccb949e4c7e,1,LONG,CALL
1625,ase_pt_8c79bccb949e4c7e,1,SHORT,CALL
1513,ase_pt_8cea473fdd8847ee,1,SHORT,CALL
1514,ase_pt_8cea473fdd8847ee,1,LONG,CALL
1515,ase_pt_8cea473fdd8847ee,1,SHORT,PUT
1516,ase_pt_8cea473fdd8847ee,1,LONG,PUT
1316,ase_pt_8d272733b82b486a,1,LONG,CALL
1317,ase_pt_8d272733b82b486a,1,SHORT,CALL
1318,ase_pt_8d272733b82b486a,1,SHORT,PUT
1319,ase_pt_8d272733b82b486a,1,LONG,PUT
1034,ase_pt_8d400ce6441c4402,1,LONG,PUT
1035,ase_pt_8d400ce6441c4402,1,SHORT,PUT
1036,ase_pt_8d400ce6441c4402,1,SHORT,CALL
1037,ase_pt_8d400ce6441c4402,1,LONG,CALL
912,ase_pt_8dbc75e418544b88,1,LONG,CALL
913,ase_pt_8dbc75e418544b88,2,SHORT,CALL
914,ase_pt_8dbc75e418544b88,1,LONG,CALL
1878,ase_pt_8dc0c46744d64953,1,LONG,CALL
1879,ase_pt_8dc0c46744d64953,1,SHORT,CALL
520,ase_pt_8e442eea96e1491f,1,LONG,PUT
521,ase_pt_8e442eea96e1491f,1,SHORT,PUT
2133,ase_pt_8e69571ed93942dd,1,LONG,PUT
2134,ase_pt_8e69571ed93942dd,1,SHORT,PUT
2135,ase_pt_8e69571ed93942dd,1,SHORT,CALL
2136,ase_pt_8e69571ed93942dd,1,LONG,CALL
1924,ase_pt_8ed093812bf24ba3,1,SHORT,CALL
1925,ase_pt_8ed093812bf24ba3,1,LONG,CALL
1396,ase_pt_8f07b5e253e84aac,1,LONG,PUT
1736,ase_pt_8f40bc8450a040f2,1,LONG,PUT
1737,ase_pt_8f40bc8450a040f2,1,SHORT,PUT
1738,ase_pt_8f40bc8450a040f2,1,SHORT,CALL
1739,ase_pt_8f40bc8450a040f2,1,LONG,CALL
1094,ase_pt_8f481826e0ff4f9b,1,SHORT,CALL
1095,ase_pt_8f481826e0ff4f9b,1,LONG,CALL
128,ase_pt_8fc139721c9c4d94,1,LONG,CALL
129,ase_pt_8fc139721c9c4d94,1,SHORT,CALL
546,ase_pt_8fdcc3627c754690,2,LONG,CALL
547,ase_pt_8fdcc3627c754690,2,LONG,PUT
548,ase_pt_8fdcc3627c754690,1,SHORT,CALL
549,ase_pt_8fdcc3627c754690,1,SHORT,PUT
1389,ase_pt_90567077eb144619,1,LONG,PUT
429,ase_pt_9089a990edab441c,1,LONG,PUT
120,ase_pt_90aebf88d50e4c5e,1,LONG,CALL
121,ase_pt_90aebf88d50e4c5e,1,SHORT,CALL
1582,ase_pt_90b15fbbc1784cbe,1,SHORT,PUT
1583,ase_pt_90b15fbbc1784cbe,1,LONG,PUT
1890,ase_pt_90ec6ab58d4a433f,1,LONG,CALL
1891,ase_pt_90ec6ab58d4a433f,1,SHORT,CALL
1190,ase_pt_90fdbdd9ef814faa,1,SHORT,CALL
1191,ase_pt_90fdbdd9ef814faa,1,LONG,CALL
1192,ase_pt_90fdbdd9ef814faa,1,SHORT,PUT
1193,ase_pt_90fdbdd9ef814faa,1,LONG,PUT
2012,ase_pt_9179e74a98ee4988,1,LONG,CALL
2013,ase_pt_9179e74a98ee4988,3,SHORT,CALL
2014,ase_pt_9179e74a98ee4988,2,LONG,CALL
1852,ase_pt_9193accc15f84997,1,LONG,CALL
1853,ase_pt_9193accc15f84997,2,SHORT,CALL
1854,ase_pt_9193accc15f84997,1,LONG,CALL
1855,ase_pt_9193accc15f84997,1,LONG,PUT
1856,ase_pt_9193accc15f84997,2,SHORT,PUT
1857,ase_pt_9193accc15f84997,1,LONG,PUT
770,ase_pt_9221343a8ff442c1,1,LONG,CALL
771,ase_pt_9221343a8ff442c1,1,SHORT,CALL
168,ase_pt_922c42b2e24d4fb5,1,SHORT,PUT
169,ase_pt_922c42b2e24d4fb5,1,LONG,PUT
1664,ase_pt_9304bdbefbc643c7,2,LONG,CALL
1665,ase_pt_9304bdbefbc643c7,2,LONG,PUT
1666,ase_pt_9304bdbefbc643c7,1,SHORT,CALL
1667,ase_pt_9304bdbefbc643c7,1,SHORT,PUT
400,ase_pt_931dd6df28c1477d,1,LONG,PUT
401,ase_pt_931dd6df28c1477d,1,SHORT,PUT
36,ase_pt_9348885232d04d4e,1,LONG,CALL
37,ase_pt_9348885232d04d4e,1,SHORT,CALL
1164,ase_pt_937155f971934804,1,LONG,CALL
1165,ase_pt_937155f971934804,1,SHORT,CALL
1740,ase_pt_937913978a7345bf,1,LONG,PUT
1741,ase_pt_937913978a7345bf,1,SHORT,PUT
1742,ase_pt_937913978a7345bf,1,SHORT,CALL
1743,ase_pt_937913978a7345bf,1,LONG,CALL
1744,ase_pt_937913978a7345bf,1,LONG,PUT
1745,ase_pt_937913978a7345bf,1,SHORT,PUT
1746,ase_pt_937913978a7345bf,1,SHORT,CALL
1747,ase_pt_937913978a7345bf,1,LONG,CALL
1407,ase_pt_938199d6acd74eb5,1,SHORT,CALL
1408,ase_pt_938199d6acd74eb5,1,LONG,CALL
372,ase_pt_93a3a93c4f9f4e12,1,LONG,CALL
373,ase_pt_93a3a93c4f9f4e12,2,SHORT,CALL
374,ase_pt_93a3a93c4f9f4e12,1,LONG,CALL
2152,ase_pt_9403ce850be042b9,1,LONG,PUT
2153,ase_pt_9403ce850be042b9,1,SHORT,PUT
2154,ase_pt_9403ce850be042b9,1,SHORT,CALL
2155,ase_pt_9403ce850be042b9,1,LONG,CALL
592,ase_pt_946b75d084744dd5,1,LONG,CALL
593,ase_pt_946b75d084744dd5,2,SHORT,CALL
594,ase_pt_946b75d084744dd5,1,LONG,CALL
826,ase_pt_94869ecb05004e5d,1,LONG,CALL
827,ase_pt_94869ecb05004e5d,1,SHORT,CALL
638,ase_pt_949f8a36d9124d7b,1,LONG,PUT
639,ase_pt_949f8a36d9124d7b,1,SHORT,PUT
640,ase_pt_949f8a36d9124d7b,1,SHORT,CALL
641,ase_pt_949f8a36d9124d7b,1,LONG,CALL
1630,ase_pt_95154129d2f04501,1,SHORT,CALL
1631,ase_pt_95154129d2f04501,1,LONG,CALL
1894,ase_pt_952d56fbc7614422,1,LONG,CALL
1895,ase_pt_952d56fbc7614422,1,SHORT,CALL
984,ase_pt_963783dd4e834ad5,1,LONG,CALL
985,ase_pt_963783dd4e834ad5,1,SHORT,CALL
986,ase_pt_963783dd4e834ad5,1,SHORT,PUT
987,ase_pt_963783dd4e834ad5,1,LONG,PUT
1201,ase_pt_9685e32cd4cc4f00,1,LONG,PUT
1202,ase_pt_9685e32cd4cc4f00,2,SHORT,PUT
1203,ase_pt_9685e32cd4cc4f00,1,LONG,PUT
1455,ase_pt_96afe39b761e4ad1,1,SHORT,CALL
1456,ase_pt_96afe39b761e4ad1,1,LONG,CALL
692,ase_pt_96c335fbcd3f4c4f,1,LONG,CALL
693,ase_pt_96c335fbcd3f4c4f,2,SHORT,CALL
694,ase_pt_96c335fbcd3f4c4f,1,LONG,CALL
476,ase_pt_97126c75c93c44f0,1,LONG,PUT
477,ase_pt_97126c75c93c44f0,1,SHORT,PUT
1592,ase_pt_9718d1dd9d2d406c,1,SHORT,PUT
1593,ase_pt_9718d1dd9d2d406c,1,LONG,PUT
1672,ase_pt_971b825f23974ec3,1,LONG,CALL
1673,ase_pt_971b825f23974ec3,1,SHORT,CALL
1674,ase_pt_971b825f23974ec3,1,LONG,PUT
1675,ase_pt_971b825f23974ec3,1,SHORT,PUT
1070,ase_pt_974bac188a97487c,1,LONG,CALL
482,ase_pt_977ced069bc5425b,1,LONG,PUT
483,ase_pt_977ced069bc5425b,1,SHORT,PUT
484,ase_pt_977ced069bc5425b,1,SHORT,CALL
485,ase_pt_977ced069bc5425b,1,LONG,CALL
1964,ase_pt_97bde6ee96964044,1,LONG,PUT
1965,ase_pt_97bde6ee96964044,1,SHORT,PUT
2110,ase_pt_98831dcb66714fbe,1,LONG,PUT
2111,ase_pt_98831dcb66714fbe,1,SHORT,PUT
866,ase_pt_989392eefb9541f2,2,LONG,CALL
867,ase_pt_989392eefb9541f2,2,LONG,PUT
868,ase_pt_989392eefb9541f2,1,SHORT,CALL
869,ase_pt_989392eefb9541f2,1,SHORT,PUT
977,ase_pt_98a9900391574b3c,1,LONG,PUT
978,ase_pt_98a9900391574b3c,2,SHORT,PUT
979,ase_pt_98a9900391574b3c,1,LONG,PUT
35,ase_pt_99857ff17e444244,1,LONG,CALL
166,ase_pt_99cb0be7029b4a82,1,SHORT,CALL
167,ase_pt_99cb0be7029b4a82,1,LONG,CALL
390,ase_pt_9aa23c0340c74068,1,LONG,CALL
391,ase_pt_9aa23c0340c74068,1,SHORT,CALL
392,ase_pt_9aa23c0340c74068,1,SHORT,PUT
393,ase_pt_9aa23c0340c74068,1,LONG,PUT
1547,ase_pt_9ac2841b15404bcd,1,LONG,PUT
1391,ase_pt_9ac53dd86a4a49db,1,LONG,CALL
1660,ase_pt_9ad847fa6c644d6e,1,SHORT,CALL
1661,ase_pt_9ad847fa6c644d6e,1,SHORT,PUT
1662,ase_pt_9ad847fa6c644d6e,1,LONG,CALL
1663,ase_pt_9ad847fa6c644d6e,1,LONG,PUT
707,ase_pt_9ae3a43abb114bb3,1,LONG,CALL
708,ase_pt_9ae3a43abb114bb3,2,SHORT,CALL
709,ase_pt_9ae3a43abb114bb3,1,LONG,CALL
778,ase_pt_9b4f4bfe915d486c,1,LONG,PUT
779,ase_pt_9b4f4bfe915d486c,1,SHORT,PUT
2172,ase_pt_9bb6a291e8394a63,1,LONG,CALL
2173,ase_pt_9bb6a291e8394a63,2,SHORT,CALL
2174,ase_pt_9bb6a291e8394a63,1,LONG,CALL
2175,ase_pt_9bb6a291e8394a63,1,LONG,PUT
2176,ase_pt_9bb6a291e8394a63,2,SHORT,PUT
2177,ase_pt_9bb6a291e8394a63,1,LONG,PUT
1562,ase_pt_9bf39c88fddc4d28,1,SHORT,CALL
1563,ase_pt_9bf39c88fddc4d28,1,LONG,CALL
1974,ase_pt_9c0bca498cd943c1,1,LONG,CALL
1975,ase_pt_9c0bca498cd943c1,1,LONG,PUT
762,ase_pt_9c6a842c94f74f0c,1,LONG,CALL
763,ase_pt_9c6a842c94f74f0c,1,SHORT,CALL
1628,ase_pt_9c780403c45a475f,1,LONG,CALL
1629,ase_pt_9c780403c45a475f,1,SHORT,CALL
1606,ase_pt_9c7a74fa838e4e13,1,SHORT,PUT
1607,ase_pt_9c7a74fa838e4e13,1,LONG,PUT
1086,ase_pt_9ce40b1112c2482f,1,SHORT,CALL
1087,ase_pt_9ce40b1112c2482f,1,LONG,CALL
452,ase_pt_9d1f3d6be1de42e7,1,LONG,CALL
453,ase_pt_9d1f3d6be1de42e7,1,SHORT,CALL
1632,ase_pt_9d28f94eaeaf4126,1,LONG,CALL
1633,ase_pt_9d28f94eaeaf4126,1,SHORT,CALL
1634,ase_pt_9d28f94eaeaf4126,1,LONG,PUT
1635,ase_pt_9d28f94eaeaf4126,1,SHORT,PUT
1772,ase_pt_9e412b9c46f64e91,1,LONG,CALL
1773,ase_pt_9e412b9c46f64e91,2,SHORT,CALL
1774,ase_pt_9e412b9c46f64e91,1,LONG,CALL
486,ase_pt_9e5cf737f8e74fa3,1,SHORT,CALL
487,ase_pt_9e5cf737f8e74fa3,1,LONG,CALL
156,ase_pt_9f12756001424bb1,1,LONG,PUT
157,ase_pt_9f12756001424bb1,1,SHORT,PUT
1618,ase_pt_9f6f3232705d4af8,1,SHORT,CALL
1619,ase_pt_9f6f3232705d4af8,1,LONG,CALL
764,ase_pt_a0f182a9ba75429b,1,SHORT,CALL
765,ase_pt_a0f182a9ba75429b,1,LONG,CALL
1768,ase_pt_a14c917b2b5f4bac,1,SHORT,CALL
1769,ase_pt_a14c917b2b5f4bac,2,LONG,CALL
1652,ase_pt_a177f80b7b324348,1,LONG,CALL
1653,ase_pt_a177f80b7b324348,1,LONG,PUT
344,ase_pt_a1c8e3c5b81941d4,1,LONG,CALL
345,ase_pt_a1c8e3c5b81941d4,1,SHORT,CALL
346,ase_pt_a1c8e3c5b81941d4,1,SHORT,PUT
347,ase_pt_a1c8e3c5b81941d4,1,LONG,PUT
1710,ase_pt_a1d17b4de5fb4ab9,1,LONG,CALL
1711,ase_pt_a1d17b4de5fb4ab9,2,SHORT,CALL
1712,ase_pt_a1d17b4de5fb4ab9,1,LONG,CALL
1092,ase_pt_a1fcb5049d0f413b,1,LONG,CALL
1093,ase_pt_a1fcb5049d0f413b,1,SHORT,CALL
1004,ase_pt_a2df9c7deeea4407,1,LONG,CALL
1005,ase_pt_a2df9c7deeea4407,1,LONG,PUT
824,ase_pt_a36cd5a474524c44,1,LONG,CALL
825,ase_pt_a36cd5a474524c44,1,SHORT,CALL
2060,ase_pt_a41cbde2d94b40f5,1,LONG,PUT
2061,ase_pt_a41cbde2d94b40f5,1,SHORT,PUT
2062,ase_pt_a41cbde2d94b40f5,1,SHORT,CALL
2063,ase_pt_a41cbde2d94b40f5,1,LONG,CALL
2064,ase_pt_a41cbde2d94b40f5,1,LONG,PUT
2065,ase_pt_a41cbde2d94b40f5,1,SHORT,PUT
2066,ase_pt_a41cbde2d94b40f5,1,SHORT,CALL
2067,ase_pt_a41cbde2d94b40f5,1,LONG,CALL
1178,ase_pt_a46af2f3109f4baf,2,LONG,CALL
1179,ase_pt_a46af2f3109f4baf,1,LONG,PUT
1160,ase_pt_a56d6cd8ff234e19,1,LONG,PUT
1161,ase_pt_a56d6cd8ff234e19,1,SHORT,PUT
756,ase_pt_a786e2c48589413f,1,LONG,PUT
757,ase_pt_a786e2c48589413f,1,SHORT,PUT
1360,ase_pt_a81db8b53b0a4269,1,LONG,PUT
1361,ase_pt_a81db8b53b0a4269,1,SHORT,PUT
1388,ase_pt_a81f2a870e1640c5,1,LONG,CALL
2052,ase_pt_a84f030dddc84b5c,1,LONG,PUT
2053,ase_pt_a84f030dddc84b5c,1,SHORT,PUT
2054,ase_pt_a84f030dddc84b5c,1,SHORT,CALL
2055,ase_pt_a84f030dddc84b5c,1,LONG,CALL
614,ase_pt_a8b9f5ecf5284755,1,LONG,PUT
615,ase_pt_a8b9f5ecf5284755,1,SHORT,PUT
616,ase_pt_a8b9f5ecf5284755,1,SHORT,CALL
617,ase_pt_a8b9f5ecf5284755,1,LONG,CALL
2163,ase_pt_a96a5356fe294b6a,1,LONG,PUT
2164,ase_pt_a96a5356fe294b6a,1,SHORT,PUT
2165,ase_pt_a96a5356fe294b6a,1,SHORT,CALL
2166,ase_pt_a96a5356fe294b6a,1,LONG,CALL
430,ase_pt_a9753a5b1a1b4f5e,1,LONG,CALL
2009,ase_pt_a9ede8c2b6164324,1,LONG,PUT
2010,ase_pt_a9ede8c2b6164324,2,SHORT,PUT
2011,ase_pt_a9ede8c2b6164324,1,LONG,PUT
206,ase_pt_aa854a4440c0485e,1,LONG,PUT
207,ase_pt_aa854a4440c0485e,1,SHORT,PUT
577,ase_pt_aa91c2601a534cca,1,LONG,CALL
578,ase_pt_aa91c2601a534cca,2,SHORT,CALL
579,ase_pt_aa91c2601a534cca,1,LONG,CALL
364,ase_pt_aaac37a07a91407d,1,LONG,CALL
365,ase_pt_aaac37a07a91407d,1,LONG,PUT
118,ase_pt_ab7790faa1c546cf,1,LONG,CALL
119,ase_pt_ab7790faa1c546cf,1,SHORT,CALL
1640,ase_pt_abd22434ae404043,1,LONG,CALL
1641,ase_pt_abd22434ae404043,1,SHORT,CALL
538,ase_pt_ac4b9034cd964425,2,LONG,CALL
539,ase_pt_ac4b9034cd964425,1,LONG,PUT
2145,ase_pt_ad101c6b69114db6,1,LONG,CALL
2146,ase_pt_ad101c6b69114db6,2,SHORT,CALL
2147,ase_pt_ad101c6b69114db6,1,LONG,CALL
1646,ase_pt_ad40ee17f4b24319,1,LONG,CALL
1647,ase_pt_ad40ee17f4b24319,1,SHORT,CALL
1648,ase_pt_ad40ee17f4b24319,1,LONG,PUT
1649,ase_pt_ad40ee17f4b24319,1,SHORT,PUT
1586,ase_pt_adbf72e54bee4e93,1,LONG,PUT
1587,ase_pt_adbf72e54bee4e93,1,SHORT,PUT
1208,ase_pt_ae12830c35754db8,1,LONG,CALL
1209,ase_pt_ae12830c35754db8,2,SHORT,CALL
1210,ase_pt_ae12830c35754db8,1,LONG,CALL
1832,ase_pt_ae94e90407ed4ee8,1,LONG,PUT
1833,ase_pt_ae94e90407ed4ee8,1,SHORT,PUT
1834,ase_pt_ae94e90407ed4ee8,1,SHORT,CALL
1835,ase_pt_ae94e90407ed4ee8,1,LONG,CALL
574,ase_pt_aeb5d4d092ea48cc,1,LONG,CALL
575,ase_pt_aeb5d4d092ea48cc,3,SHORT,CALL
576,ase_pt_aeb5d4d092ea48cc,2,LONG,CALL
1467,ase_pt_af7b9105f1b44a39,1,LONG,CALL
1468,ase_pt_af7b9105f1b44a39,1,SHORT,CALL
1804,ase_pt_afb8e8c13d074159,1,LONG,CALL
1805,ase_pt_afb8e8c13d074159,1,SHORT,CALL
2106,ase_pt_afbccbf809824372,1,SHORT,CALL
2107,ase_pt_afbccbf809824372,1,LONG,CALL
2108,ase_pt_afbccbf809824372,1,LONG,PUT
2109,ase_pt_afbccbf809824372,1,SHORT,PUT
1950,ase_pt_b02668e8ecc4498d,1,SHORT,CALL
1951,ase_pt_b02668e8ecc4498d,1,LONG,CALL
448,ase_pt_b0a34de8bfd04d85,1,LONG,CALL
449,ase_pt_b0a34de8bfd04d85,1,SHORT,CALL
1612,ase_pt_b0b1fcb3e5e440bf,1,SHORT,CALL
1613,ase_pt_b0b1fcb3e5e440bf,1,LONG,CALL
1614,ase_pt_b0b1fcb3e5e440bf,1,SHORT,PUT
1615,ase_pt_b0b1fcb3e5e440bf,1,LONG,PUT
718,ase_pt_b0bae41a8b684f02,1,LONG,CALL
719,ase_pt_b0bae41a8b684f02,1,LONG,PUT
1419,ase_pt_b0cb97a05fe0422f,1,LONG,CALL
1420,ase_pt_b0cb97a05fe0422f,1,SHORT,CALL
2040,ase_pt_b0eeb4319ad54360,1,LONG,PUT
2041,ase_pt_b0eeb4319ad54360,1,SHORT,PUT
2042,ase_pt_b0eeb4319ad54360,1,SHORT,CALL
2043,ase_pt_b0eeb4319ad54360,1,LONG,CALL
1392,ase_pt_b143fca2d6684ea9,1,LONG,PUT
701,ase_pt_b17fef4b11414c67,1,LONG,PUT
702,ase_pt_b17fef4b11414c67,1,SHORT,PUT
703,ase_pt_b17fef4b11414c67,1,SHORT,CALL
704,ase_pt_b17fef4b11414c67,1,LONG,CALL
2102,ase_pt_b18fa90299b1435f,1,LONG,CALL
2103,ase_pt_b18fa90299b1435f,1,SHORT,CALL
2104,ase_pt_b18fa90299b1435f,1,SHORT,PUT
2105,ase_pt_b18fa90299b1435f,1,LONG,PUT
1874,ase_pt_b19c89664d8d4c91,1,LONG,PUT
1875,ase_pt_b19c89664d8d4c91,1,SHORT,PUT
1054,ase_pt_b217288663e64abf,1,LONG,CALL
1055,ase_pt_b217288663e64abf,2,SHORT,CALL
1056,ase_pt_b217288663e64abf,1,LONG,CALL
1057,ase_pt_b217288663e64abf,1,LONG,PUT
1058,ase_pt_b217288663e64abf,2,SHORT,PUT
1059,ase_pt_b217288663e64abf,1,LONG,PUT
230,ase_pt_b2ca50de093b4563,1,SHORT,CALL
231,ase_pt_b2ca50de093b4563,1,LONG,CALL
232,ase_pt_b2ca50de093b4563,1,SHORT,PUT
233,ase_pt_b2ca50de093b4563,1,LONG,PUT
1594,ase_pt_b3196782bca54c2f,1,LONG,PUT
1595,ase_pt_b3196782bca54c2f,1,SHORT,PUT
158,ase_pt_b31a4d1261f343e9,1,LONG,CALL
159,ase_pt_b31a4d1261f343e9,1,SHORT,CALL
160,ase_pt_b31a4d1261f343e9,1,SHORT,PUT
161,ase_pt_b31a4d1261f343e9,1,LONG,PUT
492,ase_pt_b3dcd42cff494334,1,SHORT,CALL
493,ase_pt_b3dcd42cff494334,1,LONG,CALL
428,ase_pt_b4fa0790417d42e0,1,LONG,CALL
1868,ase_pt_b52bfbe48bc7409c,1,LONG,CALL
474,ase_pt_b544d413f1fa4fbe,1,SHORT,PUT
475,ase_pt_b544d413f1fa4fbe,1,LONG,PUT
1441,ase_pt_b561dca737e64954,1,LONG,CALL
1442,ase_pt_b561dca737e64954,1,SHORT,CALL
1443,ase_pt_b561dca737e64954,1,SHORT,PUT
1444,ase_pt_b561dca737e64954,1,LONG,PUT
1128,ase_pt_b56a1c5009bc48ba,1,SHORT,PUT
1129,ase_pt_b56a1c5009bc48ba,1,LONG,PUT
263,ase_pt_b592a8277a61404c,1,LONG,CALL
264,ase_pt_b592a8277a61404c,2,SHORT,CALL
265,ase_pt_b592a8277a61404c,1,LONG,CALL
2084,ase_pt_b5a80c476a354e47,1,SHORT,PUT
2085,ase_pt_b5a80c476a354e47,1,SHORT,CALL
2086,ase_pt_b5a80c476a354e47,1,LONG,PUT
2087,ase_pt_b5a80c476a354e47,1,LONG,CALL
1132,ase_pt_b62d17470e3d4853,1,SHORT,CALL
1133,ase_pt_b62d17470e3d4853,1,LONG,CALL
502,ase_pt_b6be8e95c33a4553,1,SHORT,PUT
503,ase_pt_b6be8e95c33a4553,1,LONG,PUT
650,ase_pt_b6c5e61a736a4625,1,SHORT,CALL
651,ase_pt_b6c5e61a736a4625,2,LONG,CALL
822,ase_pt_b70d6af2f94d4814,1,SHORT,PUT
823,ase_pt_b70d6af2f94d4814,1,LONG,PUT
1166,ase_pt_b73e0508eca949e8,1,LONG,PUT
1167,ase_pt_b73e0508eca949e8,1,SHORT,PUT
1600,ase_pt_b78de49d410c4b6a,1,LONG,PUT
1601,ase_pt_b78de49d410c4b6a,1,SHORT,PUT
1602,ase_pt_b78de49d410c4b6a,1,SHORT,CALL
1603,ase_pt_b78de49d410c4b6a,1,LONG,CALL
2148,ase_pt_b816b72e7a2f46dc,1,LONG,CALL
2149,ase_pt_b816b72e7a2f46dc,1,SHORT,CALL
2150,ase_pt_b816b72e7a2f46dc,1,SHORT,PUT
2151,ase_pt_b816b72e7a2f46dc,1,LONG,PUT
111,ase_pt_b81ee0040f7d4f04,1,LONG,PUT
2088,ase_pt_b82b26af17754238,1,SHORT,CALL
2089,ase_pt_b82b26af17754238,2,LONG,CALL
540,ase_pt_b8bb8ab33f7c4861,1,LONG,CALL
541,ase_pt_b8bb8ab33f7c4861,2,LONG,PUT
532,ase_pt_b960fd2b68d648d3,1,LONG,CALL
533,ase_pt_b960fd2b68d648d3,1,SHORT,CALL
2137,ase_pt_ba237dbdad944b8b,1,LONG,CALL
2138,ase_pt_ba237dbdad944b8b,1,SHORT,CALL
1499,ase_pt_ba7fa2bd655642a4,1,LONG,CALL
1500,ase_pt_ba7fa2bd655642a4,1,LONG,PUT
2092,ase_pt_ba89af7af8ba4e0a,1,LONG,CALL
2093,ase_pt_ba89af7af8ba4e0a,2,SHORT,CALL
2094,ase_pt_ba89af7af8ba4e0a,1,LONG,CALL
1074,ase_pt_baad41bd56d44e0e,1,LONG,CALL
1075,ase_pt_baad41bd56d44e0e,1,SHORT,CALL
94,ase_pt_bacc84d4772d447c,1,LONG,CALL
95,ase_pt_bacc84d4772d447c,2,SHORT,CALL
96,ase_pt_bacc84d4772d447c,1,LONG,CALL
888,ase_pt_bb138449b1884e36,1,LONG,CALL
889,ase_pt_bb138449b1884e36,2,SHORT,CALL
890,ase_pt_bb138449b1884e36,1,LONG,CALL
858,ase_pt_bb16728c9ab74c57,2,LONG,CALL
859,ase_pt_bb16728c9ab74c57,1,LONG,PUT
970,ase_pt_bb4541f2bdfc46ca,1,SHORT,CALL
971,ase_pt_bb4541f2bdfc46ca,2,LONG,CALL
602,ase_pt_bb9a1f6f28054353,1,LONG,PUT
603,ase_pt_bb9a1f6f28054353,1,SHORT,PUT
604,ase_pt_bb9a1f6f28054353,1,SHORT,CALL
605,ase_pt_bb9a1f6f28054353,1,LONG,CALL
1072,ase_pt_bbb2af4febbf44fa,1,LONG,CALL
409,ase_pt_bbd9a12dae4b4160,1,LONG,CALL
410,ase_pt_bbd9a12dae4b4160,1,SHORT,CALL
411,ase_pt_bbd9a12dae4b4160,1,LONG,CALL
412,ase_pt_bbd9a12dae4b4160,1,SHORT,CALL
413,ase_pt_bbd9a12dae4b4160,1,LONG,PUT
686,ase_pt_bbfe78136a6145df,1,LONG,CALL
687,ase_pt_bbfe78136a6145df,1,SHORT,CALL
438,ase_pt_bc60609866cf4c0f,1,LONG,CALL
439,ase_pt_bc60609866cf4c0f,1,SHORT,CALL
1108,ase_pt_bcbabed4ff834d64,1,LONG,PUT
1109,ase_pt_bcbabed4ff834d64,1,SHORT,PUT
222,ase_pt_bce325b6dbd949b5,1,SHORT,CALL
223,ase_pt_bce325b6dbd949b5,1,SHORT,PUT
224,ase_pt_bce325b6dbd949b5,1,LONG,CALL
225,ase_pt_bce325b6dbd949b5,1,LONG,PUT
134,ase_pt_bda5c6e34e8646be,1,SHORT,CALL
135,ase_pt_bda5c6e34e8646be,1,LONG,CALL
72,ase_pt_bdd79945f43049f0,1,SHORT,PUT
73,ase_pt_bdd79945f43049f0,1,LONG,PUT
74,ase_pt_bdd79945f43049f0,1,SHORT,CALL
75,ase_pt_bdd79945f43049f0,1,LONG,CALL
1021,ase_pt_bed69d2bf32e4b21,1,LONG,PUT
1022,ase_pt_bed69d2bf32e4b21,1,SHORT,PUT
1023,ase_pt_bed69d2bf32e4b21,1,SHORT,CALL
1024,ase_pt_bed69d2bf32e4b21,1,LONG,CALL
69,ase_pt_bf1cf12068b3467c,1,LONG,CALL
70,ase_pt_bf1cf12068b3467c,2,SHORT,CALL
71,ase_pt_bf1cf12068b3467c,1,LONG,CALL
144,ase_pt_bf38b5588ca045ca,1,SHORT,PUT
145,ase_pt_bf38b5588ca045ca,1,LONG,PUT
1235,ase_pt_bf3cd83403654aef,1,LONG,CALL
1236,ase_pt_bf3cd83403654aef,2,SHORT,CALL
1237,ase_pt_bf3cd83403654aef,1,LONG,CALL
992,ase_pt_bf9746964617425a,1,LONG,PUT
993,ase_pt_bf9746964617425a,1,SHORT,PUT
2048,ase_pt_bfac9a1717b7484c,1,SHORT,PUT
2049,ase_pt_bfac9a1717b7484c,1,LONG,PUT
2050,ase_pt_bfac9a1717b7484c,1,LONG,CALL
2051,ase_pt_bfac9a1717b7484c,1,SHORT,CALL
1760,ase_pt_bfcbb0e9be454d9a,1,LONG,PUT
1761,ase_pt_bfcbb0e9be454d9a,1,SHORT,PUT
1762,ase_pt_bfcbb0e9be454d9a,1,SHORT,CALL
1763,ase_pt_bfcbb0e9be454d9a,1,LONG,CALL
934,ase_pt_bfcfa9b74a7841ec,1,LONG,PUT
935,ase_pt_bfcfa9b74a7841ec,1,SHORT,PUT
936,ase_pt_bfcfa9b74a7841ec,1,SHORT,CALL
937,ase_pt_bfcfa9b74a7841ec,1,LONG,CALL
58,ase_pt_c07afef2857d49ed,1,LONG,CALL
59,ase_pt_c07afef2857d49ed,1,SHORT,CALL
1876,ase_pt_c10d6a979ce8484c,1,LONG,CALL
1877,ase_pt_c10d6a979ce8484c,1,SHORT,CALL
1732,ase_pt_c13e4aa9be584415,1,LONG,PUT
1733,ase_pt_c13e4aa9be584415,1,SHORT,PUT
1734,ase_pt_c13e4aa9be584415,1,SHORT,CALL
1735,ase_pt_c13e4aa9be584415,1,LONG,CALL
870,ase_pt_c15348efbf064e5a,1,SHORT,CALL
871,ase_pt_c15348efbf064e5a,1,LONG,CALL
872,ase_pt_c15348efbf064e5a,1,SHORT,PUT
873,ase_pt_c15348efbf064e5a,1,LONG,PUT
1501,ase_pt_c1b18ab884d94247,2,LONG,CALL
1502,ase_pt_c1b18ab884d94247,1,LONG,PUT
1792,ase_pt_c1c2c821260347b3,1,LONG,PUT
1793,ase_pt_c1c2c821260347b3,1,SHORT,PUT
1194,ase_pt_c1cb14c33f0a40db,1,LONG,CALL
1195,ase_pt_c1cb14c33f0a40db,1,SHORT,CALL
1196,ase_pt_c1cb14c33f0a40db,1,LONG,PUT
1197,ase_pt_c1cb14c33f0a40db,1,SHORT,PUT
1790,ase_pt_c1e850d101f94cfc,1,LONG,PUT
1791,ase_pt_c1e850d101f94cfc,1,SHORT,PUT
1130,ase_pt_c22a27dc84f148ae,1,SHORT,CALL
1131,ase_pt_c22a27dc84f148ae,1,LONG,CALL
1916,ase_pt_c319fad03c394a4c,1,LONG,CALL
1917,ase_pt_c319fad03c394a4c,1,SHORT,CALL
1918,ase_pt_c319fad03c394a4c,1,SHORT,PUT
1919,ase_pt_c319fad03c394a4c,1,LONG,PUT
524,ase_pt_c36ecfd5501c47a4,1,LONG,CALL
525,ase_pt_c36ecfd5501c47a4,1,SHORT,CALL
657,ase_pt_c3b3676b3dca4053,1,LONG,PUT
658,ase_pt_c3b3676b3dca4053,2,SHORT,PUT
659,ase_pt_c3b3676b3dca4053,1,LONG,PUT
2128,ase_pt_c41a7642575b484e,1,LONG,CALL
2129,ase_pt_c41a7642575b484e,1,LONG,PUT
915,ase_pt_c45fec7c13434445,1,LONG,CALL
916,ase_pt_c45fec7c13434445,2,SHORT,CALL
917,ase_pt_c45fec7c13434445,1,LONG,CALL
1483,ase_pt_c467febe9f4646de,1,LONG,PUT
1484,ase_pt_c467febe9f4646de,1,SHORT,PUT
1335,ase_pt_c5be21acb3394fec,1,LONG,PUT
1336,ase_pt_c5be21acb3394fec,1,SHORT,PUT
1337,ase_pt_c5be21acb3394fec,1,SHORT,CALL
1338,ase_pt_c5be21acb3394fec,1,LONG,CALL
930,ase_pt_c5e54d1c2fad41cc,1,SHORT,PUT
931,ase_pt_c5e54d1c2fad41cc,1,LONG,PUT
932,ase_pt_c5e54d1c2fad41cc,1,LONG,CALL
933,ase_pt_c5e54d1c2fad41cc,1,SHORT,CALL
1802,ase_pt_c5fdce8b34414e05,1,LONG,CALL
1803,ase_pt_c5fdce8b34414e05,1,LONG,PUT
1174,ase_pt_c62db28384754bcc,1,LONG,CALL
1175,ase_pt_c62db28384754bcc,1,LONG,PUT
2095,ase_pt_c63b5ebecfbb40ba,1,LONG,PUT
2096,ase_pt_c63b5ebecfbb40ba,2,SHORT,PUT
2097,ase_pt_c63b5ebecfbb40ba,1,LONG,PUT
1636,ase_pt_c66cffc7f7554a9e,1,LONG,CALL
1637,ase_pt_c66cffc7f7554a9e,1,SHORT,CALL
2068,ase_pt_c693893a29cf4a5c,1,LONG,PUT
2069,ase_pt_c693893a29cf4a5c,1,SHORT,PUT
2070,ase_pt_c693893a29cf4a5c,1,SHORT,CALL
2071,ase_pt_c693893a29cf4a5c,1,LONG,CALL
1088,ase_pt_c6a51fd7f76347fe,1,LONG,CALL
1089,ase_pt_c6a51fd7f76347fe,1,SHORT,CALL
1220,ase_pt_c6e58215b6bc4846,1,LONG,CALL
1221,ase_pt_c6e58215b6bc4846,2,SHORT,CALL
1222,ase_pt_c6e58215b6bc4846,1,LONG,CALL
894,ase_pt_c7352c9de31649d5,1,LONG,CALL
895,ase_pt_c7352c9de31649d5,3,SHORT,CALL
896,ase_pt_c7352c9de31649d5,2,LONG,CALL
234,ase_pt_c7a2f3b519e24441,1,LONG,CALL
235,ase_pt_c7a2f3b519e24441,1,SHORT,CALL
236,ase_pt_c7a2f3b519e24441,1,LONG,PUT
237,ase_pt_c7a2f3b519e24441,1,SHORT,PUT
561,ase_pt_c8310c4a33604a82,1,LONG,PUT
562,ase_pt_c8310c4a33604a82,2,SHORT,PUT
563,ase_pt_c8310c4a33604a82,1,LONG,PUT
456,ase_pt_c83827516c75413d,1,LONG,CALL
457,ase_pt_c83827516c75413d,1,SHORT,CALL
1465,ase_pt_c8a9b9a5f23c4a02,1,SHORT,PUT
1466,ase_pt_c8a9b9a5f23c4a02,1,LONG,PUT
1006,ase_pt_c8bf85c6ede2488b,1,LONG,CALL
1007,ase_pt_c8bf85c6ede2488b,1,SHORT,CALL
1010,ase_pt_c8dd09199fb94cf3,1,LONG,CALL
1011,ase_pt_c8dd09199fb94cf3,1,LONG,PUT
1308,ase_pt_c90f2d4483524cf3,1,SHORT,CALL
1309,ase_pt_c90f2d4483524cf3,1,LONG,CALL
1310,ase_pt_c90f2d4483524cf3,1,LONG,PUT
1311,ase_pt_c90f2d4483524cf3,1,SHORT,PUT
76,ase_pt_c9285bac7ab4456a,1,LONG,CALL
77,ase_pt_c9285bac7ab4456a,1,LONG,PUT
1952,ase_pt_c940efd2a9954b9d,1,LONG,CALL
1953,ase_pt_c940efd2a9954b9d,1,SHORT,CALL
1954,ase_pt_c940efd2a9954b9d,1,LONG,PUT
1955,ase_pt_c940efd2a9954b9d,1,SHORT,PUT
1421,ase_pt_c95aee18709e452c,1,LONG,PUT
1422,ase_pt_c95aee18709e452c,1,SHORT,PUT
753,ase_pt_c985351fe54449c8,1,LONG,PUT
950,ase_pt_c985b0ea78c349bf,1,LONG,PUT
951,ase_pt_c985b0ea78c349bf,1,SHORT,PUT
952,ase_pt_c985b0ea78c349bf,1,SHORT,CALL
953,ase_pt_c985b0ea78c349bf,1,LONG,CALL
1552,ase_pt_c9cf1e5947bb4752,1,LONG,CALL
1553,ase_pt_c9cf1e5947bb4752,1,SHORT,CALL
468,ase_pt_ca738e7c12374252,1,LONG,PUT
469,ase_pt_ca738e7c12374252,1,SHORT,PUT
654,ase_pt_cab5b30e65814c46,1,LONG,CALL
655,ase_pt_cab5b30e65814c46,2,SHORT,CALL
656,ase_pt_cab5b30e65814c46,1,LONG,CALL
1578,ase_pt_cb4bcbf8a2d84d5f,1,LONG,PUT
1579,ase_pt_cb4bcbf8a2d84d5f,1,SHORT,PUT
442,ase_pt_cbd5bf81793446d7,1,LONG,CALL
443,ase_pt_cbd5bf81793446d7,1,SHORT,CALL
1980,ase_pt_cc391a931e4f47f4,1,SHORT,CALL
1981,ase_pt_cc391a931e4f47f4,1,SHORT,PUT
1982,ase_pt_cc391a931e4f47f4,1,LONG,CALL
1983,ase_pt_cc391a931e4f47f4,1,LONG,PUT
1242,ase_pt_cc496e3791394bdd,1,LONG,PUT
1243,ase_pt_cc496e3791394bdd,1,SHORT,PUT
1244,ase_pt_cc496e3791394bdd,1,SHORT,CALL
1245,ase_pt_cc496e3791394bdd,1,LONG,CALL
660,ase_pt_cdcfed298b1248b7,1,SHORT,PUT
661,ase_pt_cdcfed298b1248b7,1,LONG,PUT
662,ase_pt_cdcfed298b1248b7,1,SHORT,CALL
663,ase_pt_cdcfed298b1248b7,1,LONG,CALL
1972,ase_pt_cecf9ac515e84f97,1,LONG,CALL
1973,ase_pt_cecf9ac515e84f97,1,LONG,PUT
1948,ase_pt_cf1c0cd326094aec,1,LONG,CALL
1949,ase_pt_cf1c0cd326094aec,1,SHORT,CALL
1078,ase_pt_cf555e7bab05428c,1,LONG,CALL
1079,ase_pt_cf555e7bab05428c,1,SHORT,CALL
1328,ase_pt_cfeb044893794459,1,LONG,CALL
1329,ase_pt_cfeb044893794459,1,LONG,PUT
97,ase_pt_d08c204af0aa4d79,1,SHORT,PUT
98,ase_pt_d08c204af0aa4d79,1,LONG,PUT
99,ase_pt_d08c204af0aa4d79,1,SHORT,CALL
100,ase_pt_d08c204af0aa4d79,1,LONG,CALL
1477,ase_pt_d1c575613d644f6d,1,LONG,CALL
1478,ase_pt_d1c575613d644f6d,1,SHORT,CALL
1479,ase_pt_d1c575613d644f6d,1,LONG,PUT
1480,ase_pt_d1c575613d644f6d,1,SHORT,PUT
1395,ase_pt_d2121d0c26e647d3,1,LONG,CALL
385,ase_pt_d2435f0b6b9843e7,1,LONG,CALL
386,ase_pt_d2435f0b6b9843e7,1,SHORT,CALL
749,ase_pt_d290c1a0e61b449f,1,LONG,PUT
1326,ase_pt_d339d8eab1824973,1,LONG,CALL
1327,ase_pt_d339d8eab1824973,1,SHORT,CALL
450,ase_pt_d364f8772e634ea2,1,LONG,CALL
451,ase_pt_d364f8772e634ea2,1,SHORT,CALL
1030,ase_pt_d3b5f2da35984057,1,LONG,CALL
1031,ase_pt_d3b5f2da35984057,1,SHORT,CALL
1032,ase_pt_d3b5f2da35984057,1,SHORT,PUT
1033,ase_pt_d3b5f2da35984057,1,LONG,PUT
1417,ase_pt_d41318d96c0c4c43,1,SHORT,CALL
1418,ase_pt_d41318d96c0c4c43,1,LONG,CALL
564,ase_pt_d416f4b7532c415c,1,LONG,CALL
565,ase_pt_d416f4b7532c415c,1,SHORT,CALL
566,ase_pt_d416f4b7532c415c,1,SHORT,PUT
567,ase_pt_d416f4b7532c415c,1,LONG,PUT
1543,ase_pt_d44e9670399c408a,1,LONG,CALL
1544,ase_pt_d44e9670399c408a,2,SHORT,CALL
1545,ase_pt_d44e9670399c408a,1,LONG,CALL
796,ase_pt_d4b58757814f4b80,1,LONG,PUT
797,ase_pt_d4b58757814f4b80,1,SHORT,PUT
1775,ase_pt_d5cd7abcf3714a9e,1,LONG,PUT
1776,ase_pt_d5cd7abcf3714a9e,2,SHORT,PUT
1777,ase_pt_d5cd7abcf3714a9e,1,LONG,PUT
1278,ase_pt_d63b61e91c314a4f,1,LONG,PUT
1279,ase_pt_d63b61e91c314a4f,1,SHORT,PUT
1280,ase_pt_d63b61e91c314a4f,1,SHORT,CALL
1281,ase_pt_d63b61e91c314a4f,1,LONG,CALL
1866,ase_pt_d65d6f9ae7c349d2,1,LONG,CALL
780,ase_pt_d66365d89f08431d,1,LONG,PUT
781,ase_pt_d66365d89f08431d,1,SHORT,PUT
1910,ase_pt_d69231f049ab4610,1,LONG,PUT
1911,ase_pt_d69231f049ab4610,1,SHORT,PUT
260,ase_pt_d6e7b562298d4374,1,LONG,CALL
261,ase_pt_d6e7b562298d4374,2,SHORT,CALL
262,ase_pt_d6e7b562298d4374,1,LONG,CALL
1345,ase_pt_d6ed352fe4334e51,1,LONG,CALL
1346,ase_pt_d6ed352fe4334e51,1,SHORT,CALL
1568,ase_pt_d6f552806c264371,1,LONG,CALL
1569,ase_pt_d6f552806c264371,1,SHORT,CALL
962,ase_pt_d742e132255243af,1,LONG,PUT
963,ase_pt_d742e132255243af,1,SHORT,PUT
964,ase_pt_d742e132255243af,1,SHORT,CALL
965,ase_pt_d742e132255243af,1,LONG,CALL
186,ase_pt_d76fb2bccf7b4907,1,LONG,CALL
187,ase_pt_d76fb2bccf7b4907,1,SHORT,CALL
1926,ase_pt_d87d772111f84a26,1,SHORT,PUT
1927,ase_pt_d87d772111f84a26,1,LONG,PUT
1019,ase_pt_d8d2ea56d692462f,1,LONG,CALL
1020,ase_pt_d8d2ea56d692462f,1,SHORT,CALL
972,ase_pt_d8dc2fb768cf4d72,1,SHORT,PUT
973,ase_pt_d8dc2fb768cf4d72,2,LONG,PUT
1620,ase_pt_d9415203c20b46f6,1,SHORT,PUT
1621,ase_pt_d9415203c20b46f6,1,LONG,PUT
1226,ase_pt_d98382cd2b4f4c2d,1,LONG,CALL
1227,ase_pt_d98382cd2b4f4c2d,2,SHORT,CALL
1228,ase_pt_d98382cd2b4f4c2d,1,LONG,CALL
1229,ase_pt_d98382cd2b4f4c2d,1,LONG,PUT
1230,ase_pt_d98382cd2b4f4c2d,2,SHORT,PUT
1231,ase_pt_d98382cd2b4f4c2d,1,LONG,PUT
723,ase_pt_d9ff3f43e29b426f,1,LONG,CALL
724,ase_pt_d9ff3f43e29b426f,1,SHORT,CALL
1798,ase_pt_da861c9b34664bdb,1,SHORT,CALL
1799,ase_pt_da861c9b34664bdb,1,SHORT,PUT
1800,ase_pt_da861c9b34664bdb,1,LONG,CALL
1801,ase_pt_da861c9b34664bdb,1,LONG,PUT
2076,ase_pt_daf29f93819041a8,1,LONG,PUT
2077,ase_pt_daf29f93819041a8,1,SHORT,PUT
2078,ase_pt_daf29f93819041a8,1,SHORT,CALL
2079,ase_pt_daf29f93819041a8,1,LONG,CALL
514,ase_pt_db747bae239b4a97,1,LONG,CALL
515,ase_pt_db747bae239b4a97,1,SHORT,CALL
516,ase_pt_db747bae239b4a97,1,LONG,PUT
517,ase_pt_db747bae239b4a97,1,SHORT,PUT
44,ase_pt_dc09b5d14ef44603,1,LONG,CALL
45,ase_pt_dc09b5d14ef44603,2,SHORT,CALL
46,ase_pt_dc09b5d14ef44603,1,LONG,CALL
1118,ase_pt_dcf739fea6c346c2,1,LONG,CALL
1119,ase_pt_dcf739fea6c346c2,1,SHORT,CALL
1120,ase_pt_dcf739fea6c346c2,1,SHORT,PUT
1121,ase_pt_dcf739fea6c346c2,1,LONG,PUT
466,ase_pt_dd6f5dcf3c9049ec,1,SHORT,PUT
467,ase_pt_dd6f5dcf3c9049ec,1,LONG,PUT
860,ase_pt_dda2c92bd3bf4532,1,LONG,CALL
861,ase_pt_dda2c92bd3bf4532,2,LONG,PUT
1695,ase_pt_ddaaad97b7254e99,1,LONG,CALL
1696,ase_pt_ddaaad97b7254e99,2,SHORT,CALL
1697,ase_pt_ddaaad97b7254e99,1,LONG,CALL
1473,ase_pt_ddcc6f854e4843f4,1,LONG,CALL
1474,ase_pt_ddcc6f854e4843f4,1,SHORT,CALL
1172,ase_pt_de9a1dd6531e46d8,1,LONG,CALL
1173,ase_pt_de9a1dd6531e46d8,1,SHORT,CALL
996,ase_pt_dea8aa2dc202496f,1,LONG,CALL
997,ase_pt_dea8aa2dc202496f,1,SHORT,CALL
998,ase_pt_dea8aa2dc202496f,1,SHORT,PUT
999,ase_pt_dea8aa2dc202496f,1,LONG,PUT
2124,ase_pt_deec57d13d8148c3,1,LONG,CALL
2125,ase_pt_deec57d13d8148c3,1,SHORT,CALL
646,ase_pt_df0a266b5a764677,1,SHORT,PUT
647,ase_pt_df0a266b5a764677,1,SHORT,CALL
648,ase_pt_df0a266b5a764677,1,LONG,PUT
649,ase_pt_df0a266b5a764677,1,LONG,CALL
980,ase_pt_df0d1012524347fb,1,SHORT,PUT
981,ase_pt_df0d1012524347fb,1,LONG,PUT
982,ase_pt_df0d1012524347fb,1,SHORT,CALL
983,ase_pt_df0d1012524347fb,1,LONG,CALL
583,ase_pt_df79891422ec4bf6,1,LONG,CALL
584,ase_pt_df79891422ec4bf6,2,SHORT,CALL
585,ase_pt_df79891422ec4bf6,1,LONG,CALL
1073,ase_pt_df836ccb480e43ac,1,LONG,PUT
840,ase_pt_df9ef3680a77413b,1,LONG,PUT
841,ase_pt_df9ef3680a77413b,1,SHORT,PUT
1966,ase_pt_e027cb165fd34219,1,LONG,CALL
1967,ase_pt_e027cb165fd34219,1,SHORT,CALL
1968,ase_pt_e027cb165fd34219,1,LONG,PUT
1969,ase_pt_e027cb165fd34219,1,SHORT,PUT
808,ase_pt_e0843e5730d14f6a,1,SHORT,PUT
809,ase_pt_e0843e5730d14f6a,1,LONG,PUT
381,ase_pt_e0a6c5ea0c7841ed,1,LONG,PUT
382,ase_pt_e0a6c5ea0c7841ed,1,SHORT,PUT
383,ase_pt_e0a6c5ea0c7841ed,1,SHORT,CALL
384,ase_pt_e0a6c5ea0c7841ed,1,LONG,CALL
1843,ase_pt_e0d7f801595e436e,1,LONG,PUT
1844,ase_pt_e0d7f801595e436e,1,SHORT,PUT
1845,ase_pt_e0d7f801595e436e,1,SHORT,CALL
1846,ase_pt_e0d7f801595e436e,1,LONG,CALL
690,ase_pt_e0dcd7cfa0434bf4,1,LONG,CALL
691,ase_pt_e0dcd7cfa0434bf4,1,LONG,PUT
184,ase_pt_e11d456d41a84455,1,LONG,CALL
185,ase_pt_e11d456d41a84455,1,SHORT,CALL
478,ase_pt_e182672b33fc4791,1,LONG,CALL
479,ase_pt_e182672b33fc4791,1,SHORT,CALL
480,ase_pt_e182672b33fc4791,1,SHORT,PUT
481,ase_pt_e182672b33fc4791,1,LONG,PUT
1716,ase_pt_e1b41c6235bb41f8,1,LONG,PUT
1717,ase_pt_e1b41c6235bb41f8,1,SHORT,PUT
1718,ase_pt_e1b41c6235bb41f8,1,SHORT,CALL
1719,ase_pt_e1b41c6235bb41f8,1,LONG,CALL
172,ase_pt_e1b81c458fdd4e71,1,SHORT,CALL
173,ase_pt_e1b81c458fdd4e71,1,LONG,CALL
506,ase_pt_e1ec5f6baa4d403d,1,LONG,CALL
507,ase_pt_e1ec5f6baa4d403d,1,SHORT,CALL
202,ase_pt_e24cb20825964481,1,LONG,CALL
203,ase_pt_e24cb20825964481,1,SHORT,CALL
1363,ase_pt_e2544b55d07e46a3,1,LONG,CALL
1364,ase_pt_e2544b55d07e46a3,1,SHORT,CALL
1380,ase_pt_e2570da6158e4bf8,1,LONG,PUT
1381,ase_pt_e2570da6158e4bf8,1,SHORT,PUT
1382,ase_pt_e2570da6158e4bf8,1,SHORT,CALL
1383,ase_pt_e2570da6158e4bf8,1,LONG,CALL
1384,ase_pt_e2570da6158e4bf8,1,LONG,PUT
1385,ase_pt_e2570da6158e4bf8,1,SHORT,PUT
1386,ase_pt_e2570da6158e4bf8,1,SHORT,CALL
1387,ase_pt_e2570da6158e4bf8,1,LONG,CALL
1880,ase_pt_e27c631c24c34820,1,LONG,CALL
1881,ase_pt_e27c631c24c34820,1,SHORT,CALL
403,ase_pt_e2ba930eaa534393,1,LONG,CALL
404,ase_pt_e2ba930eaa534393,1,SHORT,CALL
334,ase_pt_e2c2f6a10bdb4b99,1,LONG,CALL
335,ase_pt_e2c2f6a10bdb4b99,2,SHORT,CALL
336,ase_pt_e2c2f6a10bdb4b99,1,LONG,CALL
714,ase_pt_e2d687d64f954cd6,1,LONG,PUT
715,ase_pt_e2d687d64f954cd6,1,SHORT,PUT
716,ase_pt_e2d687d64f954cd6,1,SHORT,CALL
717,ase_pt_e2d687d64f954cd6,1,LONG,CALL
1397,ase_pt_e2f99181fe884443,1,LONG,CALL
1398,ase_pt_e2f99181fe884443,1,SHORT,CALL
1116,ase_pt_e3723739cd9c4db8,1,LONG,PUT
1117,ase_pt_e3723739cd9c4db8,1,SHORT,PUT
1431,ase_pt_e3b8f1a59f6440b9,1,LONG,PUT
1432,ase_pt_e3b8f1a59f6440b9,1,SHORT,PUT
375,ase_pt_e42209c2003d4359,1,LONG,PUT
376,ase_pt_e42209c2003d4359,1,SHORT,PUT
377,ase_pt_e42209c2003d4359,1,SHORT,CALL
378,ase_pt_e42209c2003d4359,1,LONG,CALL
528,ase_pt_e44634809c5544e3,1,LONG,CALL
529,ase_pt_e44634809c5544e3,1,SHORT,CALL
530,ase_pt_e44634809c5544e3,1,LONG,PUT
531,ase_pt_e44634809c5544e3,1,SHORT,PUT
510,ase_pt_e4b1d239379943ff,1,LONG,CALL
511,ase_pt_e4b1d239379943ff,1,SHORT,CALL
420,ase_pt_e4fbd56c2fba44d5,1,LONG,PUT
421,ase_pt_e4fbd56c2fba44d5,1,SHORT,PUT
422,ase_pt_e4fbd56c2fba44d5,1,SHORT,CALL
423,ase_pt_e4fbd56c2fba44d5,1,LONG,CALL
424,ase_pt_e4fbd56c2fba44d5,1,LONG,PUT
425,ase_pt_e4fbd56c2fba44d5,1,SHORT,PUT
426,ase_pt_e4fbd56c2fba44d5,1,SHORT,CALL
427,ase_pt_e4fbd56c2fba44d5,1,LONG,CALL
105,ase_pt_e5231e71990f4568,1,LONG,CALL
106,ase_pt_e5231e71990f4568,1,SHORT,PUT
107,ase_pt_e5231e71990f4568,1,LONG,PUT
1411,ase_pt_e549a8e66b504915,1,LONG,CALL
1412,ase_pt_e549a8e66b504915,1,SHORT,CALL
1223,ase_pt_e56739d70d014172,1,LONG,CALL
1224,ase_pt_e56739d70d014172,2,SHORT,CALL
1225,ase_pt_e56739d70d014172,1,LONG,CALL
432,ase_pt_e5ccc8f977734766,1,LONG,CALL
1556,ase_pt_e66149ee488d4111,1,LONG,CALL
1557,ase_pt_e66149ee488d4111,1,SHORT,CALL
2143,ase_pt_e68147c53ad64379,1,LONG,CALL
2144,ase_pt_e68147c53ad64379,1,SHORT,CALL
1808,ase_pt_e765019aac214b30,1,LONG,CALL
1809,ase_pt_e765019aac214b30,1,LONG,PUT
906,ase_pt_e7742d0825944040,1,LONG,CALL
907,ase_pt_e7742d0825944040,2,SHORT,CALL
908,ase_pt_e7742d0825944040,1,LONG,CALL
909,ase_pt_e7742d0825944040,1,LONG,PUT
910,ase_pt_e7742d0825944040,2,SHORT,PUT
911,ase_pt_e7742d0825944040,1,LONG,PUT
751,ase_pt_e7789d15879a45eb,1,LONG,PUT
1258,ase_pt_e78a52d34182482d,1,LONG,PUT
1259,ase_pt_e78a52d34182482d,1,SHORT,PUT
1260,ase_pt_e78a52d34182482d,1,SHORT,CALL
1261,ase_pt_e78a52d34182482d,1,LONG,CALL
330,ase_pt_e79f6d8cdfbc417d,1,SHORT,CALL
331,ase_pt_e79f6d8cdfbc417d,2,LONG,CALL
1040,ase_pt_e7d78e583530476c,1,LONG,PUT
1041,ase_pt_e7d78e583530476c,1,SHORT,PUT
464,ase_pt_e80dd2b5c261433a,1,SHORT,PUT
465,ase_pt_e80dd2b5c261433a,1,LONG,PUT
460,ase_pt_e8185dd214344b3d,1,LONG,PUT
461,ase_pt_e8185dd214344b3d,1,SHORT,PUT
630,ase_pt_e89c1dfca5f44779,1,LONG,PUT
631,ase_pt_e89c1dfca5f44779,1,SHORT,PUT
632,ase_pt_e89c1dfca5f44779,1,SHORT,CALL
633,ase_pt_e89c1dfca5f44779,1,LONG,CALL
298,ase_pt_e8ac703556ed4ca8,1,LONG,PUT
299,ase_pt_e8ac703556ed4ca8,1,SHORT,PUT
300,ase_pt_e8ac703556ed4ca8,1,SHORT,CALL
301,ase_pt_e8ac703556ed4ca8,1,LONG,CALL
444,ase_pt_e8d8f110ca2e46ea,1,SHORT,CALL
445,ase_pt_e8d8f110ca2e46ea,1,LONG,CALL
856,ase_pt_e8daada75c2d4937,1,LONG,CALL
857,ase_pt_e8daada75c2d4937,1,LONG,PUT
38,ase_pt_e93e30f16e154e46,1,LONG,PUT
39,ase_pt_e93e30f16e154e46,1,SHORT,PUT
1616,ase_pt_e94e06bd9ba64a13,1,SHORT,CALL
1617,ase_pt_e94e06bd9ba64a13,1,LONG,CALL
522,ase_pt_e97315119a354c76,1,LONG,CALL
523,ase_pt_e97315119a354c76,1,SHORT,CALL
2002,ase_pt_e9774f4255124adc,1,LONG,CALL
2003,ase_pt_e9774f4255124adc,1,SHORT,CALL
2004,ase_pt_e9774f4255124adc,1,SHORT,PUT
2005,ase_pt_e9774f4255124adc,1,LONG,PUT
729,ase_pt_e99a1c0bac7a44b8,1,LONG,CALL
730,ase_pt_e99a1c0bac7a44b8,1,SHORT,CALL
731,ase_pt_e99a1c0bac7a44b8,1,LONG,CALL
732,ase_pt_e99a1c0bac7a44b8,1,SHORT,CALL
733,ase_pt_e99a1c0bac7a44b8,1,LONG,PUT
1146,ase_pt_e9c5adc89a694700,1,LONG,CALL
1147,ase_pt_e9c5adc89a694700,1,SHORT,CALL
1358,ase_pt_ea4be73d23ee4956,1,LONG,CALL
1359,ase_pt_ea4be73d23ee4956,1,LONG,PUT
534,ase_pt_ea5c2ec694ed460f,1,LONG,CALL
535,ase_pt_ea5c2ec694ed460f,1,LONG,PUT
88,ase_pt_ea65248f920c4afd,1,LONG,PUT
89,ase_pt_ea65248f920c4afd,1,SHORT,PUT
1025,ase_pt_ea93f5edcbd049a6,1,LONG,CALL
1026,ase_pt_ea93f5edcbd049a6,1,SHORT,CALL
1060,ase_pt_eacf187fc03e42a8,1,LONG,PUT
1061,ase_pt_eacf187fc03e42a8,1,SHORT,PUT
1062,ase_pt_eacf187fc03e42a8,1,SHORT,CALL
1063,ase_pt_eacf187fc03e42a8,1,LONG,CALL
1064,ase_pt_eacf187fc03e42a8,1,LONG,PUT
1065,ase_pt_eacf187fc03e42a8,1,SHORT,PUT
1066,ase_pt_eacf187fc03e42a8,1,SHORT,CALL
1067,ase_pt_eacf187fc03e42a8,1,LONG,CALL
1527,ase_pt_eae220cc91eb49ee,1,LONG,CALL
1528,ase_pt_eae220cc91eb49ee,1,SHORT,CALL
1529,ase_pt_eae220cc91eb49ee,1,SHORT,PUT
1530,ase_pt_eae220cc91eb49ee,1,LONG,PUT
1604,ase_pt_eaf300904a6b46b0,1,SHORT,CALL
1605,ase_pt_eaf300904a6b46b0,1,LONG,CALL
1042,ase_pt_eb69c5f8d45a4cea,1,LONG,CALL
1374,ase_pt_eb98d0776e8e4c2b,1,LONG,CALL
1375,ase_pt_eb98d0776e8e4c2b,2,SHORT,CALL
1376,ase_pt_eb98d0776e8e4c2b,1,LONG,CALL
1377,ase_pt_eb98d0776e8e4c2b,1,LONG,PUT
1378,ase_pt_eb98d0776e8e4c2b,2,SHORT,PUT
1379,ase_pt_eb98d0776e8e4c2b,1,LONG,PUT
688,ase_pt_ec5bbbcd384d43e0,1,LONG,CALL
689,ase_pt_ec5bbbcd384d43e0,1,LONG,PUT
33,ase_pt_ecffd21d1e71478d,1,LONG,CALL
34,ase_pt_ecffd21d1e71478d,1,SHORT,CALL
634,ase_pt_ee9d189d54294c8a,1,LONG,PUT
635,ase_pt_ee9d189d54294c8a,1,SHORT,PUT
636,ase_pt_ee9d189d54294c8a,1,SHORT,CALL
637,ase_pt_ee9d189d54294c8a,1,LONG,CALL
606,ase_pt_efa0f89d97a54617,1,LONG,PUT
607,ase_pt_efa0f89d97a54617,1,SHORT,PUT
608,ase_pt_efa0f89d97a54617,1,SHORT,CALL
609,ase_pt_efa0f89d97a54617,1,LONG,CALL
1786,ase_pt_efb8edaa521b47e8,1,SHORT,CALL
1787,ase_pt_efb8edaa521b47e8,1,LONG,CALL
1788,ase_pt_efb8edaa521b47e8,1,LONG,PUT
1789,ase_pt_efb8edaa521b47e8,1,SHORT,PUT
126,ase_pt_efe0d09f127f4b5e,1,SHORT,CALL
127,ase_pt_efe0d09f127f4b5e,1,LONG,CALL
1644,ase_pt_f02c2b0e4ea846d5,1,LONG,PUT
1645,ase_pt_f02c2b0e4ea846d5,1,SHORT,PUT
1546,ase_pt_f033ed36fcef4965,1,LONG,CALL
78,ase_pt_f03d8213adaf4693,1,SHORT,CALL
79,ase_pt_f03d8213adaf4693,2,LONG,CALL
1574,ase_pt_f0718fd916934cfe,1,LONG,CALL
1575,ase_pt_f0718fd916934cfe,1,SHORT,CALL
2056,ase_pt_f0cf4e295eb34ac4,1,LONG,PUT
2057,ase_pt_f0cf4e295eb34ac4,1,SHORT,PUT
2058,ase_pt_f0cf4e295eb34ac4,1,SHORT,CALL
2059,ase_pt_f0cf4e295eb34ac4,1,LONG,CALL
1689,ase_pt_f13c06fdca6c4252,1,LONG,PUT
1690,ase_pt_f13c06fdca6c4252,2,SHORT,PUT
1691,ase_pt_f13c06fdca6c4252,1,LONG,PUT
1435,ase_pt_f19a297d7ecc4a07,1,LONG,PUT
1436,ase_pt_f19a297d7ecc4a07,1,SHORT,PUT
1823,ase_pt_f1c574b9890e4d08,1,LONG,CALL
1824,ase_pt_f1c574b9890e4d08,1,SHORT,CALL
1238,ase_pt_f22691ef3d444fab,1,LONG,PUT
1239,ase_pt_f22691ef3d444fab,1,SHORT,PUT
1240,ase_pt_f22691ef3d444fab,1,SHORT,CALL
1241,ase_pt_f22691ef3d444fab,1,LONG,CALL
664,ase_pt_f22e95e154d94408,1,LONG,CALL
665,ase_pt_f22e95e154d94408,1,SHORT,CALL
666,ase_pt_f22e95e154d94408,1,SHORT,PUT
667,ase_pt_f22e95e154d94408,1,LONG,PUT
610,ase_pt_f250e712b2084bc1,1,SHORT,PUT
611,ase_pt_f250e712b2084bc1,1,LONG,PUT
612,ase_pt_f250e712b2084bc1,1,LONG,CALL
613,ase_pt_f250e712b2084bc1,1,SHORT,CALL
1012,ase_pt_f352a5bb0a3845c7,1,LONG,CALL
1013,ase_pt_f352a5bb0a3845c7,2,SHORT,CALL
1014,ase_pt_f352a5bb0a3845c7,1,LONG,CALL
1912,ase_pt_f3ac3c34466c4fa7,1,SHORT,PUT
1913,ase_pt_f3ac3c34466c4fa7,1,LONG,PUT
1000,ase_pt_f3afc3f4ede84b03,1,SHORT,CALL
1001,ase_pt_f3afc3f4ede84b03,1,SHORT,PUT
1002,ase_pt_f3afc3f4ede84b03,1,LONG,CALL
1003,ase_pt_f3afc3f4ede84b03,1,LONG,PUT
1819,ase_pt_f3bb6a0a294543f3,1,LONG,PUT
1820,ase_pt_f3bb6a0a294543f3,1,SHORT,PUT
1821,ase_pt_f3bb6a0a294543f3,1,SHORT,CALL
1822,ase_pt_f3bb6a0a294543f3,1,LONG,CALL
51,ase_pt_f417c1e1b7594d6f,1,LONG,CALL
52,ase_pt_f417c1e1b7594d6f,1,LONG,PUT
1748,ase_pt_f44fe45a5946442a,1,LONG,PUT
1749,ase_pt_f44fe45a5946442a,1,SHORT,PUT
1750,ase_pt_f44fe45a5946442a,1,SHORT,CALL
1751,ase_pt_f44fe45a5946442a,1,LONG,CALL
1570,ase_pt_f4ab0354b1194755,1,LONG,CALL
1571,ase_pt_f4ab0354b1194755,1,SHORT,CALL
848,ase_pt_f524316759cb4ded,1,LONG,CALL
849,ase_pt_f524316759cb4ded,1,SHORT,CALL
850,ase_pt_f524316759cb4ded,1,LONG,PUT
851,ase_pt_f524316759cb4ded,1,SHORT,PUT
458,ase_pt_f5348162a2d24340,1,LONG,PUT
459,ase_pt_f5348162a2d24340,1,SHORT,PUT
1908,ase_pt_f57567ca8d45430f,1,LONG,PUT
1909,ase_pt_f57567ca8d45430f,1,SHORT,PUT
1090,ase_pt_f5dd6dc35bb846d9,1,LONG,CALL
1091,ase_pt_f5dd6dc35bb846d9,1,SHORT,CALL
1140,ase_pt_f663d57759104da1,1,SHORT,CALL
1141,ase_pt_f663d57759104da1,1,LONG,CALL
500,ase_pt_f67e84675c5249a6,1,SHORT,CALL
501,ase_pt_f67e84675c5249a6,1,LONG,CALL
1978,ase_pt_f718bcf91c2f4cf6,1,LONG,CALL
1979,ase_pt_f718bcf91c2f4cf6,2,LONG,PUT
398,ase_pt_f756f793419d420f,1,LONG,CALL
399,ase_pt_f756f793419d420f,1,LONG,PUT
1399,ase_pt_f7783f7e02854358,1,LONG,PUT
1400,ase_pt_f7783f7e02854358,1,SHORT,PUT
244,ase_pt_f7e0e8d95161439f,1,LONG,CALL
245,ase_pt_f7e0e8d95161439f,1,SHORT,CALL
246,ase_pt_f7e0e8d95161439f,1,SHORT,PUT
247,ase_pt_f7e0e8d95161439f,1,LONG,PUT
85,ase_pt_f81f75f7f93c45bd,1,LONG,CALL
1841,ase_pt_f850c3bdc79c409b,1,LONG,CALL
1842,ase_pt_f850c3bdc79c409b,1,SHORT,CALL
433,ase_pt_f8bf64f3692e4ea8,1,LONG,PUT
340,ase_pt_f8dc673d2e074d35,1,SHORT,PUT
341,ase_pt_f8dc673d2e074d35,1,LONG,PUT
342,ase_pt_f8dc673d2e074d35,1,SHORT,CALL
343,ase_pt_f8dc673d2e074d35,1,LONG,CALL
63,ase_pt_f90caba5eb23474c,1,LONG,PUT
64,ase_pt_f90caba5eb23474c,1,SHORT,PUT
512,ase_pt_fada956def4e448a,1,SHORT,CALL
513,ase_pt_fada956def4e448a,1,LONG,CALL
1944,ase_pt_fadfe86140af455a,1,LONG,CALL
1945,ase_pt_fadfe86140af455a,1,SHORT,CALL
348,ase_pt_fb84854ccb4f40ab,1,SHORT,CALL
349,ase_pt_fb84854ccb4f40ab,1,LONG,CALL
350,ase_pt_fb84854ccb4f40ab,1,LONG,PUT
351,ase_pt_fb84854ccb4f40ab,1,SHORT,PUT
1914,ase_pt_fc496f6591134f0d,1,LONG,PUT
1915,ase_pt_fc496f6591134f0d,1,SHORT,PUT
542,ase_pt_fd8f510a65cb426a,1,SHORT,CALL
543,ase_pt_fd8f510a65cb426a,1,SHORT,PUT
544,ase_pt_fd8f510a65cb426a,1,LONG,CALL
545,ase_pt_fd8f510a65cb426a,1,LONG,PUT
352,ase_pt_fe02671f0c3b4c14,1,LONG,PUT
353,ase_pt_fe02671f0c3b4c14,1,SHORT,PUT
53,ase_pt_fe5c39faa9ff45bb,1,SHORT,CALL
54,ase_pt_fe5c39faa9ff45bb,2,LONG,CALL
1394,ase_pt_feb277e4ceee4a33,1,LONG,PUT
1324,ase_pt_feffd623b601459d,1,LONG,CALL
1325,ase_pt_feffd623b601459d,1,LONG,PUT
922,ase_pt_ff3f24f24b8e45f4,1,LONG,PUT
923,ase_pt_ff3f24f24b8e45f4,1,SHORT,PUT
924,ase_pt_ff3f24f24b8e45f4,1,SHORT,CALL
925,ase_pt_ff3f24f24b8e45f4,1,LONG,CALL
758,ase_pt_ff4857b9ca1e4f31,1,LONG,CALL
759,ase_pt_ff4857b9ca1e4f31,1,SHORT,CALL
536,ase_pt_ff5e137172e74047,1,LONG,CALL
537,ase_pt_ff5e137172e74047,1,LONG,PUT
1126,ase_pt_ffc319cbdcb547bd,1,SHORT,CALL
1127,ase_pt_ffc319cbdcb547bd,1,LONG,CALL
1290,ase_pt_fff14c0d833a43a4,1,SHORT,CALL
1291,ase_pt_fff14c0d833a43a4,2,LONG,CALL
9,f7df3c4f-0f5a-4373-b3a1-4de21f8810af,1,BUY,OPTION
10,f7df3c4f-0f5a-4373-b3a1-4de21f8810af,1,SELL,OPTION
