id,paper_trade_id,strike,asset_type
9,f7df3c4f-0f5a-4373-b3a1-4de21f8810af,95.0000,OPTION
10,f7df3c4f-0f5a-4373-b3a1-4de21f8810af,105.0000,OPTION
11,1d29561d-5b13-4486-8cc9-f051b26656f9,95.0000,OPTION
12,1d29561d-5b13-4486-8cc9-f051b26656f9,105.0000,OPTION
13,36606418-e378-45a2-87b3-b2959cd9988f,95.0000,OPTION
14,36606418-e378-45a2-87b3-b2959cd9988f,105.0000,OPTION
15,7965de94-34d8-4491-81d7-0c88772f5308,95.0000,OPTION
16,7965de94-34d8-4491-81d7-0c88772f5308,105.0000,OPTION
17,84263723-68b6-4b8b-8829-238f462538aa,95.0000,OPTION
18,84263723-68b6-4b8b-8829-238f462538aa,105.0000,OPTION
19,33a502ce-2ae8-43dc-8710-5ca457e9eee8,95.0000,OPTION
20,33a502ce-2ae8-43dc-8710-5ca457e9eee8,105.0000,OPTION
21,24ea4da9-5c39-4871-8f1d-7e0212849731,95.0000,OPTION
22,24ea4da9-5c39-4871-8f1d-7e0212849731,105.0000,OPTION
23,8089be1d-7f58-4384-8d00-cf16ee52359e,95.0000,OPTION
24,8089be1d-7f58-4384-8d00-cf16ee52359e,105.0000,OPTION
25,3944b42c-70ef-4058-badb-a64c343f05e2,95.0000,OPTION
26,3944b42c-70ef-4058-badb-a64c343f05e2,105.0000,OPTION
27,ase_pt_426097d373aa4fbd,95.0000,CALL
28,ase_pt_426097d373aa4fbd,105.0000,CALL
29,ase_pt_6083b99595c94b37,95.0000,CALL
30,ase_pt_6083b99595c94b37,105.0000,CALL
31,ase_pt_3bda863231e14809,95.0000,CALL
32,ase_pt_3bda863231e14809,105.0000,CALL
33,ase_pt_ecffd21d1e71478d,170.0000,CALL
34,ase_pt_ecffd21d1e71478d,185.0000,CALL
35,ase_pt_99857ff17e444244,175.0000,CALL
36,ase_pt_9348885232d04d4e,170.0000,CALL
37,ase_pt_9348885232d04d4e,190.0000,CALL
38,ase_pt_e93e30f16e154e46,180.0000,PUT
39,ase_pt_e93e30f16e154e46,160.0000,PUT
40,ase_pt_556516fdaa6346da,175.0000,CALL
41,ase_pt_556516fdaa6346da,175.0000,CALL
42,ase_pt_50cee139dd5f4d1b,180.0000,CALL
43,ase_pt_50cee139dd5f4d1b,170.0000,CALL
44,ase_pt_dc09b5d14ef44603,165.0000,CALL
45,ase_pt_dc09b5d14ef44603,175.0000,CALL
46,ase_pt_dc09b5d14ef44603,185.0000,CALL
47,ase_pt_341bcf3e6977437d,155.0000,PUT
48,ase_pt_341bcf3e6977437d,145.0000,PUT
49,ase_pt_341bcf3e6977437d,195.0000,CALL
50,ase_pt_341bcf3e6977437d,205.0000,CALL
51,ase_pt_f417c1e1b7594d6f,175.0000,CALL
52,ase_pt_f417c1e1b7594d6f,175.0000,PUT
53,ase_pt_fe5c39faa9ff45bb,175.0000,CALL
54,ase_pt_fe5c39faa9ff45bb,185.0000,CALL
55,ase_pt_1c70e2ed36e748c0,195.0000,CALL
56,ase_pt_1c70e2ed36e748c0,165.0000,PUT
57,ase_pt_1c70e2ed36e748c0,155.0000,PUT
58,ase_pt_c07afef2857d49ed,170.0000,CALL
59,ase_pt_c07afef2857d49ed,185.0000,CALL
60,ase_pt_35fc776144e54a4b,175.0000,CALL
61,ase_pt_06792981111b4143,170.0000,CALL
62,ase_pt_06792981111b4143,190.0000,CALL
63,ase_pt_f90caba5eb23474c,180.0000,PUT
64,ase_pt_f90caba5eb23474c,160.0000,PUT
65,ase_pt_117a109ec5dd4070,175.0000,CALL
66,ase_pt_117a109ec5dd4070,175.0000,CALL
67,ase_pt_16386550e4ec40a8,180.0000,CALL
68,ase_pt_16386550e4ec40a8,170.0000,CALL
69,ase_pt_bf1cf12068b3467c,165.0000,CALL
70,ase_pt_bf1cf12068b3467c,175.0000,CALL
71,ase_pt_bf1cf12068b3467c,185.0000,CALL
72,ase_pt_bdd79945f43049f0,155.0000,PUT
73,ase_pt_bdd79945f43049f0,145.0000,PUT
74,ase_pt_bdd79945f43049f0,195.0000,CALL
75,ase_pt_bdd79945f43049f0,205.0000,CALL
76,ase_pt_c9285bac7ab4456a,175.0000,CALL
77,ase_pt_c9285bac7ab4456a,175.0000,PUT
78,ase_pt_f03d8213adaf4693,175.0000,CALL
79,ase_pt_f03d8213adaf4693,185.0000,CALL
80,ase_pt_6cb43827aca54901,195.0000,CALL
81,ase_pt_6cb43827aca54901,165.0000,PUT
82,ase_pt_6cb43827aca54901,155.0000,PUT
83,ase_pt_425af45e774a4d75,170.0000,CALL
84,ase_pt_425af45e774a4d75,185.0000,CALL
85,ase_pt_f81f75f7f93c45bd,175.0000,CALL
86,ase_pt_128484047a824332,170.0000,CALL
87,ase_pt_128484047a824332,190.0000,CALL
88,ase_pt_ea65248f920c4afd,180.0000,PUT
89,ase_pt_ea65248f920c4afd,160.0000,PUT
90,ase_pt_0b70f91107a2450c,175.0000,CALL
91,ase_pt_0b70f91107a2450c,175.0000,CALL
92,ase_pt_14f3d29356e1406e,180.0000,CALL
93,ase_pt_14f3d29356e1406e,170.0000,CALL
94,ase_pt_bacc84d4772d447c,165.0000,CALL
95,ase_pt_bacc84d4772d447c,175.0000,CALL
96,ase_pt_bacc84d4772d447c,185.0000,CALL
97,ase_pt_d08c204af0aa4d79,155.0000,PUT
98,ase_pt_d08c204af0aa4d79,145.0000,PUT
99,ase_pt_d08c204af0aa4d79,195.0000,CALL
100,ase_pt_d08c204af0aa4d79,205.0000,CALL
101,ase_pt_413ea62f4d2f4494,175.0000,CALL
102,ase_pt_413ea62f4d2f4494,175.0000,PUT
103,ase_pt_441256588f4a4d41,175.0000,CALL
104,ase_pt_441256588f4a4d41,185.0000,CALL
105,ase_pt_e5231e71990f4568,195.0000,CALL
106,ase_pt_e5231e71990f4568,165.0000,PUT
107,ase_pt_e5231e71990f4568,155.0000,PUT
108,ase_pt_31a61421b62646dc,102.5800,CALL
109,ase_pt_82123c62b1164c60,102.5800,PUT
110,ase_pt_3795820de110476a,89.3800,CALL
111,ase_pt_b81ee0040f7d4f04,89.3800,PUT
112,ase_pt_09120c21e9ab423c,93.3600,CALL
113,ase_pt_5777f328ee784956,93.3600,PUT
114,ase_pt_2131ca79b52849e6,89.3800,CALL
115,ase_pt_2131ca79b52849e6,105.0000,CALL
116,ase_pt_426a457a5c514b82,89.3800,PUT
117,ase_pt_426a457a5c514b82,105.0000,PUT
118,ase_pt_ab7790faa1c546cf,100.3700,CALL
119,ase_pt_ab7790faa1c546cf,105.0000,CALL
120,ase_pt_90aebf88d50e4c5e,97.1000,CALL
121,ase_pt_90aebf88d50e4c5e,100.3700,CALL
122,ase_pt_81d385620a0340d0,103.7500,CALL
123,ase_pt_81d385620a0340d0,107.9100,CALL
124,ase_pt_259c9ec7c0bb44ad,103.7500,CALL
125,ase_pt_259c9ec7c0bb44ad,107.9100,CALL
126,ase_pt_efe0d09f127f4b5e,106.3700,CALL
127,ase_pt_efe0d09f127f4b5e,109.7300,CALL
128,ase_pt_8fc139721c9c4d94,100.3700,CALL
129,ase_pt_8fc139721c9c4d94,102.5800,CALL
130,ase_pt_3c7ddbca75b940eb,100.3700,CALL
131,ase_pt_3c7ddbca75b940eb,109.7300,CALL
132,ase_pt_0ee34056a5ba483e,96.9500,CALL
133,ase_pt_0ee34056a5ba483e,117.4200,CALL
134,ase_pt_bda5c6e34e8646be,105.0000,CALL
135,ase_pt_bda5c6e34e8646be,109.7300,CALL
136,ase_pt_549092c247454f84,100.3700,CALL
137,ase_pt_549092c247454f84,107.3800,CALL
138,ase_pt_19d58ab0083c4d4e,100.3700,PUT
139,ase_pt_19d58ab0083c4d4e,105.0000,PUT
140,ase_pt_38c8440699ab4e45,97.1000,PUT
141,ase_pt_38c8440699ab4e45,100.3700,PUT
142,ase_pt_36741c707c0f4b62,103.7500,PUT
143,ase_pt_36741c707c0f4b62,107.9100,PUT
144,ase_pt_bf38b5588ca045ca,103.7500,PUT
145,ase_pt_bf38b5588ca045ca,107.9100,PUT
146,ase_pt_40905bcdfaae4348,106.3700,PUT
147,ase_pt_40905bcdfaae4348,109.7300,PUT
148,ase_pt_1f5c6dbfe19748df,100.3700,PUT
149,ase_pt_1f5c6dbfe19748df,102.5800,PUT
150,ase_pt_1aeab363df7b46d9,100.3700,PUT
151,ase_pt_1aeab363df7b46d9,109.7300,PUT
152,ase_pt_3a64d9fcbff1414d,96.9500,PUT
153,ase_pt_3a64d9fcbff1414d,117.4200,PUT
154,ase_pt_01fef25551624710,105.0000,PUT
155,ase_pt_01fef25551624710,109.7300,PUT
156,ase_pt_9f12756001424bb1,100.3700,PUT
157,ase_pt_9f12756001424bb1,107.3800,PUT
158,ase_pt_b31a4d1261f343e9,100.3700,CALL
159,ase_pt_b31a4d1261f343e9,105.0000,CALL
160,ase_pt_b31a4d1261f343e9,103.7500,PUT
161,ase_pt_b31a4d1261f343e9,107.9100,PUT
162,ase_pt_2b6fcc40f3494051,100.3700,PUT
163,ase_pt_2b6fcc40f3494051,105.0000,PUT
164,ase_pt_2b6fcc40f3494051,103.7500,CALL
165,ase_pt_2b6fcc40f3494051,107.9100,CALL
166,ase_pt_99cb0be7029b4a82,100.3700,CALL
167,ase_pt_99cb0be7029b4a82,100.7400,CALL
168,ase_pt_922c42b2e24d4fb5,100.3700,PUT
169,ase_pt_922c42b2e24d4fb5,100.7400,PUT
170,ase_pt_30c9f7f099f04656,97.1000,CALL
171,ase_pt_30c9f7f099f04656,96.1300,CALL
172,ase_pt_e1b81c458fdd4e71,105.0000,CALL
173,ase_pt_e1b81c458fdd4e71,107.3800,CALL
174,ase_pt_76bbcd4f1f4f4321,105.0000,CALL
175,ase_pt_76bbcd4f1f4f4321,107.3800,CALL
176,ase_pt_76bbcd4f1f4f4321,105.0000,PUT
177,ase_pt_76bbcd4f1f4f4321,107.3800,PUT
178,ase_pt_348d05419ab448e7,100.3700,CALL
179,ase_pt_348d05419ab448e7,100.7400,CALL
180,ase_pt_583071390312407f,100.5600,CALL
181,ase_pt_583071390312407f,104.6000,CALL
182,ase_pt_413893ee62984e99,100.5600,PUT
183,ase_pt_413893ee62984e99,104.6000,PUT
184,ase_pt_e11d456d41a84455,100.7400,CALL
185,ase_pt_e11d456d41a84455,105.0000,CALL
186,ase_pt_d76fb2bccf7b4907,97.6900,CALL
187,ase_pt_d76fb2bccf7b4907,105.0000,CALL
188,ase_pt_1cdfe82457184b5e,97.6900,PUT
189,ase_pt_1cdfe82457184b5e,105.0000,PUT
190,ase_pt_25965cdfc2b84bb7,100.7400,CALL
191,ase_pt_25965cdfc2b84bb7,102.5800,CALL
192,ase_pt_468a12d81bfa4bbe,100.7400,CALL
193,ase_pt_468a12d81bfa4bbe,105.0000,CALL
194,ase_pt_79e593a33bc8450e,105.5800,CALL
195,ase_pt_79e593a33bc8450e,107.9100,CALL
196,ase_pt_79e593a33bc8450e,105.5800,PUT
197,ase_pt_79e593a33bc8450e,107.9100,PUT
198,ase_pt_56ec12c833d3410d,89.3800,CALL
199,ase_pt_56ec12c833d3410d,105.0000,CALL
200,ase_pt_82ada73b5e58432a,89.3800,PUT
201,ase_pt_82ada73b5e58432a,105.0000,PUT
202,ase_pt_e24cb20825964481,100.7400,CALL
203,ase_pt_e24cb20825964481,102.5800,CALL
204,ase_pt_0696a7501e5a4b86,100.7400,CALL
205,ase_pt_0696a7501e5a4b86,107.9100,CALL
206,ase_pt_aa854a4440c0485e,100.7400,PUT
207,ase_pt_aa854a4440c0485e,107.9100,PUT
208,ase_pt_28ea289d06244a2c,100.7400,CALL
209,ase_pt_28ea289d06244a2c,100.3700,CALL
210,ase_pt_28ea289d06244a2c,100.7400,PUT
211,ase_pt_28ea289d06244a2c,100.3700,PUT
212,ase_pt_328f936a7b994ec1,97.3700,CALL
213,ase_pt_328f936a7b994ec1,105.0000,CALL
214,ase_pt_00a319c736ae4b1d,100.3700,CALL
215,ase_pt_00a319c736ae4b1d,100.3700,PUT
216,ase_pt_072a3bfdbe32476a,106.3700,CALL
217,ase_pt_072a3bfdbe32476a,106.3700,PUT
218,ase_pt_61163c0323cd45fc,100.3700,CALL
219,ase_pt_61163c0323cd45fc,100.3700,PUT
220,ase_pt_7a7c2d1c8e31410e,100.3700,CALL
221,ase_pt_7a7c2d1c8e31410e,100.3700,PUT
222,ase_pt_bce325b6dbd949b5,100.3700,CALL
223,ase_pt_bce325b6dbd949b5,100.3700,PUT
224,ase_pt_bce325b6dbd949b5,107.9100,CALL
225,ase_pt_bce325b6dbd949b5,107.9100,PUT
226,ase_pt_57079b3931a14d23,100.3700,CALL
227,ase_pt_57079b3931a14d23,100.3700,PUT
228,ase_pt_57079b3931a14d23,103.7500,CALL
229,ase_pt_57079b3931a14d23,103.7500,PUT
230,ase_pt_b2ca50de093b4563,100.3700,CALL
231,ase_pt_b2ca50de093b4563,100.7400,CALL
232,ase_pt_b2ca50de093b4563,100.3700,PUT
233,ase_pt_b2ca50de093b4563,100.7400,PUT
234,ase_pt_c7a2f3b519e24441,107.3800,CALL
235,ase_pt_c7a2f3b519e24441,107.9100,CALL
236,ase_pt_c7a2f3b519e24441,107.3800,PUT
237,ase_pt_c7a2f3b519e24441,107.9100,PUT
238,ase_pt_2fc2f3bd813c4201,99.2900,CALL
239,ase_pt_2fc2f3bd813c4201,100.3700,CALL
240,ase_pt_2fc2f3bd813c4201,101.4600,CALL
241,ase_pt_001f7af9440e43f5,99.2900,PUT
242,ase_pt_001f7af9440e43f5,100.3700,PUT
243,ase_pt_001f7af9440e43f5,101.4600,PUT
244,ase_pt_f7e0e8d95161439f,106.3700,CALL
245,ase_pt_f7e0e8d95161439f,100.3700,CALL
246,ase_pt_f7e0e8d95161439f,100.3700,PUT
247,ase_pt_f7e0e8d95161439f,106.3700,PUT
248,ase_pt_61db83e800514e09,99.2900,CALL
249,ase_pt_61db83e800514e09,100.3700,CALL
250,ase_pt_61db83e800514e09,103.7500,CALL
251,ase_pt_6117d75ace464771,99.2900,PUT
252,ase_pt_6117d75ace464771,100.3700,PUT
253,ase_pt_6117d75ace464771,103.7500,PUT
254,ase_pt_713448510d67452d,99.2900,CALL
255,ase_pt_713448510d67452d,100.3700,CALL
256,ase_pt_713448510d67452d,102.5800,CALL
257,ase_pt_5bab2972c84849cd,99.2900,CALL
258,ase_pt_5bab2972c84849cd,101.4600,CALL
259,ase_pt_5bab2972c84849cd,105.0000,CALL
260,ase_pt_d6e7b562298d4374,97.1000,CALL
261,ase_pt_d6e7b562298d4374,100.3700,CALL
262,ase_pt_d6e7b562298d4374,103.7500,CALL
263,ase_pt_b592a8277a61404c,99.9400,CALL
264,ase_pt_b592a8277a61404c,100.3700,CALL
265,ase_pt_b592a8277a61404c,100.8000,CALL
266,ase_pt_071adb86c61641aa,99.2900,CALL
267,ase_pt_071adb86c61641aa,100.3700,CALL
268,ase_pt_071adb86c61641aa,101.4600,CALL
269,ase_pt_071adb86c61641aa,99.2900,PUT
270,ase_pt_071adb86c61641aa,100.3700,PUT
271,ase_pt_071adb86c61641aa,101.4600,PUT
272,ase_pt_81d56157029f4bbc,100.7400,CALL
273,ase_pt_81d56157029f4bbc,100.3700,CALL
274,ase_pt_81d56157029f4bbc,101.1200,CALL
275,ase_pt_48205beec76749a1,99.2900,CALL
276,ase_pt_48205beec76749a1,100.3700,CALL
277,ase_pt_48205beec76749a1,102.5800,CALL
278,ase_pt_0dd0cca698e3471b,109.7300,PUT
279,ase_pt_0dd0cca698e3471b,105.0000,PUT
280,ase_pt_0dd0cca698e3471b,105.0000,CALL
281,ase_pt_0dd0cca698e3471b,109.7300,CALL
282,ase_pt_32be02a6f8b348be,107.9100,PUT
283,ase_pt_32be02a6f8b348be,103.7500,PUT
284,ase_pt_32be02a6f8b348be,103.7500,CALL
285,ase_pt_32be02a6f8b348be,107.9100,CALL
286,ase_pt_2af95b3f1e834dbb,113.2600,PUT
287,ase_pt_2af95b3f1e834dbb,107.9100,PUT
288,ase_pt_2af95b3f1e834dbb,107.9100,CALL
289,ase_pt_2af95b3f1e834dbb,113.2600,CALL
290,ase_pt_24d5f67c97a24cf4,109.7300,PUT
291,ase_pt_24d5f67c97a24cf4,105.0000,PUT
292,ase_pt_24d5f67c97a24cf4,105.0000,CALL
293,ase_pt_24d5f67c97a24cf4,109.7300,CALL
294,ase_pt_651c3abf1f1f4b08,112.0700,PUT
295,ase_pt_651c3abf1f1f4b08,106.3700,PUT
296,ase_pt_651c3abf1f1f4b08,105.0000,CALL
297,ase_pt_651c3abf1f1f4b08,107.9100,CALL
298,ase_pt_e8ac703556ed4ca8,112.0700,PUT
299,ase_pt_e8ac703556ed4ca8,107.9100,PUT
300,ase_pt_e8ac703556ed4ca8,103.7500,CALL
301,ase_pt_e8ac703556ed4ca8,107.9100,CALL
302,ase_pt_5b48b5fc0a3f40de,112.0700,PUT
303,ase_pt_5b48b5fc0a3f40de,106.3700,PUT
304,ase_pt_5b48b5fc0a3f40de,106.3700,CALL
305,ase_pt_5b48b5fc0a3f40de,112.0700,CALL
306,ase_pt_5b48b5fc0a3f40de,105.0000,PUT
307,ase_pt_5b48b5fc0a3f40de,102.5800,PUT
308,ase_pt_5b48b5fc0a3f40de,102.5800,CALL
309,ase_pt_5b48b5fc0a3f40de,105.0000,CALL
310,ase_pt_41fa6adf243d4784,107.9100,PUT
311,ase_pt_41fa6adf243d4784,103.7500,PUT
312,ase_pt_41fa6adf243d4784,106.3700,CALL
313,ase_pt_41fa6adf243d4784,112.0700,CALL
314,ase_pt_033247baa7c14f4a,109.7300,PUT
315,ase_pt_033247baa7c14f4a,105.0000,PUT
316,ase_pt_033247baa7c14f4a,105.0000,CALL
317,ase_pt_033247baa7c14f4a,109.7300,CALL
318,ase_pt_0c5895db0d4c4a51,112.0700,PUT
319,ase_pt_0c5895db0d4c4a51,106.3700,PUT
320,ase_pt_0c5895db0d4c4a51,106.3700,CALL
321,ase_pt_0c5895db0d4c4a51,112.0700,CALL
322,ase_pt_2a71b6dad9324f42,112.0700,PUT
323,ase_pt_2a71b6dad9324f42,107.9100,PUT
324,ase_pt_2a71b6dad9324f42,107.9100,CALL
325,ase_pt_2a71b6dad9324f42,112.0700,CALL
326,ase_pt_64cba35090f74aaf,100.3700,PUT
327,ase_pt_64cba35090f74aaf,100.3700,CALL
328,ase_pt_64cba35090f74aaf,109.7300,PUT
329,ase_pt_64cba35090f74aaf,109.7300,CALL
330,ase_pt_e79f6d8cdfbc417d,100.3700,CALL
331,ase_pt_e79f6d8cdfbc417d,105.0000,CALL
332,ase_pt_662b1d2e3f3b4a8c,100.3700,PUT
333,ase_pt_662b1d2e3f3b4a8c,105.0000,PUT
334,ase_pt_e2c2f6a10bdb4b99,99.2900,CALL
335,ase_pt_e2c2f6a10bdb4b99,103.7500,CALL
336,ase_pt_e2c2f6a10bdb4b99,107.9100,CALL
337,ase_pt_7c43d64b976b406e,99.2900,PUT
338,ase_pt_7c43d64b976b406e,103.7500,PUT
339,ase_pt_7c43d64b976b406e,107.9100,PUT
340,ase_pt_f8dc673d2e074d35,105.0000,PUT
341,ase_pt_f8dc673d2e074d35,109.7300,PUT
342,ase_pt_f8dc673d2e074d35,105.0000,CALL
343,ase_pt_f8dc673d2e074d35,109.7300,CALL
344,ase_pt_a1c8e3c5b81941d4,107.9100,CALL
345,ase_pt_a1c8e3c5b81941d4,100.3700,CALL
346,ase_pt_a1c8e3c5b81941d4,100.3700,PUT
347,ase_pt_a1c8e3c5b81941d4,107.9100,PUT
348,ase_pt_fb84854ccb4f40ab,107.9100,CALL
349,ase_pt_fb84854ccb4f40ab,100.3700,CALL
350,ase_pt_fb84854ccb4f40ab,100.3700,PUT
351,ase_pt_fb84854ccb4f40ab,107.9100,PUT
352,ase_pt_fe02671f0c3b4c14,112.0700,PUT
353,ase_pt_fe02671f0c3b4c14,115.6200,PUT
354,ase_pt_76488e2737934974,109.7300,PUT
355,ase_pt_76488e2737934974,115.6200,PUT
356,ase_pt_52a1199441b842c2,100.3700,CALL
357,ase_pt_52a1199441b842c2,105.0000,CALL
358,ase_pt_52a1199441b842c2,105.0000,PUT
359,ase_pt_52a1199441b842c2,109.7300,PUT
360,ase_pt_3d55b52d40e74304,103.7500,CALL
361,ase_pt_3d55b52d40e74304,103.7500,PUT
362,ase_pt_3d55b52d40e74304,109.7300,CALL
363,ase_pt_3d55b52d40e74304,109.7300,PUT
364,ase_pt_aaac37a07a91407d,100.3700,CALL
365,ase_pt_aaac37a07a91407d,100.3700,PUT
366,ase_pt_7da7c3b4e64846b4,100.7400,CALL
367,ase_pt_7da7c3b4e64846b4,100.3700,CALL
368,ase_pt_0f937b112584409c,100.3700,CALL
369,ase_pt_0f937b112584409c,100.3700,PUT
370,ase_pt_1170d8dc89b04e2d,106.3700,CALL
371,ase_pt_1170d8dc89b04e2d,106.3700,PUT
372,ase_pt_93a3a93c4f9f4e12,99.2900,CALL
373,ase_pt_93a3a93c4f9f4e12,100.3700,CALL
374,ase_pt_93a3a93c4f9f4e12,102.5800,CALL
375,ase_pt_e42209c2003d4359,112.0700,PUT
376,ase_pt_e42209c2003d4359,106.3700,PUT
377,ase_pt_e42209c2003d4359,106.3700,CALL
378,ase_pt_e42209c2003d4359,112.0700,CALL
379,ase_pt_57dc0fe985a24f4f,100.7400,CALL
380,ase_pt_57dc0fe985a24f4f,100.3700,CALL
381,ase_pt_e0a6c5ea0c7841ed,109.7300,PUT
382,ase_pt_e0a6c5ea0c7841ed,105.0000,PUT
383,ase_pt_e0a6c5ea0c7841ed,105.0000,CALL
384,ase_pt_e0a6c5ea0c7841ed,109.7300,CALL
385,ase_pt_d2435f0b6b9843e7,100.3700,CALL
386,ase_pt_d2435f0b6b9843e7,105.0000,CALL
387,ase_pt_02fefa8de1fa4313,99.2900,CALL
388,ase_pt_02fefa8de1fa4313,100.3700,CALL
389,ase_pt_02fefa8de1fa4313,101.4600,CALL
390,ase_pt_9aa23c0340c74068,107.9100,CALL
391,ase_pt_9aa23c0340c74068,100.3700,CALL
392,ase_pt_9aa23c0340c74068,100.3700,PUT
393,ase_pt_9aa23c0340c74068,107.9100,PUT
394,ase_pt_6eeb91756b384821,112.0700,PUT
395,ase_pt_6eeb91756b384821,107.9100,PUT
396,ase_pt_6eeb91756b384821,107.9100,CALL
397,ase_pt_6eeb91756b384821,112.0700,CALL
398,ase_pt_f756f793419d420f,107.9100,CALL
399,ase_pt_f756f793419d420f,107.9100,PUT
400,ase_pt_931dd6df28c1477d,105.0000,PUT
401,ase_pt_931dd6df28c1477d,112.0700,PUT
402,ase_pt_4d0273c3681a4f01,105.0000,CALL
403,ase_pt_e2ba930eaa534393,98.0000,CALL
404,ase_pt_e2ba930eaa534393,104.0000,CALL
405,ase_pt_40462d8d32c14ee9,91.0000,PUT
406,ase_pt_40462d8d32c14ee9,95.0000,PUT
407,ase_pt_40462d8d32c14ee9,105.0000,CALL
408,ase_pt_40462d8d32c14ee9,109.0000,CALL
409,ase_pt_bbd9a12dae4b4160,97.0000,CALL
410,ase_pt_bbd9a12dae4b4160,102.0000,CALL
411,ase_pt_bbd9a12dae4b4160,103.0000,CALL
412,ase_pt_bbd9a12dae4b4160,108.0000,CALL
413,ase_pt_bbd9a12dae4b4160,100.0000,PUT
414,ase_pt_274b14eb2f984158,96.0000,CALL
415,ase_pt_274b14eb2f984158,100.0000,CALL
416,ase_pt_274b14eb2f984158,104.0000,CALL
417,ase_pt_274b14eb2f984158,104.0000,PUT
418,ase_pt_274b14eb2f984158,100.0000,PUT
419,ase_pt_274b14eb2f984158,96.0000,PUT
420,ase_pt_e4fbd56c2fba44d5,87.0000,PUT
421,ase_pt_e4fbd56c2fba44d5,92.0000,PUT
422,ase_pt_e4fbd56c2fba44d5,108.0000,CALL
423,ase_pt_e4fbd56c2fba44d5,113.0000,CALL
424,ase_pt_e4fbd56c2fba44d5,93.0000,PUT
425,ase_pt_e4fbd56c2fba44d5,98.0000,PUT
426,ase_pt_e4fbd56c2fba44d5,102.0000,CALL
427,ase_pt_e4fbd56c2fba44d5,107.0000,CALL
428,ase_pt_b4fa0790417d42e0,102.5800,CALL
429,ase_pt_9089a990edab441c,102.5800,PUT
430,ase_pt_a9753a5b1a1b4f5e,89.3800,CALL
431,ase_pt_6b35e0a20e884b30,89.3800,PUT
432,ase_pt_e5ccc8f977734766,93.3600,CALL
433,ase_pt_f8bf64f3692e4ea8,93.3600,PUT
434,ase_pt_3b1a8014c6fc4dd2,89.3800,CALL
435,ase_pt_3b1a8014c6fc4dd2,105.0000,CALL
436,ase_pt_3847e37dbe01457c,89.3800,PUT
437,ase_pt_3847e37dbe01457c,105.0000,PUT
438,ase_pt_bc60609866cf4c0f,100.3700,CALL
439,ase_pt_bc60609866cf4c0f,105.0000,CALL
440,ase_pt_161362eb9c554659,97.1000,CALL
441,ase_pt_161362eb9c554659,100.3700,CALL
442,ase_pt_cbd5bf81793446d7,103.7500,CALL
443,ase_pt_cbd5bf81793446d7,107.9100,CALL
444,ase_pt_e8d8f110ca2e46ea,103.7500,CALL
445,ase_pt_e8d8f110ca2e46ea,107.9100,CALL
446,ase_pt_5e49d8edae1c4bb5,106.3700,CALL
447,ase_pt_5e49d8edae1c4bb5,109.7300,CALL
448,ase_pt_b0a34de8bfd04d85,100.3700,CALL
449,ase_pt_b0a34de8bfd04d85,102.5800,CALL
450,ase_pt_d364f8772e634ea2,100.3700,CALL
451,ase_pt_d364f8772e634ea2,109.7300,CALL
452,ase_pt_9d1f3d6be1de42e7,96.9500,CALL
453,ase_pt_9d1f3d6be1de42e7,117.4200,CALL
454,ase_pt_77c6e57b3a1446b9,105.0000,CALL
455,ase_pt_77c6e57b3a1446b9,109.7300,CALL
456,ase_pt_c83827516c75413d,100.3700,CALL
457,ase_pt_c83827516c75413d,107.3800,CALL
458,ase_pt_f5348162a2d24340,100.3700,PUT
459,ase_pt_f5348162a2d24340,105.0000,PUT
460,ase_pt_e8185dd214344b3d,97.1000,PUT
461,ase_pt_e8185dd214344b3d,100.3700,PUT
462,ase_pt_1d7c0f90a07c44e7,103.7500,PUT
463,ase_pt_1d7c0f90a07c44e7,107.9100,PUT
464,ase_pt_e80dd2b5c261433a,103.7500,PUT
465,ase_pt_e80dd2b5c261433a,107.9100,PUT
466,ase_pt_dd6f5dcf3c9049ec,106.3700,PUT
467,ase_pt_dd6f5dcf3c9049ec,109.7300,PUT
468,ase_pt_ca738e7c12374252,100.3700,PUT
469,ase_pt_ca738e7c12374252,102.5800,PUT
470,ase_pt_422c7e1be7ac41bc,100.3700,PUT
471,ase_pt_422c7e1be7ac41bc,109.7300,PUT
472,ase_pt_8779236ee5114ad7,96.9500,PUT
473,ase_pt_8779236ee5114ad7,117.4200,PUT
474,ase_pt_b544d413f1fa4fbe,105.0000,PUT
475,ase_pt_b544d413f1fa4fbe,109.7300,PUT
476,ase_pt_97126c75c93c44f0,100.3700,PUT
477,ase_pt_97126c75c93c44f0,107.3800,PUT
478,ase_pt_e182672b33fc4791,100.3700,CALL
479,ase_pt_e182672b33fc4791,105.0000,CALL
480,ase_pt_e182672b33fc4791,103.7500,PUT
481,ase_pt_e182672b33fc4791,107.9100,PUT
482,ase_pt_977ced069bc5425b,100.3700,PUT
483,ase_pt_977ced069bc5425b,105.0000,PUT
484,ase_pt_977ced069bc5425b,103.7500,CALL
485,ase_pt_977ced069bc5425b,107.9100,CALL
486,ase_pt_9e5cf737f8e74fa3,100.3700,CALL
487,ase_pt_9e5cf737f8e74fa3,100.7400,CALL
488,ase_pt_2fb28aa0a20f49b3,100.3700,PUT
489,ase_pt_2fb28aa0a20f49b3,100.7400,PUT
490,ase_pt_18be7899a17a4176,97.1000,CALL
491,ase_pt_18be7899a17a4176,96.1300,CALL
492,ase_pt_b3dcd42cff494334,105.0000,CALL
493,ase_pt_b3dcd42cff494334,107.3800,CALL
494,ase_pt_4fd217eb3a5a4a32,105.0000,CALL
495,ase_pt_4fd217eb3a5a4a32,107.3800,CALL
496,ase_pt_4fd217eb3a5a4a32,105.0000,PUT
497,ase_pt_4fd217eb3a5a4a32,107.3800,PUT
498,ase_pt_56e7f9a96a7e4464,100.3700,CALL
499,ase_pt_56e7f9a96a7e4464,100.7400,CALL
500,ase_pt_f67e84675c5249a6,100.5600,CALL
501,ase_pt_f67e84675c5249a6,104.6000,CALL
502,ase_pt_b6be8e95c33a4553,100.5600,PUT
503,ase_pt_b6be8e95c33a4553,104.6000,PUT
504,ase_pt_68e54ed88e4d421b,100.7400,CALL
505,ase_pt_68e54ed88e4d421b,105.0000,CALL
506,ase_pt_e1ec5f6baa4d403d,97.6900,CALL
507,ase_pt_e1ec5f6baa4d403d,105.0000,CALL
508,ase_pt_21edb5107520446d,97.6900,PUT
509,ase_pt_21edb5107520446d,105.0000,PUT
510,ase_pt_e4b1d239379943ff,100.7400,CALL
511,ase_pt_e4b1d239379943ff,102.5800,CALL
512,ase_pt_fada956def4e448a,100.7400,CALL
513,ase_pt_fada956def4e448a,105.0000,CALL
514,ase_pt_db747bae239b4a97,105.5800,CALL
515,ase_pt_db747bae239b4a97,107.9100,CALL
516,ase_pt_db747bae239b4a97,105.5800,PUT
517,ase_pt_db747bae239b4a97,107.9100,PUT
518,ase_pt_25ab7424444f4a89,89.3800,CALL
519,ase_pt_25ab7424444f4a89,105.0000,CALL
520,ase_pt_8e442eea96e1491f,89.3800,PUT
521,ase_pt_8e442eea96e1491f,105.0000,PUT
522,ase_pt_e97315119a354c76,100.7400,CALL
523,ase_pt_e97315119a354c76,102.5800,CALL
524,ase_pt_c36ecfd5501c47a4,100.7400,CALL
525,ase_pt_c36ecfd5501c47a4,107.9100,CALL
526,ase_pt_130a27a8cb9745ba,100.7400,PUT
527,ase_pt_130a27a8cb9745ba,107.9100,PUT
528,ase_pt_e44634809c5544e3,100.7400,CALL
529,ase_pt_e44634809c5544e3,100.3700,CALL
530,ase_pt_e44634809c5544e3,100.7400,PUT
531,ase_pt_e44634809c5544e3,100.3700,PUT
532,ase_pt_b960fd2b68d648d3,97.3700,CALL
533,ase_pt_b960fd2b68d648d3,105.0000,CALL
534,ase_pt_ea5c2ec694ed460f,100.3700,CALL
535,ase_pt_ea5c2ec694ed460f,100.3700,PUT
536,ase_pt_ff5e137172e74047,106.3700,CALL
537,ase_pt_ff5e137172e74047,106.3700,PUT
538,ase_pt_ac4b9034cd964425,100.3700,CALL
539,ase_pt_ac4b9034cd964425,100.3700,PUT
540,ase_pt_b8bb8ab33f7c4861,100.3700,CALL
541,ase_pt_b8bb8ab33f7c4861,100.3700,PUT
542,ase_pt_fd8f510a65cb426a,100.3700,CALL
543,ase_pt_fd8f510a65cb426a,100.3700,PUT
544,ase_pt_fd8f510a65cb426a,107.9100,CALL
545,ase_pt_fd8f510a65cb426a,107.9100,PUT
546,ase_pt_8fdcc3627c754690,100.3700,CALL
547,ase_pt_8fdcc3627c754690,100.3700,PUT
548,ase_pt_8fdcc3627c754690,103.7500,CALL
549,ase_pt_8fdcc3627c754690,103.7500,PUT
550,ase_pt_390ae52392654d73,100.3700,CALL
551,ase_pt_390ae52392654d73,100.7400,CALL
552,ase_pt_390ae52392654d73,100.3700,PUT
553,ase_pt_390ae52392654d73,100.7400,PUT
554,ase_pt_2890588a8d2f4473,107.3800,CALL
555,ase_pt_2890588a8d2f4473,107.9100,CALL
556,ase_pt_2890588a8d2f4473,107.3800,PUT
557,ase_pt_2890588a8d2f4473,107.9100,PUT
558,ase_pt_873a7401af7c499b,99.2900,CALL
559,ase_pt_873a7401af7c499b,100.3700,CALL
560,ase_pt_873a7401af7c499b,101.4600,CALL
561,ase_pt_c8310c4a33604a82,99.2900,PUT
562,ase_pt_c8310c4a33604a82,100.3700,PUT
563,ase_pt_c8310c4a33604a82,101.4600,PUT
564,ase_pt_d416f4b7532c415c,106.3700,CALL
565,ase_pt_d416f4b7532c415c,100.3700,CALL
566,ase_pt_d416f4b7532c415c,100.3700,PUT
567,ase_pt_d416f4b7532c415c,106.3700,PUT
568,ase_pt_56d2d5d48d5b4236,99.2900,CALL
569,ase_pt_56d2d5d48d5b4236,100.3700,CALL
570,ase_pt_56d2d5d48d5b4236,103.7500,CALL
571,ase_pt_5f8707ca4cb44569,99.2900,PUT
572,ase_pt_5f8707ca4cb44569,100.3700,PUT
573,ase_pt_5f8707ca4cb44569,103.7500,PUT
574,ase_pt_aeb5d4d092ea48cc,99.2900,CALL
575,ase_pt_aeb5d4d092ea48cc,100.3700,CALL
576,ase_pt_aeb5d4d092ea48cc,102.5800,CALL
577,ase_pt_aa91c2601a534cca,99.2900,CALL
578,ase_pt_aa91c2601a534cca,101.4600,CALL
579,ase_pt_aa91c2601a534cca,105.0000,CALL
580,ase_pt_795a4febeaa54a0d,97.1000,CALL
581,ase_pt_795a4febeaa54a0d,100.3700,CALL
582,ase_pt_795a4febeaa54a0d,103.7500,CALL
583,ase_pt_df79891422ec4bf6,99.9400,CALL
584,ase_pt_df79891422ec4bf6,100.3700,CALL
585,ase_pt_df79891422ec4bf6,100.8000,CALL
586,ase_pt_0dc88f03b7564659,99.2900,CALL
587,ase_pt_0dc88f03b7564659,100.3700,CALL
588,ase_pt_0dc88f03b7564659,101.4600,CALL
589,ase_pt_0dc88f03b7564659,99.2900,PUT
590,ase_pt_0dc88f03b7564659,100.3700,PUT
591,ase_pt_0dc88f03b7564659,101.4600,PUT
592,ase_pt_946b75d084744dd5,100.7400,CALL
593,ase_pt_946b75d084744dd5,100.3700,CALL
594,ase_pt_946b75d084744dd5,101.1200,CALL
595,ase_pt_3f0dc8b2a4fd4917,99.2900,CALL
596,ase_pt_3f0dc8b2a4fd4917,100.3700,CALL
597,ase_pt_3f0dc8b2a4fd4917,102.5800,CALL
598,ase_pt_731523d79fb84a33,109.7300,PUT
599,ase_pt_731523d79fb84a33,105.0000,PUT
600,ase_pt_731523d79fb84a33,105.0000,CALL
601,ase_pt_731523d79fb84a33,109.7300,CALL
602,ase_pt_bb9a1f6f28054353,107.9100,PUT
603,ase_pt_bb9a1f6f28054353,103.7500,PUT
604,ase_pt_bb9a1f6f28054353,103.7500,CALL
605,ase_pt_bb9a1f6f28054353,107.9100,CALL
606,ase_pt_efa0f89d97a54617,113.2600,PUT
607,ase_pt_efa0f89d97a54617,107.9100,PUT
608,ase_pt_efa0f89d97a54617,107.9100,CALL
609,ase_pt_efa0f89d97a54617,113.2600,CALL
610,ase_pt_f250e712b2084bc1,109.7300,PUT
611,ase_pt_f250e712b2084bc1,105.0000,PUT
612,ase_pt_f250e712b2084bc1,105.0000,CALL
613,ase_pt_f250e712b2084bc1,109.7300,CALL
614,ase_pt_a8b9f5ecf5284755,112.0700,PUT
615,ase_pt_a8b9f5ecf5284755,106.3700,PUT
616,ase_pt_a8b9f5ecf5284755,105.0000,CALL
617,ase_pt_a8b9f5ecf5284755,107.9100,CALL
618,ase_pt_7de534e9fe6345cb,112.0700,PUT
619,ase_pt_7de534e9fe6345cb,107.9100,PUT
620,ase_pt_7de534e9fe6345cb,103.7500,CALL
621,ase_pt_7de534e9fe6345cb,107.9100,CALL
622,ase_pt_0e9c0584c7a24633,112.0700,PUT
623,ase_pt_0e9c0584c7a24633,106.3700,PUT
624,ase_pt_0e9c0584c7a24633,106.3700,CALL
625,ase_pt_0e9c0584c7a24633,112.0700,CALL
626,ase_pt_0e9c0584c7a24633,105.0000,PUT
627,ase_pt_0e9c0584c7a24633,102.5800,PUT
628,ase_pt_0e9c0584c7a24633,102.5800,CALL
629,ase_pt_0e9c0584c7a24633,105.0000,CALL
630,ase_pt_e89c1dfca5f44779,107.9100,PUT
631,ase_pt_e89c1dfca5f44779,103.7500,PUT
632,ase_pt_e89c1dfca5f44779,106.3700,CALL
633,ase_pt_e89c1dfca5f44779,112.0700,CALL
634,ase_pt_ee9d189d54294c8a,109.7300,PUT
635,ase_pt_ee9d189d54294c8a,105.0000,PUT
636,ase_pt_ee9d189d54294c8a,105.0000,CALL
637,ase_pt_ee9d189d54294c8a,109.7300,CALL
638,ase_pt_949f8a36d9124d7b,112.0700,PUT
639,ase_pt_949f8a36d9124d7b,106.3700,PUT
640,ase_pt_949f8a36d9124d7b,106.3700,CALL
641,ase_pt_949f8a36d9124d7b,112.0700,CALL
642,ase_pt_84bcc42a04404c1d,112.0700,PUT
643,ase_pt_84bcc42a04404c1d,107.9100,PUT
644,ase_pt_84bcc42a04404c1d,107.9100,CALL
645,ase_pt_84bcc42a04404c1d,112.0700,CALL
646,ase_pt_df0a266b5a764677,100.3700,PUT
647,ase_pt_df0a266b5a764677,100.3700,CALL
648,ase_pt_df0a266b5a764677,109.7300,PUT
649,ase_pt_df0a266b5a764677,109.7300,CALL
650,ase_pt_b6c5e61a736a4625,100.3700,CALL
651,ase_pt_b6c5e61a736a4625,105.0000,CALL
652,ase_pt_626ffd58b34e45ec,100.3700,PUT
653,ase_pt_626ffd58b34e45ec,105.0000,PUT
654,ase_pt_cab5b30e65814c46,99.2900,CALL
655,ase_pt_cab5b30e65814c46,103.7500,CALL
656,ase_pt_cab5b30e65814c46,107.9100,CALL
657,ase_pt_c3b3676b3dca4053,99.2900,PUT
658,ase_pt_c3b3676b3dca4053,103.7500,PUT
659,ase_pt_c3b3676b3dca4053,107.9100,PUT
660,ase_pt_cdcfed298b1248b7,105.0000,PUT
661,ase_pt_cdcfed298b1248b7,109.7300,PUT
662,ase_pt_cdcfed298b1248b7,105.0000,CALL
663,ase_pt_cdcfed298b1248b7,109.7300,CALL
664,ase_pt_f22e95e154d94408,107.9100,CALL
665,ase_pt_f22e95e154d94408,100.3700,CALL
666,ase_pt_f22e95e154d94408,100.3700,PUT
667,ase_pt_f22e95e154d94408,107.9100,PUT
668,ase_pt_6238c50e54c64833,107.9100,CALL
669,ase_pt_6238c50e54c64833,100.3700,CALL
670,ase_pt_6238c50e54c64833,100.3700,PUT
671,ase_pt_6238c50e54c64833,107.9100,PUT
672,ase_pt_186926e1febe450d,112.0700,PUT
673,ase_pt_186926e1febe450d,115.6200,PUT
674,ase_pt_14f0366b84ad46a1,109.7300,PUT
675,ase_pt_14f0366b84ad46a1,115.6200,PUT
676,ase_pt_3c868bba84d748be,100.3700,CALL
677,ase_pt_3c868bba84d748be,105.0000,CALL
678,ase_pt_3c868bba84d748be,105.0000,PUT
679,ase_pt_3c868bba84d748be,109.7300,PUT
680,ase_pt_4e16f998994a497a,103.7500,CALL
681,ase_pt_4e16f998994a497a,103.7500,PUT
682,ase_pt_4e16f998994a497a,109.7300,CALL
683,ase_pt_4e16f998994a497a,109.7300,PUT
684,ase_pt_51e1bd8493af4532,100.3700,CALL
685,ase_pt_51e1bd8493af4532,100.3700,PUT
686,ase_pt_bbfe78136a6145df,100.7400,CALL
687,ase_pt_bbfe78136a6145df,100.3700,CALL
688,ase_pt_ec5bbbcd384d43e0,100.3700,CALL
689,ase_pt_ec5bbbcd384d43e0,100.3700,PUT
690,ase_pt_e0dcd7cfa0434bf4,106.3700,CALL
691,ase_pt_e0dcd7cfa0434bf4,106.3700,PUT
692,ase_pt_96c335fbcd3f4c4f,99.2900,CALL
693,ase_pt_96c335fbcd3f4c4f,100.3700,CALL
694,ase_pt_96c335fbcd3f4c4f,102.5800,CALL
695,ase_pt_071c68cb9fa54058,112.0700,PUT
696,ase_pt_071c68cb9fa54058,106.3700,PUT
697,ase_pt_071c68cb9fa54058,106.3700,CALL
698,ase_pt_071c68cb9fa54058,112.0700,CALL
699,ase_pt_004a747141f34b53,100.7400,CALL
700,ase_pt_004a747141f34b53,100.3700,CALL
701,ase_pt_b17fef4b11414c67,109.7300,PUT
702,ase_pt_b17fef4b11414c67,105.0000,PUT
703,ase_pt_b17fef4b11414c67,105.0000,CALL
704,ase_pt_b17fef4b11414c67,109.7300,CALL
705,ase_pt_52db46c029b748f6,100.3700,CALL
706,ase_pt_52db46c029b748f6,105.0000,CALL
707,ase_pt_9ae3a43abb114bb3,99.2900,CALL
708,ase_pt_9ae3a43abb114bb3,100.3700,CALL
709,ase_pt_9ae3a43abb114bb3,101.4600,CALL
710,ase_pt_3c3d96cd00fa4b9f,107.9100,CALL
711,ase_pt_3c3d96cd00fa4b9f,100.3700,CALL
712,ase_pt_3c3d96cd00fa4b9f,100.3700,PUT
713,ase_pt_3c3d96cd00fa4b9f,107.9100,PUT
714,ase_pt_e2d687d64f954cd6,112.0700,PUT
715,ase_pt_e2d687d64f954cd6,107.9100,PUT
716,ase_pt_e2d687d64f954cd6,107.9100,CALL
717,ase_pt_e2d687d64f954cd6,112.0700,CALL
718,ase_pt_b0bae41a8b684f02,107.9100,CALL
719,ase_pt_b0bae41a8b684f02,107.9100,PUT
720,ase_pt_007d3f1af7e84a77,105.0000,PUT
721,ase_pt_007d3f1af7e84a77,112.0700,PUT
722,ase_pt_0e212e6ad17744d0,105.0000,CALL
723,ase_pt_d9ff3f43e29b426f,98.0000,CALL
724,ase_pt_d9ff3f43e29b426f,104.0000,CALL
725,ase_pt_752066dea78b41bf,91.0000,PUT
726,ase_pt_752066dea78b41bf,95.0000,PUT
727,ase_pt_752066dea78b41bf,105.0000,CALL
728,ase_pt_752066dea78b41bf,109.0000,CALL
729,ase_pt_e99a1c0bac7a44b8,97.0000,CALL
730,ase_pt_e99a1c0bac7a44b8,102.0000,CALL
731,ase_pt_e99a1c0bac7a44b8,103.0000,CALL
732,ase_pt_e99a1c0bac7a44b8,108.0000,CALL
733,ase_pt_e99a1c0bac7a44b8,100.0000,PUT
734,ase_pt_23c047592c864aa6,96.0000,CALL
735,ase_pt_23c047592c864aa6,100.0000,CALL
736,ase_pt_23c047592c864aa6,104.0000,CALL
737,ase_pt_23c047592c864aa6,104.0000,PUT
738,ase_pt_23c047592c864aa6,100.0000,PUT
739,ase_pt_23c047592c864aa6,96.0000,PUT
740,ase_pt_5a58675379e94007,87.0000,PUT
741,ase_pt_5a58675379e94007,92.0000,PUT
742,ase_pt_5a58675379e94007,108.0000,CALL
743,ase_pt_5a58675379e94007,113.0000,CALL
744,ase_pt_5a58675379e94007,93.0000,PUT
745,ase_pt_5a58675379e94007,98.0000,PUT
746,ase_pt_5a58675379e94007,102.0000,CALL
747,ase_pt_5a58675379e94007,107.0000,CALL
748,ase_pt_374d35422d344aa3,102.5800,CALL
749,ase_pt_d290c1a0e61b449f,102.5800,PUT
750,ase_pt_172a972a10174266,89.3800,CALL
751,ase_pt_e7789d15879a45eb,89.3800,PUT
752,ase_pt_1b16a124b3174a1d,93.3600,CALL
753,ase_pt_c985351fe54449c8,93.3600,PUT
754,ase_pt_26b9a78175254dcd,89.3800,CALL
755,ase_pt_26b9a78175254dcd,105.0000,CALL
756,ase_pt_a786e2c48589413f,89.3800,PUT
757,ase_pt_a786e2c48589413f,105.0000,PUT
758,ase_pt_ff4857b9ca1e4f31,100.3700,CALL
759,ase_pt_ff4857b9ca1e4f31,105.0000,CALL
760,ase_pt_07bdcfff5f604dac,97.1000,CALL
761,ase_pt_07bdcfff5f604dac,100.3700,CALL
762,ase_pt_9c6a842c94f74f0c,103.7500,CALL
763,ase_pt_9c6a842c94f74f0c,107.9100,CALL
764,ase_pt_a0f182a9ba75429b,103.7500,CALL
765,ase_pt_a0f182a9ba75429b,107.9100,CALL
766,ase_pt_00b9fcf63ec84443,106.3700,CALL
767,ase_pt_00b9fcf63ec84443,109.7300,CALL
768,ase_pt_89e9a7a206094b5d,100.3700,CALL
769,ase_pt_89e9a7a206094b5d,102.5800,CALL
770,ase_pt_9221343a8ff442c1,100.3700,CALL
771,ase_pt_9221343a8ff442c1,109.7300,CALL
772,ase_pt_2be32f47df1f4199,96.9500,CALL
773,ase_pt_2be32f47df1f4199,117.4200,CALL
774,ase_pt_3a461d2fa135461e,105.0000,CALL
775,ase_pt_3a461d2fa135461e,109.7300,CALL
776,ase_pt_8b344752f60546a1,100.3700,CALL
777,ase_pt_8b344752f60546a1,107.3800,CALL
778,ase_pt_9b4f4bfe915d486c,100.3700,PUT
779,ase_pt_9b4f4bfe915d486c,105.0000,PUT
780,ase_pt_d66365d89f08431d,97.1000,PUT
781,ase_pt_d66365d89f08431d,100.3700,PUT
782,ase_pt_36c1bab4acbe416d,103.7500,PUT
783,ase_pt_36c1bab4acbe416d,107.9100,PUT
784,ase_pt_072d99d8825b437b,103.7500,PUT
785,ase_pt_072d99d8825b437b,107.9100,PUT
786,ase_pt_13ff268f37fb45d6,106.3700,PUT
787,ase_pt_13ff268f37fb45d6,109.7300,PUT
788,ase_pt_824858ba1134432d,100.3700,PUT
789,ase_pt_824858ba1134432d,102.5800,PUT
790,ase_pt_81456c16dc9141dc,100.3700,PUT
791,ase_pt_81456c16dc9141dc,109.7300,PUT
792,ase_pt_68dedcd545444fa1,96.9500,PUT
793,ase_pt_68dedcd545444fa1,117.4200,PUT
794,ase_pt_5dd2701e8ad6448e,105.0000,PUT
795,ase_pt_5dd2701e8ad6448e,109.7300,PUT
796,ase_pt_d4b58757814f4b80,100.3700,PUT
797,ase_pt_d4b58757814f4b80,107.3800,PUT
798,ase_pt_5dc715014dd84a43,100.3700,CALL
799,ase_pt_5dc715014dd84a43,105.0000,CALL
800,ase_pt_5dc715014dd84a43,103.7500,PUT
801,ase_pt_5dc715014dd84a43,107.9100,PUT
802,ase_pt_29707c7594b24de3,100.3700,PUT
803,ase_pt_29707c7594b24de3,105.0000,PUT
804,ase_pt_29707c7594b24de3,103.7500,CALL
805,ase_pt_29707c7594b24de3,107.9100,CALL
806,ase_pt_7f4cbe9e07c348b3,100.3700,CALL
807,ase_pt_7f4cbe9e07c348b3,100.7400,CALL
808,ase_pt_e0843e5730d14f6a,100.3700,PUT
809,ase_pt_e0843e5730d14f6a,100.7400,PUT
810,ase_pt_24c4ba6f47cb4240,97.1000,CALL
811,ase_pt_24c4ba6f47cb4240,96.1300,CALL
812,ase_pt_55f2879c9c234ae8,105.0000,CALL
813,ase_pt_55f2879c9c234ae8,107.3800,CALL
814,ase_pt_7904fd855b78444d,105.0000,CALL
815,ase_pt_7904fd855b78444d,107.3800,CALL
816,ase_pt_7904fd855b78444d,105.0000,PUT
817,ase_pt_7904fd855b78444d,107.3800,PUT
818,ase_pt_53fd94a5236f4933,100.3700,CALL
819,ase_pt_53fd94a5236f4933,100.7400,CALL
820,ase_pt_04f4c3ecbe4a4039,100.5600,CALL
821,ase_pt_04f4c3ecbe4a4039,104.6000,CALL
822,ase_pt_b70d6af2f94d4814,100.5600,PUT
823,ase_pt_b70d6af2f94d4814,104.6000,PUT
824,ase_pt_a36cd5a474524c44,100.7400,CALL
825,ase_pt_a36cd5a474524c44,105.0000,CALL
826,ase_pt_94869ecb05004e5d,97.6900,CALL
827,ase_pt_94869ecb05004e5d,105.0000,CALL
828,ase_pt_68eeb4f5c58f48cd,97.6900,PUT
829,ase_pt_68eeb4f5c58f48cd,105.0000,PUT
830,ase_pt_3fea564c077e49df,100.7400,CALL
831,ase_pt_3fea564c077e49df,102.5800,CALL
832,ase_pt_751823b026db4dd0,100.7400,CALL
833,ase_pt_751823b026db4dd0,105.0000,CALL
834,ase_pt_34b7749cae3b494d,105.5800,CALL
835,ase_pt_34b7749cae3b494d,107.9100,CALL
836,ase_pt_34b7749cae3b494d,105.5800,PUT
837,ase_pt_34b7749cae3b494d,107.9100,PUT
838,ase_pt_6bb95b5aa7244b82,89.3800,CALL
839,ase_pt_6bb95b5aa7244b82,105.0000,CALL
840,ase_pt_df9ef3680a77413b,89.3800,PUT
841,ase_pt_df9ef3680a77413b,105.0000,PUT
842,ase_pt_0fd2fff6f13649d5,100.7400,CALL
843,ase_pt_0fd2fff6f13649d5,102.5800,CALL
844,ase_pt_0ec22af1f8694c35,100.7400,CALL
845,ase_pt_0ec22af1f8694c35,107.9100,CALL
846,ase_pt_78bec6a96d964fd6,100.7400,PUT
847,ase_pt_78bec6a96d964fd6,107.9100,PUT
848,ase_pt_f524316759cb4ded,100.7400,CALL
849,ase_pt_f524316759cb4ded,100.3700,CALL
850,ase_pt_f524316759cb4ded,100.7400,PUT
851,ase_pt_f524316759cb4ded,100.3700,PUT
852,ase_pt_155673414d9c4237,97.3700,CALL
853,ase_pt_155673414d9c4237,105.0000,CALL
854,ase_pt_492673dfeb9d4bb4,100.3700,CALL
855,ase_pt_492673dfeb9d4bb4,100.3700,PUT
856,ase_pt_e8daada75c2d4937,106.3700,CALL
857,ase_pt_e8daada75c2d4937,106.3700,PUT
858,ase_pt_bb16728c9ab74c57,100.3700,CALL
859,ase_pt_bb16728c9ab74c57,100.3700,PUT
860,ase_pt_dda2c92bd3bf4532,100.3700,CALL
861,ase_pt_dda2c92bd3bf4532,100.3700,PUT
862,ase_pt_6380627d787b417b,100.3700,CALL
863,ase_pt_6380627d787b417b,100.3700,PUT
864,ase_pt_6380627d787b417b,107.9100,CALL
865,ase_pt_6380627d787b417b,107.9100,PUT
866,ase_pt_989392eefb9541f2,100.3700,CALL
867,ase_pt_989392eefb9541f2,100.3700,PUT
868,ase_pt_989392eefb9541f2,103.7500,CALL
869,ase_pt_989392eefb9541f2,103.7500,PUT
870,ase_pt_c15348efbf064e5a,100.3700,CALL
871,ase_pt_c15348efbf064e5a,100.7400,CALL
872,ase_pt_c15348efbf064e5a,100.3700,PUT
873,ase_pt_c15348efbf064e5a,100.7400,PUT
874,ase_pt_1efc5e19f4d2470b,107.3800,CALL
875,ase_pt_1efc5e19f4d2470b,107.9100,CALL
876,ase_pt_1efc5e19f4d2470b,107.3800,PUT
877,ase_pt_1efc5e19f4d2470b,107.9100,PUT
878,ase_pt_83d56a0a0f0f40a3,99.2900,CALL
879,ase_pt_83d56a0a0f0f40a3,100.3700,CALL
880,ase_pt_83d56a0a0f0f40a3,101.4600,CALL
881,ase_pt_7d604ae2b8b84008,99.2900,PUT
882,ase_pt_7d604ae2b8b84008,100.3700,PUT
883,ase_pt_7d604ae2b8b84008,101.4600,PUT
884,ase_pt_5531bb51b3f046e0,106.3700,CALL
885,ase_pt_5531bb51b3f046e0,100.3700,CALL
886,ase_pt_5531bb51b3f046e0,100.3700,PUT
887,ase_pt_5531bb51b3f046e0,106.3700,PUT
888,ase_pt_bb138449b1884e36,99.2900,CALL
889,ase_pt_bb138449b1884e36,100.3700,CALL
890,ase_pt_bb138449b1884e36,103.7500,CALL
891,ase_pt_848e090753ce4b78,99.2900,PUT
892,ase_pt_848e090753ce4b78,100.3700,PUT
893,ase_pt_848e090753ce4b78,103.7500,PUT
894,ase_pt_c7352c9de31649d5,99.2900,CALL
895,ase_pt_c7352c9de31649d5,100.3700,CALL
896,ase_pt_c7352c9de31649d5,102.5800,CALL
897,ase_pt_63167d95b92d46a9,99.2900,CALL
898,ase_pt_63167d95b92d46a9,101.4600,CALL
899,ase_pt_63167d95b92d46a9,105.0000,CALL
900,ase_pt_4e005621b9684abd,97.1000,CALL
901,ase_pt_4e005621b9684abd,100.3700,CALL
902,ase_pt_4e005621b9684abd,103.7500,CALL
903,ase_pt_03849d666efe4824,99.9400,CALL
904,ase_pt_03849d666efe4824,100.3700,CALL
905,ase_pt_03849d666efe4824,100.8000,CALL
906,ase_pt_e7742d0825944040,99.2900,CALL
907,ase_pt_e7742d0825944040,100.3700,CALL
908,ase_pt_e7742d0825944040,101.4600,CALL
909,ase_pt_e7742d0825944040,99.2900,PUT
910,ase_pt_e7742d0825944040,100.3700,PUT
911,ase_pt_e7742d0825944040,101.4600,PUT
912,ase_pt_8dbc75e418544b88,100.7400,CALL
913,ase_pt_8dbc75e418544b88,100.3700,CALL
914,ase_pt_8dbc75e418544b88,101.1200,CALL
915,ase_pt_c45fec7c13434445,99.2900,CALL
916,ase_pt_c45fec7c13434445,100.3700,CALL
917,ase_pt_c45fec7c13434445,102.5800,CALL
918,ase_pt_0e5e83ab54cb4538,109.7300,PUT
919,ase_pt_0e5e83ab54cb4538,105.0000,PUT
920,ase_pt_0e5e83ab54cb4538,105.0000,CALL
921,ase_pt_0e5e83ab54cb4538,109.7300,CALL
922,ase_pt_ff3f24f24b8e45f4,107.9100,PUT
923,ase_pt_ff3f24f24b8e45f4,103.7500,PUT
924,ase_pt_ff3f24f24b8e45f4,103.7500,CALL
925,ase_pt_ff3f24f24b8e45f4,107.9100,CALL
926,ase_pt_762319e20bcf4980,113.2600,PUT
927,ase_pt_762319e20bcf4980,107.9100,PUT
928,ase_pt_762319e20bcf4980,107.9100,CALL
929,ase_pt_762319e20bcf4980,113.2600,CALL
930,ase_pt_c5e54d1c2fad41cc,109.7300,PUT
931,ase_pt_c5e54d1c2fad41cc,105.0000,PUT
932,ase_pt_c5e54d1c2fad41cc,105.0000,CALL
933,ase_pt_c5e54d1c2fad41cc,109.7300,CALL
934,ase_pt_bfcfa9b74a7841ec,112.0700,PUT
935,ase_pt_bfcfa9b74a7841ec,106.3700,PUT
936,ase_pt_bfcfa9b74a7841ec,105.0000,CALL
937,ase_pt_bfcfa9b74a7841ec,107.9100,CALL
938,ase_pt_6902ab81fd5c473c,112.0700,PUT
939,ase_pt_6902ab81fd5c473c,107.9100,PUT
940,ase_pt_6902ab81fd5c473c,103.7500,CALL
941,ase_pt_6902ab81fd5c473c,107.9100,CALL
942,ase_pt_1ec92c1858a942b5,112.0700,PUT
943,ase_pt_1ec92c1858a942b5,106.3700,PUT
944,ase_pt_1ec92c1858a942b5,106.3700,CALL
945,ase_pt_1ec92c1858a942b5,112.0700,CALL
946,ase_pt_1ec92c1858a942b5,105.0000,PUT
947,ase_pt_1ec92c1858a942b5,102.5800,PUT
948,ase_pt_1ec92c1858a942b5,102.5800,CALL
949,ase_pt_1ec92c1858a942b5,105.0000,CALL
950,ase_pt_c985b0ea78c349bf,107.9100,PUT
951,ase_pt_c985b0ea78c349bf,103.7500,PUT
952,ase_pt_c985b0ea78c349bf,106.3700,CALL
953,ase_pt_c985b0ea78c349bf,112.0700,CALL
954,ase_pt_725a2fc7d4474ae9,109.7300,PUT
955,ase_pt_725a2fc7d4474ae9,105.0000,PUT
956,ase_pt_725a2fc7d4474ae9,105.0000,CALL
957,ase_pt_725a2fc7d4474ae9,109.7300,CALL
958,ase_pt_10e90105a8cd4fd0,112.0700,PUT
959,ase_pt_10e90105a8cd4fd0,106.3700,PUT
960,ase_pt_10e90105a8cd4fd0,106.3700,CALL
961,ase_pt_10e90105a8cd4fd0,112.0700,CALL
962,ase_pt_d742e132255243af,112.0700,PUT
963,ase_pt_d742e132255243af,107.9100,PUT
964,ase_pt_d742e132255243af,107.9100,CALL
965,ase_pt_d742e132255243af,112.0700,CALL
966,ase_pt_630c5bfba91c45a1,100.3700,PUT
967,ase_pt_630c5bfba91c45a1,100.3700,CALL
968,ase_pt_630c5bfba91c45a1,109.7300,PUT
969,ase_pt_630c5bfba91c45a1,109.7300,CALL
970,ase_pt_bb4541f2bdfc46ca,100.3700,CALL
971,ase_pt_bb4541f2bdfc46ca,105.0000,CALL
972,ase_pt_d8dc2fb768cf4d72,100.3700,PUT
973,ase_pt_d8dc2fb768cf4d72,105.0000,PUT
974,ase_pt_2b1cb0acde8a4d2a,99.2900,CALL
975,ase_pt_2b1cb0acde8a4d2a,103.7500,CALL
976,ase_pt_2b1cb0acde8a4d2a,107.9100,CALL
977,ase_pt_98a9900391574b3c,99.2900,PUT
978,ase_pt_98a9900391574b3c,103.7500,PUT
979,ase_pt_98a9900391574b3c,107.9100,PUT
980,ase_pt_df0d1012524347fb,105.0000,PUT
981,ase_pt_df0d1012524347fb,109.7300,PUT
982,ase_pt_df0d1012524347fb,105.0000,CALL
983,ase_pt_df0d1012524347fb,109.7300,CALL
984,ase_pt_963783dd4e834ad5,107.9100,CALL
985,ase_pt_963783dd4e834ad5,100.3700,CALL
986,ase_pt_963783dd4e834ad5,100.3700,PUT
987,ase_pt_963783dd4e834ad5,107.9100,PUT
988,ase_pt_3f620ebb349a4df9,107.9100,CALL
989,ase_pt_3f620ebb349a4df9,100.3700,CALL
990,ase_pt_3f620ebb349a4df9,100.3700,PUT
991,ase_pt_3f620ebb349a4df9,107.9100,PUT
992,ase_pt_bf9746964617425a,112.0700,PUT
993,ase_pt_bf9746964617425a,115.6200,PUT
994,ase_pt_305c8be299544ad0,109.7300,PUT
995,ase_pt_305c8be299544ad0,115.6200,PUT
996,ase_pt_dea8aa2dc202496f,100.3700,CALL
997,ase_pt_dea8aa2dc202496f,105.0000,CALL
998,ase_pt_dea8aa2dc202496f,105.0000,PUT
999,ase_pt_dea8aa2dc202496f,109.7300,PUT
1000,ase_pt_f3afc3f4ede84b03,103.7500,CALL
1001,ase_pt_f3afc3f4ede84b03,103.7500,PUT
1002,ase_pt_f3afc3f4ede84b03,109.7300,CALL
1003,ase_pt_f3afc3f4ede84b03,109.7300,PUT
1004,ase_pt_a2df9c7deeea4407,100.3700,CALL
1005,ase_pt_a2df9c7deeea4407,100.3700,PUT
1006,ase_pt_c8bf85c6ede2488b,100.7400,CALL
1007,ase_pt_c8bf85c6ede2488b,100.3700,CALL
1008,ase_pt_5e1802c0f78045cb,100.3700,CALL
1009,ase_pt_5e1802c0f78045cb,100.3700,PUT
1010,ase_pt_c8dd09199fb94cf3,106.3700,CALL
1011,ase_pt_c8dd09199fb94cf3,106.3700,PUT
1012,ase_pt_f352a5bb0a3845c7,99.2900,CALL
1013,ase_pt_f352a5bb0a3845c7,100.3700,CALL
1014,ase_pt_f352a5bb0a3845c7,102.5800,CALL
1015,ase_pt_496875cb2f7d476e,112.0700,PUT
1016,ase_pt_496875cb2f7d476e,106.3700,PUT
1017,ase_pt_496875cb2f7d476e,106.3700,CALL
1018,ase_pt_496875cb2f7d476e,112.0700,CALL
1019,ase_pt_d8d2ea56d692462f,100.7400,CALL
1020,ase_pt_d8d2ea56d692462f,100.3700,CALL
1021,ase_pt_bed69d2bf32e4b21,109.7300,PUT
1022,ase_pt_bed69d2bf32e4b21,105.0000,PUT
1023,ase_pt_bed69d2bf32e4b21,105.0000,CALL
1024,ase_pt_bed69d2bf32e4b21,109.7300,CALL
1025,ase_pt_ea93f5edcbd049a6,100.3700,CALL
1026,ase_pt_ea93f5edcbd049a6,105.0000,CALL
1027,ase_pt_16cf6d806ea34cdc,99.2900,CALL
1028,ase_pt_16cf6d806ea34cdc,100.3700,CALL
1029,ase_pt_16cf6d806ea34cdc,101.4600,CALL
1030,ase_pt_d3b5f2da35984057,107.9100,CALL
1031,ase_pt_d3b5f2da35984057,100.3700,CALL
1032,ase_pt_d3b5f2da35984057,100.3700,PUT
1033,ase_pt_d3b5f2da35984057,107.9100,PUT
1034,ase_pt_8d400ce6441c4402,112.0700,PUT
1035,ase_pt_8d400ce6441c4402,107.9100,PUT
1036,ase_pt_8d400ce6441c4402,107.9100,CALL
1037,ase_pt_8d400ce6441c4402,112.0700,CALL
1038,ase_pt_854cdbc63d0e4302,107.9100,CALL
1039,ase_pt_854cdbc63d0e4302,107.9100,PUT
1040,ase_pt_e7d78e583530476c,105.0000,PUT
1041,ase_pt_e7d78e583530476c,112.0700,PUT
1042,ase_pt_eb69c5f8d45a4cea,105.0000,CALL
1043,ase_pt_08179cf977334df3,98.0000,CALL
1044,ase_pt_08179cf977334df3,104.0000,CALL
1045,ase_pt_8b9f1e603d544491,91.0000,PUT
1046,ase_pt_8b9f1e603d544491,95.0000,PUT
1047,ase_pt_8b9f1e603d544491,105.0000,CALL
1048,ase_pt_8b9f1e603d544491,109.0000,CALL
1049,ase_pt_0c9b4327f85a4179,97.0000,CALL
1050,ase_pt_0c9b4327f85a4179,102.0000,CALL
1051,ase_pt_0c9b4327f85a4179,103.0000,CALL
1052,ase_pt_0c9b4327f85a4179,108.0000,CALL
1053,ase_pt_0c9b4327f85a4179,100.0000,PUT
1054,ase_pt_b217288663e64abf,96.0000,CALL
1055,ase_pt_b217288663e64abf,100.0000,CALL
1056,ase_pt_b217288663e64abf,104.0000,CALL
1057,ase_pt_b217288663e64abf,104.0000,PUT
1058,ase_pt_b217288663e64abf,100.0000,PUT
1059,ase_pt_b217288663e64abf,96.0000,PUT
1060,ase_pt_eacf187fc03e42a8,87.0000,PUT
1061,ase_pt_eacf187fc03e42a8,92.0000,PUT
1062,ase_pt_eacf187fc03e42a8,108.0000,CALL
1063,ase_pt_eacf187fc03e42a8,113.0000,CALL
1064,ase_pt_eacf187fc03e42a8,93.0000,PUT
1065,ase_pt_eacf187fc03e42a8,98.0000,PUT
1066,ase_pt_eacf187fc03e42a8,102.0000,CALL
1067,ase_pt_eacf187fc03e42a8,107.0000,CALL
1068,ase_pt_6d5376710e84479f,102.5800,CALL
1069,ase_pt_3ca0620c4cef4d6f,102.5800,PUT
1070,ase_pt_974bac188a97487c,89.3800,CALL
1071,ase_pt_1c95fb9bd5194ab1,89.3800,PUT
1072,ase_pt_bbb2af4febbf44fa,93.3600,CALL
1073,ase_pt_df836ccb480e43ac,93.3600,PUT
1074,ase_pt_baad41bd56d44e0e,89.3800,CALL
1075,ase_pt_baad41bd56d44e0e,105.0000,CALL
1076,ase_pt_8b3c4ae687964a70,89.3800,PUT
1077,ase_pt_8b3c4ae687964a70,105.0000,PUT
1078,ase_pt_cf555e7bab05428c,100.3700,CALL
1079,ase_pt_cf555e7bab05428c,105.0000,CALL
1080,ase_pt_341ee9bd107947a6,97.1000,CALL
1081,ase_pt_341ee9bd107947a6,100.3700,CALL
1082,ase_pt_48e071537e064f17,103.7500,CALL
1083,ase_pt_48e071537e064f17,107.9100,CALL
1084,ase_pt_774ec411f0664b5e,103.7500,CALL
1085,ase_pt_774ec411f0664b5e,107.9100,CALL
1086,ase_pt_9ce40b1112c2482f,106.3700,CALL
1087,ase_pt_9ce40b1112c2482f,109.7300,CALL
1088,ase_pt_c6a51fd7f76347fe,100.3700,CALL
1089,ase_pt_c6a51fd7f76347fe,102.5800,CALL
1090,ase_pt_f5dd6dc35bb846d9,100.3700,CALL
1091,ase_pt_f5dd6dc35bb846d9,109.7300,CALL
1092,ase_pt_a1fcb5049d0f413b,96.9500,CALL
1093,ase_pt_a1fcb5049d0f413b,117.4200,CALL
1094,ase_pt_8f481826e0ff4f9b,105.0000,CALL
1095,ase_pt_8f481826e0ff4f9b,109.7300,CALL
1096,ase_pt_364e2c86c1d6469d,100.3700,CALL
1097,ase_pt_364e2c86c1d6469d,107.3800,CALL
1098,ase_pt_5451fd35cf2d40c9,100.3700,PUT
1099,ase_pt_5451fd35cf2d40c9,105.0000,PUT
1100,ase_pt_304246ad516046d6,97.1000,PUT
1101,ase_pt_304246ad516046d6,100.3700,PUT
1102,ase_pt_63b79671045a4aa2,103.7500,PUT
1103,ase_pt_63b79671045a4aa2,107.9100,PUT
1104,ase_pt_44cb1b0418044113,103.7500,PUT
1105,ase_pt_44cb1b0418044113,107.9100,PUT
1106,ase_pt_4ef17b0e1c6546f6,106.3700,PUT
1107,ase_pt_4ef17b0e1c6546f6,109.7300,PUT
1108,ase_pt_bcbabed4ff834d64,100.3700,PUT
1109,ase_pt_bcbabed4ff834d64,102.5800,PUT
1110,ase_pt_0a828b9ce657480c,100.3700,PUT
1111,ase_pt_0a828b9ce657480c,109.7300,PUT
1112,ase_pt_7c1b674006aa4427,96.9500,PUT
1113,ase_pt_7c1b674006aa4427,117.4200,PUT
1114,ase_pt_80b9c058175a4c61,105.0000,PUT
1115,ase_pt_80b9c058175a4c61,109.7300,PUT
1116,ase_pt_e3723739cd9c4db8,100.3700,PUT
1117,ase_pt_e3723739cd9c4db8,107.3800,PUT
1118,ase_pt_dcf739fea6c346c2,100.3700,CALL
1119,ase_pt_dcf739fea6c346c2,105.0000,CALL
1120,ase_pt_dcf739fea6c346c2,103.7500,PUT
1121,ase_pt_dcf739fea6c346c2,107.9100,PUT
1122,ase_pt_297066db97404b77,100.3700,PUT
1123,ase_pt_297066db97404b77,105.0000,PUT
1124,ase_pt_297066db97404b77,103.7500,CALL
1125,ase_pt_297066db97404b77,107.9100,CALL
1126,ase_pt_ffc319cbdcb547bd,100.3700,CALL
1127,ase_pt_ffc319cbdcb547bd,100.7400,CALL
1128,ase_pt_b56a1c5009bc48ba,100.3700,PUT
1129,ase_pt_b56a1c5009bc48ba,100.7400,PUT
1130,ase_pt_c22a27dc84f148ae,97.1000,CALL
1131,ase_pt_c22a27dc84f148ae,96.1300,CALL
1132,ase_pt_b62d17470e3d4853,105.0000,CALL
1133,ase_pt_b62d17470e3d4853,107.3800,CALL
1134,ase_pt_1acdccfce30940ea,105.0000,CALL
1135,ase_pt_1acdccfce30940ea,107.3800,CALL
1136,ase_pt_1acdccfce30940ea,105.0000,PUT
1137,ase_pt_1acdccfce30940ea,107.3800,PUT
1138,ase_pt_3e339a7a3cdc4e44,100.3700,CALL
1139,ase_pt_3e339a7a3cdc4e44,100.7400,CALL
1140,ase_pt_f663d57759104da1,100.5600,CALL
1141,ase_pt_f663d57759104da1,104.6000,CALL
1142,ase_pt_8bb5c04c7e374521,100.5600,PUT
1143,ase_pt_8bb5c04c7e374521,104.6000,PUT
1144,ase_pt_14bbea05d32a4a64,100.7400,CALL
1145,ase_pt_14bbea05d32a4a64,105.0000,CALL
1146,ase_pt_e9c5adc89a694700,97.6900,CALL
1147,ase_pt_e9c5adc89a694700,105.0000,CALL
1148,ase_pt_2e78f09475d34b9c,97.6900,PUT
1149,ase_pt_2e78f09475d34b9c,105.0000,PUT
1150,ase_pt_7321ce7d9a704a8b,100.7400,CALL
1151,ase_pt_7321ce7d9a704a8b,102.5800,CALL
1152,ase_pt_5e8f0d60fbd54fb2,100.7400,CALL
1153,ase_pt_5e8f0d60fbd54fb2,105.0000,CALL
1154,ase_pt_3ba61bac1a2f4d53,105.5800,CALL
1155,ase_pt_3ba61bac1a2f4d53,107.9100,CALL
1156,ase_pt_3ba61bac1a2f4d53,105.5800,PUT
1157,ase_pt_3ba61bac1a2f4d53,107.9100,PUT
1158,ase_pt_16c1472721674c76,89.3800,CALL
1159,ase_pt_16c1472721674c76,105.0000,CALL
1160,ase_pt_a56d6cd8ff234e19,89.3800,PUT
1161,ase_pt_a56d6cd8ff234e19,105.0000,PUT
1162,ase_pt_0f75b5e82d514193,100.7400,CALL
1163,ase_pt_0f75b5e82d514193,102.5800,CALL
1164,ase_pt_937155f971934804,100.7400,CALL
1165,ase_pt_937155f971934804,107.9100,CALL
1166,ase_pt_b73e0508eca949e8,100.7400,PUT
1167,ase_pt_b73e0508eca949e8,107.9100,PUT
1168,ase_pt_532c902bfb4748ee,100.7400,CALL
1169,ase_pt_532c902bfb4748ee,100.3700,CALL
1170,ase_pt_532c902bfb4748ee,100.7400,PUT
1171,ase_pt_532c902bfb4748ee,100.3700,PUT
1172,ase_pt_de9a1dd6531e46d8,97.3700,CALL
1173,ase_pt_de9a1dd6531e46d8,105.0000,CALL
1174,ase_pt_c62db28384754bcc,100.3700,CALL
1175,ase_pt_c62db28384754bcc,100.3700,PUT
1176,ase_pt_488e81b05e3546f2,106.3700,CALL
1177,ase_pt_488e81b05e3546f2,106.3700,PUT
1178,ase_pt_a46af2f3109f4baf,100.3700,CALL
1179,ase_pt_a46af2f3109f4baf,100.3700,PUT
1180,ase_pt_4b4633b31af942dc,100.3700,CALL
1181,ase_pt_4b4633b31af942dc,100.3700,PUT
1182,ase_pt_2b871389c3f94b23,100.3700,CALL
1183,ase_pt_2b871389c3f94b23,100.3700,PUT
1184,ase_pt_2b871389c3f94b23,107.9100,CALL
1185,ase_pt_2b871389c3f94b23,107.9100,PUT
1186,ase_pt_256ccb2dec9a44b2,100.3700,CALL
1187,ase_pt_256ccb2dec9a44b2,100.3700,PUT
1188,ase_pt_256ccb2dec9a44b2,103.7500,CALL
1189,ase_pt_256ccb2dec9a44b2,103.7500,PUT
1190,ase_pt_90fdbdd9ef814faa,100.3700,CALL
1191,ase_pt_90fdbdd9ef814faa,100.7400,CALL
1192,ase_pt_90fdbdd9ef814faa,100.3700,PUT
1193,ase_pt_90fdbdd9ef814faa,100.7400,PUT
1194,ase_pt_c1cb14c33f0a40db,107.3800,CALL
1195,ase_pt_c1cb14c33f0a40db,107.9100,CALL
1196,ase_pt_c1cb14c33f0a40db,107.3800,PUT
1197,ase_pt_c1cb14c33f0a40db,107.9100,PUT
1198,ase_pt_2f51cdd5a4bc4ffd,99.2900,CALL
1199,ase_pt_2f51cdd5a4bc4ffd,100.3700,CALL
1200,ase_pt_2f51cdd5a4bc4ffd,101.4600,CALL
1201,ase_pt_9685e32cd4cc4f00,99.2900,PUT
1202,ase_pt_9685e32cd4cc4f00,100.3700,PUT
1203,ase_pt_9685e32cd4cc4f00,101.4600,PUT
1204,ase_pt_7c3ef7e616e149da,106.3700,CALL
1205,ase_pt_7c3ef7e616e149da,100.3700,CALL
1206,ase_pt_7c3ef7e616e149da,100.3700,PUT
1207,ase_pt_7c3ef7e616e149da,106.3700,PUT
1208,ase_pt_ae12830c35754db8,99.2900,CALL
1209,ase_pt_ae12830c35754db8,100.3700,CALL
1210,ase_pt_ae12830c35754db8,103.7500,CALL
1211,ase_pt_7de3ce6fbc8845a0,99.2900,PUT
1212,ase_pt_7de3ce6fbc8845a0,100.3700,PUT
1213,ase_pt_7de3ce6fbc8845a0,103.7500,PUT
1214,ase_pt_335da21099bf469e,99.2900,CALL
1215,ase_pt_335da21099bf469e,100.3700,CALL
1216,ase_pt_335da21099bf469e,102.5800,CALL
1217,ase_pt_02d0d9913754443c,99.2900,CALL
1218,ase_pt_02d0d9913754443c,101.4600,CALL
1219,ase_pt_02d0d9913754443c,105.0000,CALL
1220,ase_pt_c6e58215b6bc4846,97.1000,CALL
1221,ase_pt_c6e58215b6bc4846,100.3700,CALL
1222,ase_pt_c6e58215b6bc4846,103.7500,CALL
1223,ase_pt_e56739d70d014172,99.9400,CALL
1224,ase_pt_e56739d70d014172,100.3700,CALL
1225,ase_pt_e56739d70d014172,100.8000,CALL
1226,ase_pt_d98382cd2b4f4c2d,99.2900,CALL
1227,ase_pt_d98382cd2b4f4c2d,100.3700,CALL
1228,ase_pt_d98382cd2b4f4c2d,101.4600,CALL
1229,ase_pt_d98382cd2b4f4c2d,99.2900,PUT
1230,ase_pt_d98382cd2b4f4c2d,100.3700,PUT
1231,ase_pt_d98382cd2b4f4c2d,101.4600,PUT
1232,ase_pt_559d9e7244b542ea,100.7400,CALL
1233,ase_pt_559d9e7244b542ea,100.3700,CALL
1234,ase_pt_559d9e7244b542ea,101.1200,CALL
1235,ase_pt_bf3cd83403654aef,99.2900,CALL
1236,ase_pt_bf3cd83403654aef,100.3700,CALL
1237,ase_pt_bf3cd83403654aef,102.5800,CALL
1238,ase_pt_f22691ef3d444fab,109.7300,PUT
1239,ase_pt_f22691ef3d444fab,105.0000,PUT
1240,ase_pt_f22691ef3d444fab,105.0000,CALL
1241,ase_pt_f22691ef3d444fab,109.7300,CALL
1242,ase_pt_cc496e3791394bdd,107.9100,PUT
1243,ase_pt_cc496e3791394bdd,103.7500,PUT
1244,ase_pt_cc496e3791394bdd,103.7500,CALL
1245,ase_pt_cc496e3791394bdd,107.9100,CALL
1246,ase_pt_64f79423f4d24f3e,113.2600,PUT
1247,ase_pt_64f79423f4d24f3e,107.9100,PUT
1248,ase_pt_64f79423f4d24f3e,107.9100,CALL
1249,ase_pt_64f79423f4d24f3e,113.2600,CALL
1250,ase_pt_24bc62692c964244,109.7300,PUT
1251,ase_pt_24bc62692c964244,105.0000,PUT
1252,ase_pt_24bc62692c964244,105.0000,CALL
1253,ase_pt_24bc62692c964244,109.7300,CALL
1254,ase_pt_3bcc9c0b31ff49f3,112.0700,PUT
1255,ase_pt_3bcc9c0b31ff49f3,106.3700,PUT
1256,ase_pt_3bcc9c0b31ff49f3,105.0000,CALL
1257,ase_pt_3bcc9c0b31ff49f3,107.9100,CALL
1258,ase_pt_e78a52d34182482d,112.0700,PUT
1259,ase_pt_e78a52d34182482d,107.9100,PUT
1260,ase_pt_e78a52d34182482d,103.7500,CALL
1261,ase_pt_e78a52d34182482d,107.9100,CALL
1262,ase_pt_70ff8734f7804dad,112.0700,PUT
1263,ase_pt_70ff8734f7804dad,106.3700,PUT
1264,ase_pt_70ff8734f7804dad,106.3700,CALL
1265,ase_pt_70ff8734f7804dad,112.0700,CALL
1266,ase_pt_70ff8734f7804dad,105.0000,PUT
1267,ase_pt_70ff8734f7804dad,102.5800,PUT
1268,ase_pt_70ff8734f7804dad,102.5800,CALL
1269,ase_pt_70ff8734f7804dad,105.0000,CALL
1270,ase_pt_6a6f8dd6d8d04180,107.9100,PUT
1271,ase_pt_6a6f8dd6d8d04180,103.7500,PUT
1272,ase_pt_6a6f8dd6d8d04180,106.3700,CALL
1273,ase_pt_6a6f8dd6d8d04180,112.0700,CALL
1274,ase_pt_52d55444d36747a0,109.7300,PUT
1275,ase_pt_52d55444d36747a0,105.0000,PUT
1276,ase_pt_52d55444d36747a0,105.0000,CALL
1277,ase_pt_52d55444d36747a0,109.7300,CALL
1278,ase_pt_d63b61e91c314a4f,112.0700,PUT
1279,ase_pt_d63b61e91c314a4f,106.3700,PUT
1280,ase_pt_d63b61e91c314a4f,106.3700,CALL
1281,ase_pt_d63b61e91c314a4f,112.0700,CALL
1282,ase_pt_4ed0eedc2d0047dd,112.0700,PUT
1283,ase_pt_4ed0eedc2d0047dd,107.9100,PUT
1284,ase_pt_4ed0eedc2d0047dd,107.9100,CALL
1285,ase_pt_4ed0eedc2d0047dd,112.0700,CALL
1286,ase_pt_00ab5dd704f449f7,100.3700,PUT
1287,ase_pt_00ab5dd704f449f7,100.3700,CALL
1288,ase_pt_00ab5dd704f449f7,109.7300,PUT
1289,ase_pt_00ab5dd704f449f7,109.7300,CALL
1290,ase_pt_fff14c0d833a43a4,100.3700,CALL
1291,ase_pt_fff14c0d833a43a4,105.0000,CALL
1292,ase_pt_6eecd7dc53e44088,100.3700,PUT
1293,ase_pt_6eecd7dc53e44088,105.0000,PUT
1294,ase_pt_5df56406e676421f,99.2900,CALL
1295,ase_pt_5df56406e676421f,103.7500,CALL
1296,ase_pt_5df56406e676421f,107.9100,CALL
1297,ase_pt_5b1ade8a47a2427c,99.2900,PUT
1298,ase_pt_5b1ade8a47a2427c,103.7500,PUT
1299,ase_pt_5b1ade8a47a2427c,107.9100,PUT
1300,ase_pt_4a42f6e79939477c,105.0000,PUT
1301,ase_pt_4a42f6e79939477c,109.7300,PUT
1302,ase_pt_4a42f6e79939477c,105.0000,CALL
1303,ase_pt_4a42f6e79939477c,109.7300,CALL
1304,ase_pt_5208c296a9d047a4,107.9100,CALL
1305,ase_pt_5208c296a9d047a4,100.3700,CALL
1306,ase_pt_5208c296a9d047a4,100.3700,PUT
1307,ase_pt_5208c296a9d047a4,107.9100,PUT
1308,ase_pt_c90f2d4483524cf3,107.9100,CALL
1309,ase_pt_c90f2d4483524cf3,100.3700,CALL
1310,ase_pt_c90f2d4483524cf3,100.3700,PUT
1311,ase_pt_c90f2d4483524cf3,107.9100,PUT
1312,ase_pt_43c4c77038f3406c,112.0700,PUT
1313,ase_pt_43c4c77038f3406c,115.6200,PUT
1314,ase_pt_40bdf8a07f154dda,109.7300,PUT
1315,ase_pt_40bdf8a07f154dda,115.6200,PUT
1316,ase_pt_8d272733b82b486a,100.3700,CALL
1317,ase_pt_8d272733b82b486a,105.0000,CALL
1318,ase_pt_8d272733b82b486a,105.0000,PUT
1319,ase_pt_8d272733b82b486a,109.7300,PUT
1320,ase_pt_24e97ff0df5b4982,103.7500,CALL
1321,ase_pt_24e97ff0df5b4982,103.7500,PUT
1322,ase_pt_24e97ff0df5b4982,109.7300,CALL
1323,ase_pt_24e97ff0df5b4982,109.7300,PUT
1324,ase_pt_feffd623b601459d,100.3700,CALL
1325,ase_pt_feffd623b601459d,100.3700,PUT
1326,ase_pt_d339d8eab1824973,100.7400,CALL
1327,ase_pt_d339d8eab1824973,100.3700,CALL
1328,ase_pt_cfeb044893794459,100.3700,CALL
1329,ase_pt_cfeb044893794459,100.3700,PUT
1330,ase_pt_236c6d4d2d11491a,106.3700,CALL
1331,ase_pt_236c6d4d2d11491a,106.3700,PUT
1332,ase_pt_5ad3da4131714e30,99.2900,CALL
1333,ase_pt_5ad3da4131714e30,100.3700,CALL
1334,ase_pt_5ad3da4131714e30,102.5800,CALL
1335,ase_pt_c5be21acb3394fec,112.0700,PUT
1336,ase_pt_c5be21acb3394fec,106.3700,PUT
1337,ase_pt_c5be21acb3394fec,106.3700,CALL
1338,ase_pt_c5be21acb3394fec,112.0700,CALL
1339,ase_pt_420f5395718a4e36,100.7400,CALL
1340,ase_pt_420f5395718a4e36,100.3700,CALL
1341,ase_pt_241e62fb9dec48f7,109.7300,PUT
1342,ase_pt_241e62fb9dec48f7,105.0000,PUT
1343,ase_pt_241e62fb9dec48f7,105.0000,CALL
1344,ase_pt_241e62fb9dec48f7,109.7300,CALL
1345,ase_pt_d6ed352fe4334e51,100.3700,CALL
1346,ase_pt_d6ed352fe4334e51,105.0000,CALL
1347,ase_pt_687d43cfbe23447f,99.2900,CALL
1348,ase_pt_687d43cfbe23447f,100.3700,CALL
1349,ase_pt_687d43cfbe23447f,101.4600,CALL
1350,ase_pt_1dfa879e84f34a36,107.9100,CALL
1351,ase_pt_1dfa879e84f34a36,100.3700,CALL
1352,ase_pt_1dfa879e84f34a36,100.3700,PUT
1353,ase_pt_1dfa879e84f34a36,107.9100,PUT
1354,ase_pt_6a0fee0e6c994c43,112.0700,PUT
1355,ase_pt_6a0fee0e6c994c43,107.9100,PUT
1356,ase_pt_6a0fee0e6c994c43,107.9100,CALL
1357,ase_pt_6a0fee0e6c994c43,112.0700,CALL
1358,ase_pt_ea4be73d23ee4956,107.9100,CALL
1359,ase_pt_ea4be73d23ee4956,107.9100,PUT
1360,ase_pt_a81db8b53b0a4269,105.0000,PUT
1361,ase_pt_a81db8b53b0a4269,112.0700,PUT
1362,ase_pt_02879b05ff214e47,105.0000,CALL
1363,ase_pt_e2544b55d07e46a3,98.0000,CALL
1364,ase_pt_e2544b55d07e46a3,104.0000,CALL
1365,ase_pt_01eead446acc456b,91.0000,PUT
1366,ase_pt_01eead446acc456b,95.0000,PUT
1367,ase_pt_01eead446acc456b,105.0000,CALL
1368,ase_pt_01eead446acc456b,109.0000,CALL
1369,ase_pt_43b493247bb548cc,97.0000,CALL
1370,ase_pt_43b493247bb548cc,102.0000,CALL
1371,ase_pt_43b493247bb548cc,103.0000,CALL
1372,ase_pt_43b493247bb548cc,108.0000,CALL
1373,ase_pt_43b493247bb548cc,100.0000,PUT
1374,ase_pt_eb98d0776e8e4c2b,96.0000,CALL
1375,ase_pt_eb98d0776e8e4c2b,100.0000,CALL
1376,ase_pt_eb98d0776e8e4c2b,104.0000,CALL
1377,ase_pt_eb98d0776e8e4c2b,104.0000,PUT
1378,ase_pt_eb98d0776e8e4c2b,100.0000,PUT
1379,ase_pt_eb98d0776e8e4c2b,96.0000,PUT
1380,ase_pt_e2570da6158e4bf8,87.0000,PUT
1381,ase_pt_e2570da6158e4bf8,92.0000,PUT
1382,ase_pt_e2570da6158e4bf8,108.0000,CALL
1383,ase_pt_e2570da6158e4bf8,113.0000,CALL
1384,ase_pt_e2570da6158e4bf8,93.0000,PUT
1385,ase_pt_e2570da6158e4bf8,98.0000,PUT
1386,ase_pt_e2570da6158e4bf8,102.0000,CALL
1387,ase_pt_e2570da6158e4bf8,107.0000,CALL
1388,ase_pt_a81f2a870e1640c5,102.5800,CALL
1389,ase_pt_90567077eb144619,102.5800,PUT
1390,ase_pt_45331c229b7c4d18,89.3800,CALL
1391,ase_pt_9ac53dd86a4a49db,102.5800,CALL
1392,ase_pt_b143fca2d6684ea9,102.5800,PUT
1393,ase_pt_1353d127f4e04c38,89.3800,CALL
1394,ase_pt_feb277e4ceee4a33,89.3800,PUT
1395,ase_pt_d2121d0c26e647d3,93.3600,CALL
1396,ase_pt_8f07b5e253e84aac,93.3600,PUT
1397,ase_pt_e2f99181fe884443,89.3800,CALL
1398,ase_pt_e2f99181fe884443,105.0000,CALL
1399,ase_pt_f7783f7e02854358,89.3800,PUT
1400,ase_pt_f7783f7e02854358,105.0000,PUT
1401,ase_pt_7179b9b59f2946e7,100.3700,CALL
1402,ase_pt_7179b9b59f2946e7,105.0000,CALL
1403,ase_pt_5838a244a64d48a7,97.1000,CALL
1404,ase_pt_5838a244a64d48a7,100.3700,CALL
1405,ase_pt_4eee96fe9fd74603,103.7500,CALL
1406,ase_pt_4eee96fe9fd74603,107.9100,CALL
1407,ase_pt_938199d6acd74eb5,103.7500,CALL
1408,ase_pt_938199d6acd74eb5,107.9100,CALL
1409,ase_pt_6c0852ff34cc4914,106.3700,CALL
1410,ase_pt_6c0852ff34cc4914,109.7300,CALL
1411,ase_pt_e549a8e66b504915,100.3700,CALL
1412,ase_pt_e549a8e66b504915,102.5800,CALL
1413,ase_pt_5b867797cbbb4df8,100.3700,CALL
1414,ase_pt_5b867797cbbb4df8,109.7300,CALL
1415,ase_pt_2e6843beba754b18,96.9500,CALL
1416,ase_pt_2e6843beba754b18,117.4200,CALL
1417,ase_pt_d41318d96c0c4c43,105.0000,CALL
1418,ase_pt_d41318d96c0c4c43,109.7300,CALL
1419,ase_pt_b0cb97a05fe0422f,100.3700,CALL
1420,ase_pt_b0cb97a05fe0422f,107.3800,CALL
1421,ase_pt_c95aee18709e452c,100.3700,PUT
1422,ase_pt_c95aee18709e452c,105.0000,PUT
1423,ase_pt_80ab7cc88064422c,97.1000,PUT
1424,ase_pt_80ab7cc88064422c,100.3700,PUT
1425,ase_pt_7867db8a72a541c5,103.7500,PUT
1426,ase_pt_7867db8a72a541c5,107.9100,PUT
1427,ase_pt_26a9bf53b4d14255,103.7500,PUT
1428,ase_pt_26a9bf53b4d14255,107.9100,PUT
1429,ase_pt_1a6d7d2e47dd4ead,106.3700,PUT
1430,ase_pt_1a6d7d2e47dd4ead,109.7300,PUT
1431,ase_pt_e3b8f1a59f6440b9,100.3700,PUT
1432,ase_pt_e3b8f1a59f6440b9,102.5800,PUT
1433,ase_pt_0e064b32f2734d4b,100.3700,PUT
1434,ase_pt_0e064b32f2734d4b,109.7300,PUT
1435,ase_pt_f19a297d7ecc4a07,96.9500,PUT
1436,ase_pt_f19a297d7ecc4a07,117.4200,PUT
1437,ase_pt_73e78dcd567f42e4,105.0000,PUT
1438,ase_pt_73e78dcd567f42e4,109.7300,PUT
1439,ase_pt_83538519e8064a9e,100.3700,PUT
1440,ase_pt_83538519e8064a9e,107.3800,PUT
1441,ase_pt_b561dca737e64954,100.3700,CALL
1442,ase_pt_b561dca737e64954,105.0000,CALL
1443,ase_pt_b561dca737e64954,103.7500,PUT
1444,ase_pt_b561dca737e64954,107.9100,PUT
1445,ase_pt_7a913eaa2e034493,100.3700,PUT
1446,ase_pt_7a913eaa2e034493,105.0000,PUT
1447,ase_pt_7a913eaa2e034493,103.7500,CALL
1448,ase_pt_7a913eaa2e034493,107.9100,CALL
1449,ase_pt_3e3127f519aa4b36,100.3700,CALL
1450,ase_pt_3e3127f519aa4b36,100.7400,CALL
1451,ase_pt_6edd6080f1904229,100.3700,PUT
1452,ase_pt_6edd6080f1904229,100.7400,PUT
1453,ase_pt_27fb95998a56415b,97.1000,CALL
1454,ase_pt_27fb95998a56415b,96.1300,CALL
1455,ase_pt_96afe39b761e4ad1,105.0000,CALL
1456,ase_pt_96afe39b761e4ad1,107.3800,CALL
1457,ase_pt_06138b3b65da4af9,105.0000,CALL
1458,ase_pt_06138b3b65da4af9,107.3800,CALL
1459,ase_pt_06138b3b65da4af9,105.0000,PUT
1460,ase_pt_06138b3b65da4af9,107.3800,PUT
1461,ase_pt_6474cf69996b4496,100.3700,CALL
1462,ase_pt_6474cf69996b4496,100.7400,CALL
1463,ase_pt_25308f99b8a44dab,100.5600,CALL
1464,ase_pt_25308f99b8a44dab,104.6000,CALL
1465,ase_pt_c8a9b9a5f23c4a02,100.5600,PUT
1466,ase_pt_c8a9b9a5f23c4a02,104.6000,PUT
1467,ase_pt_af7b9105f1b44a39,100.7400,CALL
1468,ase_pt_af7b9105f1b44a39,105.0000,CALL
1469,ase_pt_7c98961ed462420e,97.6900,CALL
1470,ase_pt_7c98961ed462420e,105.0000,CALL
1471,ase_pt_1ca9d2bc3c954aa1,97.6900,PUT
1472,ase_pt_1ca9d2bc3c954aa1,105.0000,PUT
1473,ase_pt_ddcc6f854e4843f4,100.7400,CALL
1474,ase_pt_ddcc6f854e4843f4,102.5800,CALL
1475,ase_pt_476a12c189d04554,100.7400,CALL
1476,ase_pt_476a12c189d04554,105.0000,CALL
1477,ase_pt_d1c575613d644f6d,105.5800,CALL
1478,ase_pt_d1c575613d644f6d,107.9100,CALL
1479,ase_pt_d1c575613d644f6d,105.5800,PUT
1480,ase_pt_d1c575613d644f6d,107.9100,PUT
1481,ase_pt_7535e14a6e124d94,89.3800,CALL
1482,ase_pt_7535e14a6e124d94,105.0000,CALL
1483,ase_pt_c467febe9f4646de,89.3800,PUT
1484,ase_pt_c467febe9f4646de,105.0000,PUT
1485,ase_pt_771678d014254c74,100.7400,CALL
1486,ase_pt_771678d014254c74,102.5800,CALL
1487,ase_pt_27770dc5a81e4e91,100.7400,CALL
1488,ase_pt_27770dc5a81e4e91,107.9100,CALL
1489,ase_pt_4ddf72645e174fe1,100.7400,PUT
1490,ase_pt_4ddf72645e174fe1,107.9100,PUT
1491,ase_pt_23ef28daf9cb47a1,100.7400,CALL
1492,ase_pt_23ef28daf9cb47a1,100.3700,CALL
1493,ase_pt_23ef28daf9cb47a1,100.7400,PUT
1494,ase_pt_23ef28daf9cb47a1,100.3700,PUT
1495,ase_pt_0e252cbba9094a72,97.3700,CALL
1496,ase_pt_0e252cbba9094a72,105.0000,CALL
1497,ase_pt_6c50347440d247b4,100.3700,CALL
1498,ase_pt_6c50347440d247b4,100.3700,PUT
1499,ase_pt_ba7fa2bd655642a4,106.3700,CALL
1500,ase_pt_ba7fa2bd655642a4,106.3700,PUT
1501,ase_pt_c1b18ab884d94247,100.3700,CALL
1502,ase_pt_c1b18ab884d94247,100.3700,PUT
1503,ase_pt_03e63508f3af489f,100.3700,CALL
1504,ase_pt_03e63508f3af489f,100.3700,PUT
1505,ase_pt_57db029c27af45e3,100.3700,CALL
1506,ase_pt_57db029c27af45e3,100.3700,PUT
1507,ase_pt_57db029c27af45e3,107.9100,CALL
1508,ase_pt_57db029c27af45e3,107.9100,PUT
1509,ase_pt_32186d8d86644d8a,100.3700,CALL
1510,ase_pt_32186d8d86644d8a,100.3700,PUT
1511,ase_pt_32186d8d86644d8a,103.7500,CALL
1512,ase_pt_32186d8d86644d8a,103.7500,PUT
1513,ase_pt_8cea473fdd8847ee,100.3700,CALL
1514,ase_pt_8cea473fdd8847ee,100.7400,CALL
1515,ase_pt_8cea473fdd8847ee,100.3700,PUT
1516,ase_pt_8cea473fdd8847ee,100.7400,PUT
1517,ase_pt_44e3a8804a2a4988,107.3800,CALL
1518,ase_pt_44e3a8804a2a4988,107.9100,CALL
1519,ase_pt_44e3a8804a2a4988,107.3800,PUT
1520,ase_pt_44e3a8804a2a4988,107.9100,PUT
1521,ase_pt_713d53f998734c95,99.2900,CALL
1522,ase_pt_713d53f998734c95,100.3700,CALL
1523,ase_pt_713d53f998734c95,101.4600,CALL
1524,ase_pt_5949f93a17d240ae,99.2900,PUT
1525,ase_pt_5949f93a17d240ae,100.3700,PUT
1526,ase_pt_5949f93a17d240ae,101.4600,PUT
1527,ase_pt_eae220cc91eb49ee,106.3700,CALL
1528,ase_pt_eae220cc91eb49ee,100.3700,CALL
1529,ase_pt_eae220cc91eb49ee,100.3700,PUT
1530,ase_pt_eae220cc91eb49ee,106.3700,PUT
1531,ase_pt_873fee4ef10f4d1e,99.2900,CALL
1532,ase_pt_873fee4ef10f4d1e,100.3700,CALL
1533,ase_pt_873fee4ef10f4d1e,103.7500,CALL
1534,ase_pt_6fbaf19c00b54f5a,99.2900,PUT
1535,ase_pt_6fbaf19c00b54f5a,100.3700,PUT
1536,ase_pt_6fbaf19c00b54f5a,103.7500,PUT
1537,ase_pt_78d7474730e741f4,99.2900,CALL
1538,ase_pt_78d7474730e741f4,100.3700,CALL
1539,ase_pt_78d7474730e741f4,102.5800,CALL
1540,ase_pt_3e1833f415fd414f,99.2900,CALL
1541,ase_pt_3e1833f415fd414f,101.4600,CALL
1542,ase_pt_3e1833f415fd414f,105.0000,CALL
1543,ase_pt_d44e9670399c408a,97.1000,CALL
1544,ase_pt_d44e9670399c408a,100.3700,CALL
1545,ase_pt_d44e9670399c408a,103.7500,CALL
1546,ase_pt_f033ed36fcef4965,102.5800,CALL
1547,ase_pt_9ac2841b15404bcd,102.5800,PUT
1548,ase_pt_2eb7fcfa021b40e9,89.3800,CALL
1549,ase_pt_0410e0d5f8af4361,89.3800,PUT
1550,ase_pt_4e6c3823a6db41fb,93.3600,CALL
1551,ase_pt_5cd9914d28294eaa,93.3600,PUT
1552,ase_pt_c9cf1e5947bb4752,89.3800,CALL
1553,ase_pt_c9cf1e5947bb4752,105.0000,CALL
1554,ase_pt_145e7e156a714c6b,89.3800,PUT
1555,ase_pt_145e7e156a714c6b,105.0000,PUT
1556,ase_pt_e66149ee488d4111,100.3700,CALL
1557,ase_pt_e66149ee488d4111,105.0000,CALL
1558,ase_pt_5a6ff0d6be8e48cc,97.1000,CALL
1559,ase_pt_5a6ff0d6be8e48cc,100.3700,CALL
1560,ase_pt_112c1a8d5dc94d21,103.7500,CALL
1561,ase_pt_112c1a8d5dc94d21,107.9100,CALL
1562,ase_pt_9bf39c88fddc4d28,103.7500,CALL
1563,ase_pt_9bf39c88fddc4d28,107.9100,CALL
1564,ase_pt_3364009d64af4768,106.3700,CALL
1565,ase_pt_3364009d64af4768,109.7300,CALL
1566,ase_pt_4c06105a01794947,100.3700,CALL
1567,ase_pt_4c06105a01794947,102.5800,CALL
1568,ase_pt_d6f552806c264371,100.3700,CALL
1569,ase_pt_d6f552806c264371,109.7300,CALL
1570,ase_pt_f4ab0354b1194755,96.9500,CALL
1571,ase_pt_f4ab0354b1194755,117.4200,CALL
1572,ase_pt_35adba2d503446d4,105.0000,CALL
1573,ase_pt_35adba2d503446d4,109.7300,CALL
1574,ase_pt_f0718fd916934cfe,100.3700,CALL
1575,ase_pt_f0718fd916934cfe,107.3800,CALL
1576,ase_pt_046547bd9a204f91,100.3700,PUT
1577,ase_pt_046547bd9a204f91,105.0000,PUT
1578,ase_pt_cb4bcbf8a2d84d5f,97.1000,PUT
1579,ase_pt_cb4bcbf8a2d84d5f,100.3700,PUT
1580,ase_pt_5d475d0436df49e3,103.7500,PUT
1581,ase_pt_5d475d0436df49e3,107.9100,PUT
1582,ase_pt_90b15fbbc1784cbe,103.7500,PUT
1583,ase_pt_90b15fbbc1784cbe,107.9100,PUT
1584,ase_pt_4a739bd10d40478e,106.3700,PUT
1585,ase_pt_4a739bd10d40478e,109.7300,PUT
1586,ase_pt_adbf72e54bee4e93,100.3700,PUT
1587,ase_pt_adbf72e54bee4e93,102.5800,PUT
1588,ase_pt_51aca08bd0af4f10,100.3700,PUT
1589,ase_pt_51aca08bd0af4f10,109.7300,PUT
1590,ase_pt_25af5afd3fb64392,96.9500,PUT
1591,ase_pt_25af5afd3fb64392,117.4200,PUT
1592,ase_pt_9718d1dd9d2d406c,105.0000,PUT
1593,ase_pt_9718d1dd9d2d406c,109.7300,PUT
1594,ase_pt_b3196782bca54c2f,100.3700,PUT
1595,ase_pt_b3196782bca54c2f,107.3800,PUT
1596,ase_pt_1a312a5f3dae490c,100.3700,CALL
1597,ase_pt_1a312a5f3dae490c,105.0000,CALL
1598,ase_pt_1a312a5f3dae490c,103.7500,PUT
1599,ase_pt_1a312a5f3dae490c,107.9100,PUT
1600,ase_pt_b78de49d410c4b6a,100.3700,PUT
1601,ase_pt_b78de49d410c4b6a,105.0000,PUT
1602,ase_pt_b78de49d410c4b6a,103.7500,CALL
1603,ase_pt_b78de49d410c4b6a,107.9100,CALL
1604,ase_pt_eaf300904a6b46b0,100.3700,CALL
1605,ase_pt_eaf300904a6b46b0,100.7400,CALL
1606,ase_pt_9c7a74fa838e4e13,100.3700,PUT
1607,ase_pt_9c7a74fa838e4e13,100.7400,PUT
1608,ase_pt_8b4dd53a96554dfd,97.1000,CALL
1609,ase_pt_8b4dd53a96554dfd,96.1300,CALL
1610,ase_pt_1ecbc30e80024867,105.0000,CALL
1611,ase_pt_1ecbc30e80024867,107.3800,CALL
1612,ase_pt_b0b1fcb3e5e440bf,105.0000,CALL
1613,ase_pt_b0b1fcb3e5e440bf,107.3800,CALL
1614,ase_pt_b0b1fcb3e5e440bf,105.0000,PUT
1615,ase_pt_b0b1fcb3e5e440bf,107.3800,PUT
1616,ase_pt_e94e06bd9ba64a13,100.3700,CALL
1617,ase_pt_e94e06bd9ba64a13,100.7400,CALL
1618,ase_pt_9f6f3232705d4af8,100.5600,CALL
1619,ase_pt_9f6f3232705d4af8,104.6000,CALL
1620,ase_pt_d9415203c20b46f6,100.5600,PUT
1621,ase_pt_d9415203c20b46f6,104.6000,PUT
1622,ase_pt_12552ba816c647a6,100.7400,CALL
1623,ase_pt_12552ba816c647a6,105.0000,CALL
1624,ase_pt_8c79bccb949e4c7e,97.6900,CALL
1625,ase_pt_8c79bccb949e4c7e,105.0000,CALL
1626,ase_pt_4a733320cf6c430b,97.6900,PUT
1627,ase_pt_4a733320cf6c430b,105.0000,PUT
1628,ase_pt_9c780403c45a475f,100.7400,CALL
1629,ase_pt_9c780403c45a475f,102.5800,CALL
1630,ase_pt_95154129d2f04501,100.7400,CALL
1631,ase_pt_95154129d2f04501,105.0000,CALL
1632,ase_pt_9d28f94eaeaf4126,105.5800,CALL
1633,ase_pt_9d28f94eaeaf4126,107.9100,CALL
1634,ase_pt_9d28f94eaeaf4126,105.5800,PUT
1635,ase_pt_9d28f94eaeaf4126,107.9100,PUT
1636,ase_pt_c66cffc7f7554a9e,89.3800,CALL
1637,ase_pt_c66cffc7f7554a9e,105.0000,CALL
1638,ase_pt_685e2dc764044b0a,89.3800,PUT
1639,ase_pt_685e2dc764044b0a,105.0000,PUT
1640,ase_pt_abd22434ae404043,100.7400,CALL
1641,ase_pt_abd22434ae404043,102.5800,CALL
1642,ase_pt_071dfaed07c840a7,100.7400,CALL
1643,ase_pt_071dfaed07c840a7,107.9100,CALL
1644,ase_pt_f02c2b0e4ea846d5,100.7400,PUT
1645,ase_pt_f02c2b0e4ea846d5,107.9100,PUT
1646,ase_pt_ad40ee17f4b24319,100.7400,CALL
1647,ase_pt_ad40ee17f4b24319,100.3700,CALL
1648,ase_pt_ad40ee17f4b24319,100.7400,PUT
1649,ase_pt_ad40ee17f4b24319,100.3700,PUT
1650,ase_pt_25c87bb09bcb4d9e,97.3700,CALL
1651,ase_pt_25c87bb09bcb4d9e,105.0000,CALL
1652,ase_pt_a177f80b7b324348,100.3700,CALL
1653,ase_pt_a177f80b7b324348,100.3700,PUT
1654,ase_pt_5f73e4e368ee4c19,106.3700,CALL
1655,ase_pt_5f73e4e368ee4c19,106.3700,PUT
1656,ase_pt_0dc66601fbd449ff,100.3700,CALL
1657,ase_pt_0dc66601fbd449ff,100.3700,PUT
1658,ase_pt_693ad4c178f244e6,100.3700,CALL
1659,ase_pt_693ad4c178f244e6,100.3700,PUT
1660,ase_pt_9ad847fa6c644d6e,100.3700,CALL
1661,ase_pt_9ad847fa6c644d6e,100.3700,PUT
1662,ase_pt_9ad847fa6c644d6e,107.9100,CALL
1663,ase_pt_9ad847fa6c644d6e,107.9100,PUT
1664,ase_pt_9304bdbefbc643c7,100.3700,CALL
1665,ase_pt_9304bdbefbc643c7,100.3700,PUT
1666,ase_pt_9304bdbefbc643c7,103.7500,CALL
1667,ase_pt_9304bdbefbc643c7,103.7500,PUT
1668,ase_pt_4bc71f3c83f84bc1,100.3700,CALL
1669,ase_pt_4bc71f3c83f84bc1,100.7400,CALL
1670,ase_pt_4bc71f3c83f84bc1,100.3700,PUT
1671,ase_pt_4bc71f3c83f84bc1,100.7400,PUT
1672,ase_pt_971b825f23974ec3,107.3800,CALL
1673,ase_pt_971b825f23974ec3,107.9100,CALL
1674,ase_pt_971b825f23974ec3,107.3800,PUT
1675,ase_pt_971b825f23974ec3,107.9100,PUT
1676,ase_pt_23883886b1684ced,99.2900,CALL
1677,ase_pt_23883886b1684ced,100.3700,CALL
1678,ase_pt_23883886b1684ced,101.4600,CALL
1679,ase_pt_7fdb187c20744630,99.2900,PUT
1680,ase_pt_7fdb187c20744630,100.3700,PUT
1681,ase_pt_7fdb187c20744630,101.4600,PUT
1682,ase_pt_75bb9bbffddc42a9,106.3700,CALL
1683,ase_pt_75bb9bbffddc42a9,100.3700,CALL
1684,ase_pt_75bb9bbffddc42a9,100.3700,PUT
1685,ase_pt_75bb9bbffddc42a9,106.3700,PUT
1686,ase_pt_48c41c48d3a14ba2,99.2900,CALL
1687,ase_pt_48c41c48d3a14ba2,100.3700,CALL
1688,ase_pt_48c41c48d3a14ba2,103.7500,CALL
1689,ase_pt_f13c06fdca6c4252,99.2900,PUT
1690,ase_pt_f13c06fdca6c4252,100.3700,PUT
1691,ase_pt_f13c06fdca6c4252,103.7500,PUT
1692,ase_pt_0b933a575f704d7e,99.2900,CALL
1693,ase_pt_0b933a575f704d7e,100.3700,CALL
1694,ase_pt_0b933a575f704d7e,102.5800,CALL
1695,ase_pt_ddaaad97b7254e99,99.2900,CALL
1696,ase_pt_ddaaad97b7254e99,101.4600,CALL
1697,ase_pt_ddaaad97b7254e99,105.0000,CALL
1698,ase_pt_857897d4d0ff4f19,97.1000,CALL
1699,ase_pt_857897d4d0ff4f19,100.3700,CALL
1700,ase_pt_857897d4d0ff4f19,103.7500,CALL
1701,ase_pt_758e90c2983f47df,99.9400,CALL
1702,ase_pt_758e90c2983f47df,100.3700,CALL
1703,ase_pt_758e90c2983f47df,100.8000,CALL
1704,ase_pt_19fd1a1afed14598,99.2900,CALL
1705,ase_pt_19fd1a1afed14598,100.3700,CALL
1706,ase_pt_19fd1a1afed14598,101.4600,CALL
1707,ase_pt_19fd1a1afed14598,99.2900,PUT
1708,ase_pt_19fd1a1afed14598,100.3700,PUT
1709,ase_pt_19fd1a1afed14598,101.4600,PUT
1710,ase_pt_a1d17b4de5fb4ab9,100.7400,CALL
1711,ase_pt_a1d17b4de5fb4ab9,100.3700,CALL
1712,ase_pt_a1d17b4de5fb4ab9,101.1200,CALL
1713,ase_pt_69d1459f2919466e,99.2900,CALL
1714,ase_pt_69d1459f2919466e,100.3700,CALL
1715,ase_pt_69d1459f2919466e,102.5800,CALL
1716,ase_pt_e1b41c6235bb41f8,109.7300,PUT
1717,ase_pt_e1b41c6235bb41f8,105.0000,PUT
1718,ase_pt_e1b41c6235bb41f8,105.0000,CALL
1719,ase_pt_e1b41c6235bb41f8,109.7300,CALL
1720,ase_pt_2611a56fa69b4883,107.9100,PUT
1721,ase_pt_2611a56fa69b4883,103.7500,PUT
1722,ase_pt_2611a56fa69b4883,103.7500,CALL
1723,ase_pt_2611a56fa69b4883,107.9100,CALL
1724,ase_pt_7551bc0b96784b8d,113.2600,PUT
1725,ase_pt_7551bc0b96784b8d,107.9100,PUT
1726,ase_pt_7551bc0b96784b8d,107.9100,CALL
1727,ase_pt_7551bc0b96784b8d,113.2600,CALL
1728,ase_pt_06edc199b341480c,109.7300,PUT
1729,ase_pt_06edc199b341480c,105.0000,PUT
1730,ase_pt_06edc199b341480c,105.0000,CALL
1731,ase_pt_06edc199b341480c,109.7300,CALL
1732,ase_pt_c13e4aa9be584415,112.0700,PUT
1733,ase_pt_c13e4aa9be584415,106.3700,PUT
1734,ase_pt_c13e4aa9be584415,105.0000,CALL
1735,ase_pt_c13e4aa9be584415,107.9100,CALL
1736,ase_pt_8f40bc8450a040f2,112.0700,PUT
1737,ase_pt_8f40bc8450a040f2,107.9100,PUT
1738,ase_pt_8f40bc8450a040f2,103.7500,CALL
1739,ase_pt_8f40bc8450a040f2,107.9100,CALL
1740,ase_pt_937913978a7345bf,112.0700,PUT
1741,ase_pt_937913978a7345bf,106.3700,PUT
1742,ase_pt_937913978a7345bf,106.3700,CALL
1743,ase_pt_937913978a7345bf,112.0700,CALL
1744,ase_pt_937913978a7345bf,105.0000,PUT
1745,ase_pt_937913978a7345bf,102.5800,PUT
1746,ase_pt_937913978a7345bf,102.5800,CALL
1747,ase_pt_937913978a7345bf,105.0000,CALL
1748,ase_pt_f44fe45a5946442a,107.9100,PUT
1749,ase_pt_f44fe45a5946442a,103.7500,PUT
1750,ase_pt_f44fe45a5946442a,106.3700,CALL
1751,ase_pt_f44fe45a5946442a,112.0700,CALL
1752,ase_pt_458f750d5f74431b,109.7300,PUT
1753,ase_pt_458f750d5f74431b,105.0000,PUT
1754,ase_pt_458f750d5f74431b,105.0000,CALL
1755,ase_pt_458f750d5f74431b,109.7300,CALL
1756,ase_pt_01cb82e33a8c4e04,112.0700,PUT
1757,ase_pt_01cb82e33a8c4e04,106.3700,PUT
1758,ase_pt_01cb82e33a8c4e04,106.3700,CALL
1759,ase_pt_01cb82e33a8c4e04,112.0700,CALL
1760,ase_pt_bfcbb0e9be454d9a,112.0700,PUT
1761,ase_pt_bfcbb0e9be454d9a,107.9100,PUT
1762,ase_pt_bfcbb0e9be454d9a,107.9100,CALL
1763,ase_pt_bfcbb0e9be454d9a,112.0700,CALL
1764,ase_pt_856dbff788e84c4c,100.3700,PUT
1765,ase_pt_856dbff788e84c4c,100.3700,CALL
1766,ase_pt_856dbff788e84c4c,109.7300,PUT
1767,ase_pt_856dbff788e84c4c,109.7300,CALL
1768,ase_pt_a14c917b2b5f4bac,100.3700,CALL
1769,ase_pt_a14c917b2b5f4bac,105.0000,CALL
1770,ase_pt_19ab29c2e07f4f23,100.3700,PUT
1771,ase_pt_19ab29c2e07f4f23,105.0000,PUT
1772,ase_pt_9e412b9c46f64e91,99.2900,CALL
1773,ase_pt_9e412b9c46f64e91,103.7500,CALL
1774,ase_pt_9e412b9c46f64e91,107.9100,CALL
1775,ase_pt_d5cd7abcf3714a9e,99.2900,PUT
1776,ase_pt_d5cd7abcf3714a9e,103.7500,PUT
1777,ase_pt_d5cd7abcf3714a9e,107.9100,PUT
1778,ase_pt_5d288026450343df,105.0000,PUT
1779,ase_pt_5d288026450343df,109.7300,PUT
1780,ase_pt_5d288026450343df,105.0000,CALL
1781,ase_pt_5d288026450343df,109.7300,CALL
1782,ase_pt_471b2b947e7240f9,107.9100,CALL
1783,ase_pt_471b2b947e7240f9,100.3700,CALL
1784,ase_pt_471b2b947e7240f9,100.3700,PUT
1785,ase_pt_471b2b947e7240f9,107.9100,PUT
1786,ase_pt_efb8edaa521b47e8,107.9100,CALL
1787,ase_pt_efb8edaa521b47e8,100.3700,CALL
1788,ase_pt_efb8edaa521b47e8,100.3700,PUT
1789,ase_pt_efb8edaa521b47e8,107.9100,PUT
1790,ase_pt_c1e850d101f94cfc,112.0700,PUT
1791,ase_pt_c1e850d101f94cfc,115.6200,PUT
1792,ase_pt_c1c2c821260347b3,109.7300,PUT
1793,ase_pt_c1c2c821260347b3,115.6200,PUT
1794,ase_pt_102122e7c9aa4c81,100.3700,CALL
1795,ase_pt_102122e7c9aa4c81,105.0000,CALL
1796,ase_pt_102122e7c9aa4c81,105.0000,PUT
1797,ase_pt_102122e7c9aa4c81,109.7300,PUT
1798,ase_pt_da861c9b34664bdb,103.7500,CALL
1799,ase_pt_da861c9b34664bdb,103.7500,PUT
1800,ase_pt_da861c9b34664bdb,109.7300,CALL
1801,ase_pt_da861c9b34664bdb,109.7300,PUT
1802,ase_pt_c5fdce8b34414e05,100.3700,CALL
1803,ase_pt_c5fdce8b34414e05,100.3700,PUT
1804,ase_pt_afb8e8c13d074159,100.7400,CALL
1805,ase_pt_afb8e8c13d074159,100.3700,CALL
1806,ase_pt_1bc8f735bf054b14,100.3700,CALL
1807,ase_pt_1bc8f735bf054b14,100.3700,PUT
1808,ase_pt_e765019aac214b30,106.3700,CALL
1809,ase_pt_e765019aac214b30,106.3700,PUT
1810,ase_pt_11a533f7ddb84c21,99.2900,CALL
1811,ase_pt_11a533f7ddb84c21,100.3700,CALL
1812,ase_pt_11a533f7ddb84c21,102.5800,CALL
1813,ase_pt_44733944cf074383,112.0700,PUT
1814,ase_pt_44733944cf074383,106.3700,PUT
1815,ase_pt_44733944cf074383,106.3700,CALL
1816,ase_pt_44733944cf074383,112.0700,CALL
1817,ase_pt_87f340e043e5485d,100.7400,CALL
1818,ase_pt_87f340e043e5485d,100.3700,CALL
1819,ase_pt_f3bb6a0a294543f3,109.7300,PUT
1820,ase_pt_f3bb6a0a294543f3,105.0000,PUT
1821,ase_pt_f3bb6a0a294543f3,105.0000,CALL
1822,ase_pt_f3bb6a0a294543f3,109.7300,CALL
1823,ase_pt_f1c574b9890e4d08,100.3700,CALL
1824,ase_pt_f1c574b9890e4d08,105.0000,CALL
1825,ase_pt_7c3c312e45784293,99.2900,CALL
1826,ase_pt_7c3c312e45784293,100.3700,CALL
1827,ase_pt_7c3c312e45784293,101.4600,CALL
1828,ase_pt_8866dcbf077e4891,107.9100,CALL
1829,ase_pt_8866dcbf077e4891,100.3700,CALL
1830,ase_pt_8866dcbf077e4891,100.3700,PUT
1831,ase_pt_8866dcbf077e4891,107.9100,PUT
1832,ase_pt_ae94e90407ed4ee8,112.0700,PUT
1833,ase_pt_ae94e90407ed4ee8,107.9100,PUT
1834,ase_pt_ae94e90407ed4ee8,107.9100,CALL
1835,ase_pt_ae94e90407ed4ee8,112.0700,CALL
1836,ase_pt_6e3199cc0c054c4a,107.9100,CALL
1837,ase_pt_6e3199cc0c054c4a,107.9100,PUT
1838,ase_pt_82b4b4830f9b44d1,105.0000,PUT
1839,ase_pt_82b4b4830f9b44d1,112.0700,PUT
1840,ase_pt_085f5f6f88514de6,105.0000,CALL
1841,ase_pt_f850c3bdc79c409b,98.0000,CALL
1842,ase_pt_f850c3bdc79c409b,104.0000,CALL
1843,ase_pt_e0d7f801595e436e,91.0000,PUT
1844,ase_pt_e0d7f801595e436e,95.0000,PUT
1845,ase_pt_e0d7f801595e436e,105.0000,CALL
1846,ase_pt_e0d7f801595e436e,109.0000,CALL
1847,ase_pt_5512d71f7e0c419d,97.0000,CALL
1848,ase_pt_5512d71f7e0c419d,102.0000,CALL
1849,ase_pt_5512d71f7e0c419d,103.0000,CALL
1850,ase_pt_5512d71f7e0c419d,108.0000,CALL
1851,ase_pt_5512d71f7e0c419d,100.0000,PUT
1852,ase_pt_9193accc15f84997,96.0000,CALL
1853,ase_pt_9193accc15f84997,100.0000,CALL
1854,ase_pt_9193accc15f84997,104.0000,CALL
1855,ase_pt_9193accc15f84997,104.0000,PUT
1856,ase_pt_9193accc15f84997,100.0000,PUT
1857,ase_pt_9193accc15f84997,96.0000,PUT
1858,ase_pt_0910e43b7e134256,87.0000,PUT
1859,ase_pt_0910e43b7e134256,92.0000,PUT
1860,ase_pt_0910e43b7e134256,108.0000,CALL
1861,ase_pt_0910e43b7e134256,113.0000,CALL
1862,ase_pt_0910e43b7e134256,93.0000,PUT
1863,ase_pt_0910e43b7e134256,98.0000,PUT
1864,ase_pt_0910e43b7e134256,102.0000,CALL
1865,ase_pt_0910e43b7e134256,107.0000,CALL
1866,ase_pt_d65d6f9ae7c349d2,102.5800,CALL
1867,ase_pt_32ac03879c054b1d,102.5800,PUT
1868,ase_pt_b52bfbe48bc7409c,89.3800,CALL
1869,ase_pt_1ea1196300224d4b,89.3800,PUT
1870,ase_pt_6c35449f5e404fff,93.3600,CALL
1871,ase_pt_2c74697a3b3b4846,93.3600,PUT
1872,ase_pt_835d7f1f28f84c85,89.3800,CALL
1873,ase_pt_835d7f1f28f84c85,105.0000,CALL
1874,ase_pt_b19c89664d8d4c91,89.3800,PUT
1875,ase_pt_b19c89664d8d4c91,105.0000,PUT
1876,ase_pt_c10d6a979ce8484c,100.3700,CALL
1877,ase_pt_c10d6a979ce8484c,105.0000,CALL
1878,ase_pt_8dc0c46744d64953,97.1000,CALL
1879,ase_pt_8dc0c46744d64953,100.3700,CALL
1880,ase_pt_e27c631c24c34820,103.7500,CALL
1881,ase_pt_e27c631c24c34820,107.9100,CALL
1882,ase_pt_7973611a7c8d4405,103.7500,CALL
1883,ase_pt_7973611a7c8d4405,107.9100,CALL
1884,ase_pt_78a93830b36e4989,106.3700,CALL
1885,ase_pt_78a93830b36e4989,109.7300,CALL
1886,ase_pt_40a66873201c42c8,100.3700,CALL
1887,ase_pt_40a66873201c42c8,102.5800,CALL
1888,ase_pt_6cbd35962d814902,100.3700,CALL
1889,ase_pt_6cbd35962d814902,109.7300,CALL
1890,ase_pt_90ec6ab58d4a433f,96.9500,CALL
1891,ase_pt_90ec6ab58d4a433f,117.4200,CALL
1892,ase_pt_745a857919564dfc,105.0000,CALL
1893,ase_pt_745a857919564dfc,109.7300,CALL
1894,ase_pt_952d56fbc7614422,100.3700,CALL
1895,ase_pt_952d56fbc7614422,107.3800,CALL
1896,ase_pt_36e8e261e3e1469f,100.3700,PUT
1897,ase_pt_36e8e261e3e1469f,105.0000,PUT
1898,ase_pt_5b47757a95a44adf,97.1000,PUT
1899,ase_pt_5b47757a95a44adf,100.3700,PUT
1900,ase_pt_4ee635f1de7648c7,103.7500,PUT
1901,ase_pt_4ee635f1de7648c7,107.9100,PUT
1902,ase_pt_24a77f31cca74e21,103.7500,PUT
1903,ase_pt_24a77f31cca74e21,107.9100,PUT
1904,ase_pt_45c6ec985311418b,106.3700,PUT
1905,ase_pt_45c6ec985311418b,109.7300,PUT
1906,ase_pt_11864dfe6e164f25,100.3700,PUT
1907,ase_pt_11864dfe6e164f25,102.5800,PUT
1908,ase_pt_f57567ca8d45430f,100.3700,PUT
1909,ase_pt_f57567ca8d45430f,109.7300,PUT
1910,ase_pt_d69231f049ab4610,96.9500,PUT
1911,ase_pt_d69231f049ab4610,117.4200,PUT
1912,ase_pt_f3ac3c34466c4fa7,105.0000,PUT
1913,ase_pt_f3ac3c34466c4fa7,109.7300,PUT
1914,ase_pt_fc496f6591134f0d,100.3700,PUT
1915,ase_pt_fc496f6591134f0d,107.3800,PUT
1916,ase_pt_c319fad03c394a4c,100.3700,CALL
1917,ase_pt_c319fad03c394a4c,105.0000,CALL
1918,ase_pt_c319fad03c394a4c,103.7500,PUT
1919,ase_pt_c319fad03c394a4c,107.9100,PUT
1920,ase_pt_3159c7198f9847ca,100.3700,PUT
1921,ase_pt_3159c7198f9847ca,105.0000,PUT
1922,ase_pt_3159c7198f9847ca,103.7500,CALL
1923,ase_pt_3159c7198f9847ca,107.9100,CALL
1924,ase_pt_8ed093812bf24ba3,100.3700,CALL
1925,ase_pt_8ed093812bf24ba3,100.7400,CALL
1926,ase_pt_d87d772111f84a26,100.3700,PUT
1927,ase_pt_d87d772111f84a26,100.7400,PUT
1928,ase_pt_0341f5cb79124671,97.1000,CALL
1929,ase_pt_0341f5cb79124671,96.1300,CALL
1930,ase_pt_14dcb91297be4845,105.0000,CALL
1931,ase_pt_14dcb91297be4845,107.3800,CALL
1932,ase_pt_705b599905dc4225,105.0000,CALL
1933,ase_pt_705b599905dc4225,107.3800,CALL
1934,ase_pt_705b599905dc4225,105.0000,PUT
1935,ase_pt_705b599905dc4225,107.3800,PUT
1936,ase_pt_192d57c47a354464,100.3700,CALL
1937,ase_pt_192d57c47a354464,100.7400,CALL
1938,ase_pt_0ba8a78cd5cc44df,100.5600,CALL
1939,ase_pt_0ba8a78cd5cc44df,104.6000,CALL
1940,ase_pt_284fd697de8f4add,100.5600,PUT
1941,ase_pt_284fd697de8f4add,104.6000,PUT
1942,ase_pt_5d0d01f3280c46b1,100.7400,CALL
1943,ase_pt_5d0d01f3280c46b1,105.0000,CALL
1944,ase_pt_fadfe86140af455a,97.6900,CALL
1945,ase_pt_fadfe86140af455a,105.0000,CALL
1946,ase_pt_4be2cf80d3624f25,97.6900,PUT
1947,ase_pt_4be2cf80d3624f25,105.0000,PUT
1948,ase_pt_cf1c0cd326094aec,100.7400,CALL
1949,ase_pt_cf1c0cd326094aec,102.5800,CALL
1950,ase_pt_b02668e8ecc4498d,100.7400,CALL
1951,ase_pt_b02668e8ecc4498d,105.0000,CALL
1952,ase_pt_c940efd2a9954b9d,105.5800,CALL
1953,ase_pt_c940efd2a9954b9d,107.9100,CALL
1954,ase_pt_c940efd2a9954b9d,105.5800,PUT
1955,ase_pt_c940efd2a9954b9d,107.9100,PUT
1956,ase_pt_6c43af51552e48ae,89.3800,CALL
1957,ase_pt_6c43af51552e48ae,105.0000,CALL
1958,ase_pt_490447f9a8614b5a,89.3800,PUT
1959,ase_pt_490447f9a8614b5a,105.0000,PUT
1960,ase_pt_7f0e2dbd0444465a,100.7400,CALL
1961,ase_pt_7f0e2dbd0444465a,102.5800,CALL
1962,ase_pt_24be3ac5a5824fcf,100.7400,CALL
1963,ase_pt_24be3ac5a5824fcf,107.9100,CALL
1964,ase_pt_97bde6ee96964044,100.7400,PUT
1965,ase_pt_97bde6ee96964044,107.9100,PUT
1966,ase_pt_e027cb165fd34219,100.7400,CALL
1967,ase_pt_e027cb165fd34219,100.3700,CALL
1968,ase_pt_e027cb165fd34219,100.7400,PUT
1969,ase_pt_e027cb165fd34219,100.3700,PUT
1970,ase_pt_3cb297ccec4d4a6f,97.3700,CALL
1971,ase_pt_3cb297ccec4d4a6f,105.0000,CALL
1972,ase_pt_cecf9ac515e84f97,100.3700,CALL
1973,ase_pt_cecf9ac515e84f97,100.3700,PUT
1974,ase_pt_9c0bca498cd943c1,106.3700,CALL
1975,ase_pt_9c0bca498cd943c1,106.3700,PUT
1976,ase_pt_47b045d3637a422d,100.3700,CALL
1977,ase_pt_47b045d3637a422d,100.3700,PUT
1978,ase_pt_f718bcf91c2f4cf6,100.3700,CALL
1979,ase_pt_f718bcf91c2f4cf6,100.3700,PUT
1980,ase_pt_cc391a931e4f47f4,100.3700,CALL
1981,ase_pt_cc391a931e4f47f4,100.3700,PUT
1982,ase_pt_cc391a931e4f47f4,107.9100,CALL
1983,ase_pt_cc391a931e4f47f4,107.9100,PUT
1984,ase_pt_77eb0b5360724f38,100.3700,CALL
1985,ase_pt_77eb0b5360724f38,100.3700,PUT
1986,ase_pt_77eb0b5360724f38,103.7500,CALL
1987,ase_pt_77eb0b5360724f38,103.7500,PUT
1988,ase_pt_6aca195c5bfb4fb8,100.3700,CALL
1989,ase_pt_6aca195c5bfb4fb8,100.7400,CALL
1990,ase_pt_6aca195c5bfb4fb8,100.3700,PUT
1991,ase_pt_6aca195c5bfb4fb8,100.7400,PUT
1992,ase_pt_07b1b4e5014545b3,107.3800,CALL
1993,ase_pt_07b1b4e5014545b3,107.9100,CALL
1994,ase_pt_07b1b4e5014545b3,107.3800,PUT
1995,ase_pt_07b1b4e5014545b3,107.9100,PUT
1996,ase_pt_63310aeadd5649cd,99.2900,CALL
1997,ase_pt_63310aeadd5649cd,100.3700,CALL
1998,ase_pt_63310aeadd5649cd,101.4600,CALL
1999,ase_pt_28328029a7f34d5d,99.2900,PUT
2000,ase_pt_28328029a7f34d5d,100.3700,PUT
2001,ase_pt_28328029a7f34d5d,101.4600,PUT
2002,ase_pt_e9774f4255124adc,106.3700,CALL
2003,ase_pt_e9774f4255124adc,100.3700,CALL
2004,ase_pt_e9774f4255124adc,100.3700,PUT
2005,ase_pt_e9774f4255124adc,106.3700,PUT
2006,ase_pt_138b12dca04a4839,99.2900,CALL
2007,ase_pt_138b12dca04a4839,100.3700,CALL
2008,ase_pt_138b12dca04a4839,103.7500,CALL
2009,ase_pt_a9ede8c2b6164324,99.2900,PUT
2010,ase_pt_a9ede8c2b6164324,100.3700,PUT
2011,ase_pt_a9ede8c2b6164324,103.7500,PUT
2012,ase_pt_9179e74a98ee4988,99.2900,CALL
2013,ase_pt_9179e74a98ee4988,100.3700,CALL
2014,ase_pt_9179e74a98ee4988,102.5800,CALL
2015,ase_pt_2d62d52019a541bb,99.2900,CALL
2016,ase_pt_2d62d52019a541bb,101.4600,CALL
2017,ase_pt_2d62d52019a541bb,105.0000,CALL
2018,ase_pt_80b5cd91d5bc4242,97.1000,CALL
2019,ase_pt_80b5cd91d5bc4242,100.3700,CALL
2020,ase_pt_80b5cd91d5bc4242,103.7500,CALL
2021,ase_pt_61d345b280ce4300,99.9400,CALL
2022,ase_pt_61d345b280ce4300,100.3700,CALL
2023,ase_pt_61d345b280ce4300,100.8000,CALL
2024,ase_pt_7306e190b47841d5,99.2900,CALL
2025,ase_pt_7306e190b47841d5,100.3700,CALL
2026,ase_pt_7306e190b47841d5,101.4600,CALL
2027,ase_pt_7306e190b47841d5,99.2900,PUT
2028,ase_pt_7306e190b47841d5,100.3700,PUT
2029,ase_pt_7306e190b47841d5,101.4600,PUT
2030,ase_pt_00aa4dfd26224440,100.7400,CALL
2031,ase_pt_00aa4dfd26224440,100.3700,CALL
2032,ase_pt_00aa4dfd26224440,101.1200,CALL
2033,ase_pt_3632906f3796405f,99.2900,CALL
2034,ase_pt_3632906f3796405f,100.3700,CALL
2035,ase_pt_3632906f3796405f,102.5800,CALL
2036,ase_pt_793e28749bc24fce,109.7300,PUT
2037,ase_pt_793e28749bc24fce,105.0000,PUT
2038,ase_pt_793e28749bc24fce,105.0000,CALL
2039,ase_pt_793e28749bc24fce,109.7300,CALL
2040,ase_pt_b0eeb4319ad54360,107.9100,PUT
2041,ase_pt_b0eeb4319ad54360,103.7500,PUT
2042,ase_pt_b0eeb4319ad54360,103.7500,CALL
2043,ase_pt_b0eeb4319ad54360,107.9100,CALL
2044,ase_pt_19b4607ee28b4e4b,113.2600,PUT
2045,ase_pt_19b4607ee28b4e4b,107.9100,PUT
2046,ase_pt_19b4607ee28b4e4b,107.9100,CALL
2047,ase_pt_19b4607ee28b4e4b,113.2600,CALL
2048,ase_pt_bfac9a1717b7484c,109.7300,PUT
2049,ase_pt_bfac9a1717b7484c,105.0000,PUT
2050,ase_pt_bfac9a1717b7484c,105.0000,CALL
2051,ase_pt_bfac9a1717b7484c,109.7300,CALL
2052,ase_pt_a84f030dddc84b5c,112.0700,PUT
2053,ase_pt_a84f030dddc84b5c,106.3700,PUT
2054,ase_pt_a84f030dddc84b5c,105.0000,CALL
2055,ase_pt_a84f030dddc84b5c,107.9100,CALL
2056,ase_pt_f0cf4e295eb34ac4,112.0700,PUT
2057,ase_pt_f0cf4e295eb34ac4,107.9100,PUT
2058,ase_pt_f0cf4e295eb34ac4,103.7500,CALL
2059,ase_pt_f0cf4e295eb34ac4,107.9100,CALL
2060,ase_pt_a41cbde2d94b40f5,112.0700,PUT
2061,ase_pt_a41cbde2d94b40f5,106.3700,PUT
2062,ase_pt_a41cbde2d94b40f5,106.3700,CALL
2063,ase_pt_a41cbde2d94b40f5,112.0700,CALL
2064,ase_pt_a41cbde2d94b40f5,105.0000,PUT
2065,ase_pt_a41cbde2d94b40f5,102.5800,PUT
2066,ase_pt_a41cbde2d94b40f5,102.5800,CALL
2067,ase_pt_a41cbde2d94b40f5,105.0000,CALL
2068,ase_pt_c693893a29cf4a5c,107.9100,PUT
2069,ase_pt_c693893a29cf4a5c,103.7500,PUT
2070,ase_pt_c693893a29cf4a5c,106.3700,CALL
2071,ase_pt_c693893a29cf4a5c,112.0700,CALL
2072,ase_pt_17a87aa5b5ef41d5,109.7300,PUT
2073,ase_pt_17a87aa5b5ef41d5,105.0000,PUT
2074,ase_pt_17a87aa5b5ef41d5,105.0000,CALL
2075,ase_pt_17a87aa5b5ef41d5,109.7300,CALL
2076,ase_pt_daf29f93819041a8,112.0700,PUT
2077,ase_pt_daf29f93819041a8,106.3700,PUT
2078,ase_pt_daf29f93819041a8,106.3700,CALL
2079,ase_pt_daf29f93819041a8,112.0700,CALL
2080,ase_pt_5060831c6ba74a92,112.0700,PUT
2081,ase_pt_5060831c6ba74a92,107.9100,PUT
2082,ase_pt_5060831c6ba74a92,107.9100,CALL
2083,ase_pt_5060831c6ba74a92,112.0700,CALL
2084,ase_pt_b5a80c476a354e47,100.3700,PUT
2085,ase_pt_b5a80c476a354e47,100.3700,CALL
2086,ase_pt_b5a80c476a354e47,109.7300,PUT
2087,ase_pt_b5a80c476a354e47,109.7300,CALL
2088,ase_pt_b82b26af17754238,100.3700,CALL
2089,ase_pt_b82b26af17754238,105.0000,CALL
2090,ase_pt_392c2cc71b23483b,100.3700,PUT
2091,ase_pt_392c2cc71b23483b,105.0000,PUT
2092,ase_pt_ba89af7af8ba4e0a,99.2900,CALL
2093,ase_pt_ba89af7af8ba4e0a,103.7500,CALL
2094,ase_pt_ba89af7af8ba4e0a,107.9100,CALL
2095,ase_pt_c63b5ebecfbb40ba,99.2900,PUT
2096,ase_pt_c63b5ebecfbb40ba,103.7500,PUT
2097,ase_pt_c63b5ebecfbb40ba,107.9100,PUT
2098,ase_pt_41a973774616430c,105.0000,PUT
2099,ase_pt_41a973774616430c,109.7300,PUT
2100,ase_pt_41a973774616430c,105.0000,CALL
2101,ase_pt_41a973774616430c,109.7300,CALL
2102,ase_pt_b18fa90299b1435f,107.9100,CALL
2103,ase_pt_b18fa90299b1435f,100.3700,CALL
2104,ase_pt_b18fa90299b1435f,100.3700,PUT
2105,ase_pt_b18fa90299b1435f,107.9100,PUT
2106,ase_pt_afbccbf809824372,107.9100,CALL
2107,ase_pt_afbccbf809824372,100.3700,CALL
2108,ase_pt_afbccbf809824372,100.3700,PUT
2109,ase_pt_afbccbf809824372,107.9100,PUT
2110,ase_pt_98831dcb66714fbe,112.0700,PUT
2111,ase_pt_98831dcb66714fbe,115.6200,PUT
2112,ase_pt_52ee7c4cf21442b2,109.7300,PUT
2113,ase_pt_52ee7c4cf21442b2,115.6200,PUT
2114,ase_pt_13f1551ef56f423a,100.3700,CALL
2115,ase_pt_13f1551ef56f423a,105.0000,CALL
2116,ase_pt_13f1551ef56f423a,105.0000,PUT
2117,ase_pt_13f1551ef56f423a,109.7300,PUT
2118,ase_pt_668c2de047b24014,103.7500,CALL
2119,ase_pt_668c2de047b24014,103.7500,PUT
2120,ase_pt_668c2de047b24014,109.7300,CALL
2121,ase_pt_668c2de047b24014,109.7300,PUT
2122,ase_pt_01bff1e9f1a94d9b,100.3700,CALL
2123,ase_pt_01bff1e9f1a94d9b,100.3700,PUT
2124,ase_pt_deec57d13d8148c3,100.7400,CALL
2125,ase_pt_deec57d13d8148c3,100.3700,CALL
2126,ase_pt_323b41a676d94132,100.3700,CALL
2127,ase_pt_323b41a676d94132,100.3700,PUT
2128,ase_pt_c41a7642575b484e,106.3700,CALL
2129,ase_pt_c41a7642575b484e,106.3700,PUT
2130,ase_pt_3fc17c17f0ee41d0,99.2900,CALL
2131,ase_pt_3fc17c17f0ee41d0,100.3700,CALL
2132,ase_pt_3fc17c17f0ee41d0,102.5800,CALL
2133,ase_pt_8e69571ed93942dd,112.0700,PUT
2134,ase_pt_8e69571ed93942dd,106.3700,PUT
2135,ase_pt_8e69571ed93942dd,106.3700,CALL
2136,ase_pt_8e69571ed93942dd,112.0700,CALL
2137,ase_pt_ba237dbdad944b8b,100.7400,CALL
2138,ase_pt_ba237dbdad944b8b,100.3700,CALL
2139,ase_pt_8c37415feac34594,109.7300,PUT
2140,ase_pt_8c37415feac34594,105.0000,PUT
2141,ase_pt_8c37415feac34594,105.0000,CALL
2142,ase_pt_8c37415feac34594,109.7300,CALL
2143,ase_pt_e68147c53ad64379,100.3700,CALL
2144,ase_pt_e68147c53ad64379,105.0000,CALL
2145,ase_pt_ad101c6b69114db6,99.2900,CALL
2146,ase_pt_ad101c6b69114db6,100.3700,CALL
2147,ase_pt_ad101c6b69114db6,101.4600,CALL
2148,ase_pt_b816b72e7a2f46dc,107.9100,CALL
2149,ase_pt_b816b72e7a2f46dc,100.3700,CALL
2150,ase_pt_b816b72e7a2f46dc,100.3700,PUT
2151,ase_pt_b816b72e7a2f46dc,107.9100,PUT
2152,ase_pt_9403ce850be042b9,112.0700,PUT
2153,ase_pt_9403ce850be042b9,107.9100,PUT
2154,ase_pt_9403ce850be042b9,107.9100,CALL
2155,ase_pt_9403ce850be042b9,112.0700,CALL
2156,ase_pt_81f372c0b5194ee7,107.9100,CALL
2157,ase_pt_81f372c0b5194ee7,107.9100,PUT
2158,ase_pt_746387e359af4fd9,105.0000,PUT
2159,ase_pt_746387e359af4fd9,112.0700,PUT
2160,ase_pt_4d4e18373bcb40ef,105.0000,CALL
2161,ase_pt_4a4131e4b37349c8,98.0000,CALL
2162,ase_pt_4a4131e4b37349c8,104.0000,CALL
2163,ase_pt_a96a5356fe294b6a,91.0000,PUT
2164,ase_pt_a96a5356fe294b6a,95.0000,PUT
2165,ase_pt_a96a5356fe294b6a,105.0000,CALL
2166,ase_pt_a96a5356fe294b6a,109.0000,CALL
2167,ase_pt_0dd30d7452624163,97.0000,CALL
2168,ase_pt_0dd30d7452624163,102.0000,CALL
2169,ase_pt_0dd30d7452624163,103.0000,CALL
2170,ase_pt_0dd30d7452624163,108.0000,CALL
2171,ase_pt_0dd30d7452624163,100.0000,PUT
2172,ase_pt_9bb6a291e8394a63,96.0000,CALL
2173,ase_pt_9bb6a291e8394a63,100.0000,CALL
2174,ase_pt_9bb6a291e8394a63,104.0000,CALL
2175,ase_pt_9bb6a291e8394a63,104.0000,PUT
2176,ase_pt_9bb6a291e8394a63,100.0000,PUT
2177,ase_pt_9bb6a291e8394a63,96.0000,PUT
2178,ase_pt_3f2458b9297a4ad0,87.0000,PUT
2179,ase_pt_3f2458b9297a4ad0,92.0000,PUT
2180,ase_pt_3f2458b9297a4ad0,108.0000,CALL
2181,ase_pt_3f2458b9297a4ad0,113.0000,CALL
2182,ase_pt_3f2458b9297a4ad0,93.0000,PUT
2183,ase_pt_3f2458b9297a4ad0,98.0000,PUT
2184,ase_pt_3f2458b9297a4ad0,102.0000,CALL
2185,ase_pt_3f2458b9297a4ad0,107.0000,CALL
