paper_trade_id,leg_count
1d29561d-5b13-4486-8cc9-f051b26656f9,2
24ea4da9-5c39-4871-8f1d-7e0212849731,2
33a502ce-2ae8-43dc-8710-5ca457e9eee8,2
36606418-e378-45a2-87b3-b2959cd9988f,2
3944b42c-70ef-4058-badb-a64c343f05e2,2
7965de94-34d8-4491-81d7-0c88772f5308,2
8089be1d-7f58-4384-8d00-cf16ee52359e,2
84263723-68b6-4b8b-8829-238f462538aa,2
ase_pt_001f7af9440e43f5,3
ase_pt_004a747141f34b53,2
ase_pt_007d3f1af7e84a77,2
ase_pt_00a319c736ae4b1d,2
ase_pt_00aa4dfd26224440,3
ase_pt_00ab5dd704f449f7,4
ase_pt_00b9fcf63ec84443,2
ase_pt_01bff1e9f1a94d9b,2
ase_pt_01cb82e33a8c4e04,4
ase_pt_01eead446acc456b,4
ase_pt_01fef25551624710,2
ase_pt_02879b05ff214e47,1
ase_pt_02d0d9913754443c,3
ase_pt_02fefa8de1fa4313,3
ase_pt_033247baa7c14f4a,4
ase_pt_0341f5cb79124671,2
ase_pt_03849d666efe4824,3
ase_pt_03e63508f3af489f,2
ase_pt_0410e0d5f8af4361,1
ase_pt_046547bd9a204f91,2
ase_pt_04f4c3ecbe4a4039,2
ase_pt_06138b3b65da4af9,4
ase_pt_06792981111b4143,2
ase_pt_0696a7501e5a4b86,2
ase_pt_06edc199b341480c,4
ase_pt_071adb86c61641aa,6
ase_pt_071c68cb9fa54058,4
ase_pt_071dfaed07c840a7,2
ase_pt_072a3bfdbe32476a,2
ase_pt_072d99d8825b437b,2
ase_pt_07b1b4e5014545b3,4
ase_pt_07bdcfff5f604dac,2
ase_pt_08179cf977334df3,2
ase_pt_085f5f6f88514de6,1
ase_pt_0910e43b7e134256,8
ase_pt_09120c21e9ab423c,1
ase_pt_0a828b9ce657480c,2
ase_pt_0b70f91107a2450c,2
ase_pt_0b933a575f704d7e,3
ase_pt_0ba8a78cd5cc44df,2
ase_pt_0c5895db0d4c4a51,4
ase_pt_0c9b4327f85a4179,5
ase_pt_0dc66601fbd449ff,2
ase_pt_0dc88f03b7564659,6
ase_pt_0dd0cca698e3471b,4
ase_pt_0dd30d7452624163,5
ase_pt_0e064b32f2734d4b,2
ase_pt_0e212e6ad17744d0,1
ase_pt_0e252cbba9094a72,2
ase_pt_0e5e83ab54cb4538,4
ase_pt_0e9c0584c7a24633,8
ase_pt_0ec22af1f8694c35,2
ase_pt_0ee34056a5ba483e,2
ase_pt_0f75b5e82d514193,2
ase_pt_0f937b112584409c,2
ase_pt_0fd2fff6f13649d5,2
ase_pt_102122e7c9aa4c81,4
ase_pt_10e90105a8cd4fd0,4
ase_pt_112c1a8d5dc94d21,2
ase_pt_1170d8dc89b04e2d,2
ase_pt_117a109ec5dd4070,2
ase_pt_11864dfe6e164f25,2
ase_pt_11a533f7ddb84c21,3
ase_pt_12552ba816c647a6,2
ase_pt_128484047a824332,2
ase_pt_130a27a8cb9745ba,2
ase_pt_1353d127f4e04c38,1
ase_pt_138b12dca04a4839,3
ase_pt_13f1551ef56f423a,4
ase_pt_13ff268f37fb45d6,2
ase_pt_145e7e156a714c6b,2
ase_pt_14bbea05d32a4a64,2
ase_pt_14dcb91297be4845,2
ase_pt_14f0366b84ad46a1,2
ase_pt_14f3d29356e1406e,2
ase_pt_155673414d9c4237,2
ase_pt_161362eb9c554659,2
ase_pt_16386550e4ec40a8,2
ase_pt_16c1472721674c76,2
ase_pt_16cf6d806ea34cdc,3
ase_pt_172a972a10174266,1
ase_pt_17a87aa5b5ef41d5,4
ase_pt_186926e1febe450d,2
ase_pt_18be7899a17a4176,2
ase_pt_192d57c47a354464,2
ase_pt_19ab29c2e07f4f23,2
ase_pt_19b4607ee28b4e4b,4
ase_pt_19d58ab0083c4d4e,2
ase_pt_19fd1a1afed14598,6
ase_pt_1a312a5f3dae490c,4
ase_pt_1a6d7d2e47dd4ead,2
ase_pt_1acdccfce30940ea,4
ase_pt_1aeab363df7b46d9,2
ase_pt_1b16a124b3174a1d,1
ase_pt_1bc8f735bf054b14,2
ase_pt_1c70e2ed36e748c0,3
ase_pt_1c95fb9bd5194ab1,1
ase_pt_1ca9d2bc3c954aa1,2
ase_pt_1cdfe82457184b5e,2
ase_pt_1d7c0f90a07c44e7,2
ase_pt_1dfa879e84f34a36,4
ase_pt_1ea1196300224d4b,1
ase_pt_1ec92c1858a942b5,8
ase_pt_1ecbc30e80024867,2
ase_pt_1efc5e19f4d2470b,4
ase_pt_1f5c6dbfe19748df,2
ase_pt_2131ca79b52849e6,2
ase_pt_21edb5107520446d,2
ase_pt_236c6d4d2d11491a,2
ase_pt_23883886b1684ced,3
ase_pt_23c047592c864aa6,6
ase_pt_23ef28daf9cb47a1,4
ase_pt_241e62fb9dec48f7,4
ase_pt_24a77f31cca74e21,2
ase_pt_24bc62692c964244,4
ase_pt_24be3ac5a5824fcf,2
ase_pt_24c4ba6f47cb4240,2
ase_pt_24d5f67c97a24cf4,4
ase_pt_24e97ff0df5b4982,4
ase_pt_25308f99b8a44dab,2
ase_pt_256ccb2dec9a44b2,4
ase_pt_25965cdfc2b84bb7,2
ase_pt_259c9ec7c0bb44ad,2
ase_pt_25ab7424444f4a89,2
ase_pt_25af5afd3fb64392,2
ase_pt_25c87bb09bcb4d9e,2
ase_pt_2611a56fa69b4883,4
ase_pt_26a9bf53b4d14255,2
ase_pt_26b9a78175254dcd,2
ase_pt_274b14eb2f984158,6
ase_pt_27770dc5a81e4e91,2
ase_pt_27fb95998a56415b,2
ase_pt_28328029a7f34d5d,3
ase_pt_284fd697de8f4add,2
ase_pt_2890588a8d2f4473,4
ase_pt_28ea289d06244a2c,4
ase_pt_297066db97404b77,4
ase_pt_29707c7594b24de3,4
ase_pt_2a71b6dad9324f42,4
ase_pt_2af95b3f1e834dbb,4
ase_pt_2b1cb0acde8a4d2a,3
ase_pt_2b6fcc40f3494051,4
ase_pt_2b871389c3f94b23,4
ase_pt_2be32f47df1f4199,2
ase_pt_2c74697a3b3b4846,1
ase_pt_2d62d52019a541bb,3
ase_pt_2e6843beba754b18,2
ase_pt_2e78f09475d34b9c,2
ase_pt_2eb7fcfa021b40e9,1
ase_pt_2f51cdd5a4bc4ffd,3
ase_pt_2fb28aa0a20f49b3,2
ase_pt_2fc2f3bd813c4201,3
ase_pt_304246ad516046d6,2
ase_pt_305c8be299544ad0,2
ase_pt_30c9f7f099f04656,2
ase_pt_3159c7198f9847ca,4
ase_pt_31a61421b62646dc,1
ase_pt_32186d8d86644d8a,4
ase_pt_323b41a676d94132,2
ase_pt_328f936a7b994ec1,2
ase_pt_32ac03879c054b1d,1
ase_pt_32be02a6f8b348be,4
ase_pt_335da21099bf469e,3
ase_pt_3364009d64af4768,2
ase_pt_341bcf3e6977437d,4
ase_pt_341ee9bd107947a6,2
ase_pt_348d05419ab448e7,2
ase_pt_34b7749cae3b494d,4
ase_pt_35adba2d503446d4,2
ase_pt_35fc776144e54a4b,1
ase_pt_3632906f3796405f,3
ase_pt_364e2c86c1d6469d,2
ase_pt_36741c707c0f4b62,2
ase_pt_36c1bab4acbe416d,2
ase_pt_36e8e261e3e1469f,2
ase_pt_374d35422d344aa3,1
ase_pt_3795820de110476a,1
ase_pt_3847e37dbe01457c,2
ase_pt_38c8440699ab4e45,2
ase_pt_390ae52392654d73,4
ase_pt_392c2cc71b23483b,2
ase_pt_3a461d2fa135461e,2
ase_pt_3a64d9fcbff1414d,2
ase_pt_3b1a8014c6fc4dd2,2
ase_pt_3ba61bac1a2f4d53,4
ase_pt_3bcc9c0b31ff49f3,4
ase_pt_3bda863231e14809,2
ase_pt_3c3d96cd00fa4b9f,4
ase_pt_3c7ddbca75b940eb,2
ase_pt_3c868bba84d748be,4
ase_pt_3ca0620c4cef4d6f,1
ase_pt_3cb297ccec4d4a6f,2
ase_pt_3d55b52d40e74304,4
ase_pt_3e1833f415fd414f,3
ase_pt_3e3127f519aa4b36,2
ase_pt_3e339a7a3cdc4e44,2
ase_pt_3f0dc8b2a4fd4917,3
ase_pt_3f2458b9297a4ad0,8
ase_pt_3f620ebb349a4df9,4
ase_pt_3fc17c17f0ee41d0,3
ase_pt_3fea564c077e49df,2
ase_pt_40462d8d32c14ee9,4
ase_pt_40905bcdfaae4348,2
ase_pt_40a66873201c42c8,2
ase_pt_40bdf8a07f154dda,2
ase_pt_413893ee62984e99,2
ase_pt_413ea62f4d2f4494,2
ase_pt_41a973774616430c,4
ase_pt_41fa6adf243d4784,4
ase_pt_420f5395718a4e36,2
ase_pt_422c7e1be7ac41bc,2
ase_pt_425af45e774a4d75,2
ase_pt_426097d373aa4fbd,2
ase_pt_426a457a5c514b82,2
ase_pt_43b493247bb548cc,5
ase_pt_43c4c77038f3406c,2
ase_pt_441256588f4a4d41,2
ase_pt_44733944cf074383,4
ase_pt_44cb1b0418044113,2
ase_pt_44e3a8804a2a4988,4
ase_pt_45331c229b7c4d18,1
ase_pt_458f750d5f74431b,4
ase_pt_45c6ec985311418b,2
ase_pt_468a12d81bfa4bbe,2
ase_pt_471b2b947e7240f9,4
ase_pt_476a12c189d04554,2
ase_pt_47b045d3637a422d,2
ase_pt_48205beec76749a1,3
ase_pt_488e81b05e3546f2,2
ase_pt_48c41c48d3a14ba2,3
ase_pt_48e071537e064f17,2
ase_pt_490447f9a8614b5a,2
ase_pt_492673dfeb9d4bb4,2
ase_pt_496875cb2f7d476e,4
ase_pt_4a4131e4b37349c8,2
ase_pt_4a42f6e79939477c,4
ase_pt_4a733320cf6c430b,2
ase_pt_4a739bd10d40478e,2
ase_pt_4b4633b31af942dc,2
ase_pt_4bc71f3c83f84bc1,4
ase_pt_4be2cf80d3624f25,2
ase_pt_4c06105a01794947,2
ase_pt_4d0273c3681a4f01,1
ase_pt_4d4e18373bcb40ef,1
ase_pt_4ddf72645e174fe1,2
ase_pt_4e005621b9684abd,3
ase_pt_4e16f998994a497a,4
ase_pt_4e6c3823a6db41fb,1
ase_pt_4ed0eedc2d0047dd,4
ase_pt_4ee635f1de7648c7,2
ase_pt_4eee96fe9fd74603,2
ase_pt_4ef17b0e1c6546f6,2
ase_pt_4fd217eb3a5a4a32,4
ase_pt_5060831c6ba74a92,4
ase_pt_50cee139dd5f4d1b,2
ase_pt_51aca08bd0af4f10,2
ase_pt_51e1bd8493af4532,2
ase_pt_5208c296a9d047a4,4
ase_pt_52a1199441b842c2,4
ase_pt_52d55444d36747a0,4
ase_pt_52db46c029b748f6,2
ase_pt_52ee7c4cf21442b2,2
ase_pt_532c902bfb4748ee,4
ase_pt_53fd94a5236f4933,2
ase_pt_5451fd35cf2d40c9,2
ase_pt_549092c247454f84,2
ase_pt_5512d71f7e0c419d,5
ase_pt_5531bb51b3f046e0,4
ase_pt_556516fdaa6346da,2
ase_pt_559d9e7244b542ea,3
ase_pt_55f2879c9c234ae8,2
ase_pt_56d2d5d48d5b4236,3
ase_pt_56e7f9a96a7e4464,2
ase_pt_56ec12c833d3410d,2
ase_pt_57079b3931a14d23,4
ase_pt_5777f328ee784956,1
ase_pt_57db029c27af45e3,4
ase_pt_57dc0fe985a24f4f,2
ase_pt_583071390312407f,2
ase_pt_5838a244a64d48a7,2
ase_pt_5949f93a17d240ae,3
ase_pt_5a58675379e94007,8
ase_pt_5a6ff0d6be8e48cc,2
ase_pt_5ad3da4131714e30,3
ase_pt_5b1ade8a47a2427c,3
ase_pt_5b47757a95a44adf,2
ase_pt_5b48b5fc0a3f40de,8
ase_pt_5b867797cbbb4df8,2
ase_pt_5bab2972c84849cd,3
ase_pt_5cd9914d28294eaa,1
ase_pt_5d0d01f3280c46b1,2
ase_pt_5d288026450343df,4
ase_pt_5d475d0436df49e3,2
ase_pt_5dc715014dd84a43,4
ase_pt_5dd2701e8ad6448e,2
ase_pt_5df56406e676421f,3
ase_pt_5e1802c0f78045cb,2
ase_pt_5e49d8edae1c4bb5,2
ase_pt_5e8f0d60fbd54fb2,2
ase_pt_5f73e4e368ee4c19,2
ase_pt_5f8707ca4cb44569,3
ase_pt_6083b99595c94b37,2
ase_pt_61163c0323cd45fc,2
ase_pt_6117d75ace464771,3
ase_pt_61d345b280ce4300,3
ase_pt_61db83e800514e09,3
ase_pt_6238c50e54c64833,4
ase_pt_626ffd58b34e45ec,2
ase_pt_630c5bfba91c45a1,4
ase_pt_63167d95b92d46a9,3
ase_pt_63310aeadd5649cd,3
ase_pt_6380627d787b417b,4
ase_pt_63b79671045a4aa2,2
ase_pt_6474cf69996b4496,2
ase_pt_64cba35090f74aaf,4
ase_pt_64f79423f4d24f3e,4
ase_pt_651c3abf1f1f4b08,4
ase_pt_662b1d2e3f3b4a8c,2
ase_pt_668c2de047b24014,4
ase_pt_685e2dc764044b0a,2
ase_pt_687d43cfbe23447f,3
ase_pt_68dedcd545444fa1,2
ase_pt_68e54ed88e4d421b,2
ase_pt_68eeb4f5c58f48cd,2
ase_pt_6902ab81fd5c473c,4
ase_pt_693ad4c178f244e6,2
ase_pt_69d1459f2919466e,3
ase_pt_6a0fee0e6c994c43,4
ase_pt_6a6f8dd6d8d04180,4
ase_pt_6aca195c5bfb4fb8,4
ase_pt_6b35e0a20e884b30,1
ase_pt_6bb95b5aa7244b82,2
ase_pt_6c0852ff34cc4914,2
ase_pt_6c35449f5e404fff,1
ase_pt_6c43af51552e48ae,2
ase_pt_6c50347440d247b4,2
ase_pt_6cb43827aca54901,3
ase_pt_6cbd35962d814902,2
ase_pt_6d5376710e84479f,1
ase_pt_6e3199cc0c054c4a,2
ase_pt_6edd6080f1904229,2
ase_pt_6eeb91756b384821,4
ase_pt_6eecd7dc53e44088,2
ase_pt_6fbaf19c00b54f5a,3
ase_pt_705b599905dc4225,4
ase_pt_70ff8734f7804dad,8
ase_pt_713448510d67452d,3
ase_pt_713d53f998734c95,3
ase_pt_7179b9b59f2946e7,2
ase_pt_725a2fc7d4474ae9,4
ase_pt_7306e190b47841d5,6
ase_pt_731523d79fb84a33,4
ase_pt_7321ce7d9a704a8b,2
ase_pt_73e78dcd567f42e4,2
ase_pt_745a857919564dfc,2
ase_pt_746387e359af4fd9,2
ase_pt_751823b026db4dd0,2
ase_pt_752066dea78b41bf,4
ase_pt_7535e14a6e124d94,2
ase_pt_7551bc0b96784b8d,4
ase_pt_758e90c2983f47df,3
ase_pt_75bb9bbffddc42a9,4
ase_pt_762319e20bcf4980,4
ase_pt_76488e2737934974,2
ase_pt_76bbcd4f1f4f4321,4
ase_pt_771678d014254c74,2
ase_pt_774ec411f0664b5e,2
ase_pt_77c6e57b3a1446b9,2
ase_pt_77eb0b5360724f38,4
ase_pt_7867db8a72a541c5,2
ase_pt_78a93830b36e4989,2
ase_pt_78bec6a96d964fd6,2
ase_pt_78d7474730e741f4,3
ase_pt_7904fd855b78444d,4
ase_pt_793e28749bc24fce,4
ase_pt_795a4febeaa54a0d,3
ase_pt_7973611a7c8d4405,2
ase_pt_79e593a33bc8450e,4
ase_pt_7a7c2d1c8e31410e,2
ase_pt_7a913eaa2e034493,4
ase_pt_7c1b674006aa4427,2
ase_pt_7c3c312e45784293,3
ase_pt_7c3ef7e616e149da,4
ase_pt_7c43d64b976b406e,3
ase_pt_7c98961ed462420e,2
ase_pt_7d604ae2b8b84008,3
ase_pt_7da7c3b4e64846b4,2
ase_pt_7de3ce6fbc8845a0,3
ase_pt_7de534e9fe6345cb,4
ase_pt_7f0e2dbd0444465a,2
ase_pt_7f4cbe9e07c348b3,2
ase_pt_7fdb187c20744630,3
ase_pt_80ab7cc88064422c,2
ase_pt_80b5cd91d5bc4242,3
ase_pt_80b9c058175a4c61,2
ase_pt_81456c16dc9141dc,2
ase_pt_81d385620a0340d0,2
ase_pt_81d56157029f4bbc,3
ase_pt_81f372c0b5194ee7,2
ase_pt_82123c62b1164c60,1
ase_pt_824858ba1134432d,2
ase_pt_82ada73b5e58432a,2
ase_pt_82b4b4830f9b44d1,2
ase_pt_83538519e8064a9e,2
ase_pt_835d7f1f28f84c85,2
ase_pt_83d56a0a0f0f40a3,3
ase_pt_848e090753ce4b78,3
ase_pt_84bcc42a04404c1d,4
ase_pt_854cdbc63d0e4302,2
ase_pt_856dbff788e84c4c,4
ase_pt_857897d4d0ff4f19,3
ase_pt_873a7401af7c499b,3
ase_pt_873fee4ef10f4d1e,3
ase_pt_8779236ee5114ad7,2
ase_pt_87f340e043e5485d,2
ase_pt_8866dcbf077e4891,4
ase_pt_89e9a7a206094b5d,2
ase_pt_8b344752f60546a1,2
ase_pt_8b3c4ae687964a70,2
ase_pt_8b4dd53a96554dfd,2
ase_pt_8b9f1e603d544491,4
ase_pt_8bb5c04c7e374521,2
ase_pt_8c37415feac34594,4
ase_pt_8c79bccb949e4c7e,2
ase_pt_8cea473fdd8847ee,4
ase_pt_8d272733b82b486a,4
ase_pt_8d400ce6441c4402,4
ase_pt_8dbc75e418544b88,3
ase_pt_8dc0c46744d64953,2
ase_pt_8e442eea96e1491f,2
ase_pt_8e69571ed93942dd,4
ase_pt_8ed093812bf24ba3,2
ase_pt_8f07b5e253e84aac,1
ase_pt_8f40bc8450a040f2,4
ase_pt_8f481826e0ff4f9b,2
ase_pt_8fc139721c9c4d94,2
ase_pt_8fdcc3627c754690,4
ase_pt_90567077eb144619,1
ase_pt_9089a990edab441c,1
ase_pt_90aebf88d50e4c5e,2
ase_pt_90b15fbbc1784cbe,2
ase_pt_90ec6ab58d4a433f,2
ase_pt_90fdbdd9ef814faa,4
ase_pt_9179e74a98ee4988,3
ase_pt_9193accc15f84997,6
ase_pt_9221343a8ff442c1,2
ase_pt_922c42b2e24d4fb5,2
ase_pt_9304bdbefbc643c7,4
ase_pt_931dd6df28c1477d,2
ase_pt_9348885232d04d4e,2
ase_pt_937155f971934804,2
ase_pt_937913978a7345bf,8
ase_pt_938199d6acd74eb5,2
ase_pt_93a3a93c4f9f4e12,3
ase_pt_9403ce850be042b9,4
ase_pt_946b75d084744dd5,3
ase_pt_94869ecb05004e5d,2
ase_pt_949f8a36d9124d7b,4
ase_pt_95154129d2f04501,2
ase_pt_952d56fbc7614422,2
ase_pt_963783dd4e834ad5,4
ase_pt_9685e32cd4cc4f00,3
ase_pt_96afe39b761e4ad1,2
ase_pt_96c335fbcd3f4c4f,3
ase_pt_97126c75c93c44f0,2
ase_pt_9718d1dd9d2d406c,2
ase_pt_971b825f23974ec3,4
ase_pt_974bac188a97487c,1
ase_pt_977ced069bc5425b,4
ase_pt_97bde6ee96964044,2
ase_pt_98831dcb66714fbe,2
ase_pt_989392eefb9541f2,4
ase_pt_98a9900391574b3c,3
ase_pt_99857ff17e444244,1
ase_pt_99cb0be7029b4a82,2
ase_pt_9aa23c0340c74068,4
ase_pt_9ac2841b15404bcd,1
ase_pt_9ac53dd86a4a49db,1
ase_pt_9ad847fa6c644d6e,4
ase_pt_9ae3a43abb114bb3,3
ase_pt_9b4f4bfe915d486c,2
ase_pt_9bb6a291e8394a63,6
ase_pt_9bf39c88fddc4d28,2
ase_pt_9c0bca498cd943c1,2
ase_pt_9c6a842c94f74f0c,2
ase_pt_9c780403c45a475f,2
ase_pt_9c7a74fa838e4e13,2
ase_pt_9ce40b1112c2482f,2
ase_pt_9d1f3d6be1de42e7,2
ase_pt_9d28f94eaeaf4126,4
ase_pt_9e412b9c46f64e91,3
ase_pt_9e5cf737f8e74fa3,2
ase_pt_9f12756001424bb1,2
ase_pt_9f6f3232705d4af8,2
ase_pt_a0f182a9ba75429b,2
ase_pt_a14c917b2b5f4bac,2
ase_pt_a177f80b7b324348,2
ase_pt_a1c8e3c5b81941d4,4
ase_pt_a1d17b4de5fb4ab9,3
ase_pt_a1fcb5049d0f413b,2
ase_pt_a2df9c7deeea4407,2
ase_pt_a36cd5a474524c44,2
ase_pt_a41cbde2d94b40f5,8
ase_pt_a46af2f3109f4baf,2
ase_pt_a56d6cd8ff234e19,2
ase_pt_a786e2c48589413f,2
ase_pt_a81db8b53b0a4269,2
ase_pt_a81f2a870e1640c5,1
ase_pt_a84f030dddc84b5c,4
ase_pt_a8b9f5ecf5284755,4
ase_pt_a96a5356fe294b6a,4
ase_pt_a9753a5b1a1b4f5e,1
ase_pt_a9ede8c2b6164324,3
ase_pt_aa854a4440c0485e,2
ase_pt_aa91c2601a534cca,3
ase_pt_aaac37a07a91407d,2
ase_pt_ab7790faa1c546cf,2
ase_pt_abd22434ae404043,2
ase_pt_ac4b9034cd964425,2
ase_pt_ad101c6b69114db6,3
ase_pt_ad40ee17f4b24319,4
ase_pt_adbf72e54bee4e93,2
ase_pt_ae12830c35754db8,3
ase_pt_ae94e90407ed4ee8,4
ase_pt_aeb5d4d092ea48cc,3
ase_pt_af7b9105f1b44a39,2
ase_pt_afb8e8c13d074159,2
ase_pt_afbccbf809824372,4
ase_pt_b02668e8ecc4498d,2
ase_pt_b0a34de8bfd04d85,2
ase_pt_b0b1fcb3e5e440bf,4
ase_pt_b0bae41a8b684f02,2
ase_pt_b0cb97a05fe0422f,2
ase_pt_b0eeb4319ad54360,4
ase_pt_b143fca2d6684ea9,1
ase_pt_b17fef4b11414c67,4
ase_pt_b18fa90299b1435f,4
ase_pt_b19c89664d8d4c91,2
ase_pt_b217288663e64abf,6
ase_pt_b2ca50de093b4563,4
ase_pt_b3196782bca54c2f,2
ase_pt_b31a4d1261f343e9,4
ase_pt_b3dcd42cff494334,2
ase_pt_b4fa0790417d42e0,1
ase_pt_b52bfbe48bc7409c,1
ase_pt_b544d413f1fa4fbe,2
ase_pt_b561dca737e64954,4
ase_pt_b56a1c5009bc48ba,2
ase_pt_b592a8277a61404c,3
ase_pt_b5a80c476a354e47,4
ase_pt_b62d17470e3d4853,2
ase_pt_b6be8e95c33a4553,2
ase_pt_b6c5e61a736a4625,2
ase_pt_b70d6af2f94d4814,2
ase_pt_b73e0508eca949e8,2
ase_pt_b78de49d410c4b6a,4
ase_pt_b816b72e7a2f46dc,4
ase_pt_b81ee0040f7d4f04,1
ase_pt_b82b26af17754238,2
ase_pt_b8bb8ab33f7c4861,2
ase_pt_b960fd2b68d648d3,2
ase_pt_ba237dbdad944b8b,2
ase_pt_ba7fa2bd655642a4,2
ase_pt_ba89af7af8ba4e0a,3
ase_pt_baad41bd56d44e0e,2
ase_pt_bacc84d4772d447c,3
ase_pt_bb138449b1884e36,3
ase_pt_bb16728c9ab74c57,2
ase_pt_bb4541f2bdfc46ca,2
ase_pt_bb9a1f6f28054353,4
ase_pt_bbb2af4febbf44fa,1
ase_pt_bbd9a12dae4b4160,5
ase_pt_bbfe78136a6145df,2
ase_pt_bc60609866cf4c0f,2
ase_pt_bcbabed4ff834d64,2
ase_pt_bce325b6dbd949b5,4
ase_pt_bda5c6e34e8646be,2
ase_pt_bdd79945f43049f0,4
ase_pt_bed69d2bf32e4b21,4
ase_pt_bf1cf12068b3467c,3
ase_pt_bf38b5588ca045ca,2
ase_pt_bf3cd83403654aef,3
ase_pt_bf9746964617425a,2
ase_pt_bfac9a1717b7484c,4
ase_pt_bfcbb0e9be454d9a,4
ase_pt_bfcfa9b74a7841ec,4
ase_pt_c07afef2857d49ed,2
ase_pt_c10d6a979ce8484c,2
ase_pt_c13e4aa9be584415,4
ase_pt_c15348efbf064e5a,4
ase_pt_c1b18ab884d94247,2
ase_pt_c1c2c821260347b3,2
ase_pt_c1cb14c33f0a40db,4
ase_pt_c1e850d101f94cfc,2
ase_pt_c22a27dc84f148ae,2
ase_pt_c319fad03c394a4c,4
ase_pt_c36ecfd5501c47a4,2
ase_pt_c3b3676b3dca4053,3
ase_pt_c41a7642575b484e,2
ase_pt_c45fec7c13434445,3
ase_pt_c467febe9f4646de,2
ase_pt_c5be21acb3394fec,4
ase_pt_c5e54d1c2fad41cc,4
ase_pt_c5fdce8b34414e05,2
ase_pt_c62db28384754bcc,2
ase_pt_c63b5ebecfbb40ba,3
ase_pt_c66cffc7f7554a9e,2
ase_pt_c693893a29cf4a5c,4
ase_pt_c6a51fd7f76347fe,2
ase_pt_c6e58215b6bc4846,3
ase_pt_c7352c9de31649d5,3
ase_pt_c7a2f3b519e24441,4
ase_pt_c8310c4a33604a82,3
ase_pt_c83827516c75413d,2
ase_pt_c8a9b9a5f23c4a02,2
ase_pt_c8bf85c6ede2488b,2
ase_pt_c8dd09199fb94cf3,2
ase_pt_c90f2d4483524cf3,4
ase_pt_c9285bac7ab4456a,2
ase_pt_c940efd2a9954b9d,4
ase_pt_c95aee18709e452c,2
ase_pt_c985351fe54449c8,1
ase_pt_c985b0ea78c349bf,4
ase_pt_c9cf1e5947bb4752,2
ase_pt_ca738e7c12374252,2
ase_pt_cab5b30e65814c46,3
ase_pt_cb4bcbf8a2d84d5f,2
ase_pt_cbd5bf81793446d7,2
ase_pt_cc391a931e4f47f4,4
ase_pt_cc496e3791394bdd,4
ase_pt_cdcfed298b1248b7,4
ase_pt_cecf9ac515e84f97,2
ase_pt_cf1c0cd326094aec,2
ase_pt_cf555e7bab05428c,2
ase_pt_cfeb044893794459,2
ase_pt_d08c204af0aa4d79,4
ase_pt_d1c575613d644f6d,4
ase_pt_d2121d0c26e647d3,1
ase_pt_d2435f0b6b9843e7,2
ase_pt_d290c1a0e61b449f,1
ase_pt_d339d8eab1824973,2
ase_pt_d364f8772e634ea2,2
ase_pt_d3b5f2da35984057,4
ase_pt_d41318d96c0c4c43,2
ase_pt_d416f4b7532c415c,4
ase_pt_d44e9670399c408a,3
ase_pt_d4b58757814f4b80,2
ase_pt_d5cd7abcf3714a9e,3
ase_pt_d63b61e91c314a4f,4
ase_pt_d65d6f9ae7c349d2,1
ase_pt_d66365d89f08431d,2
ase_pt_d69231f049ab4610,2
ase_pt_d6e7b562298d4374,3
ase_pt_d6ed352fe4334e51,2
ase_pt_d6f552806c264371,2
ase_pt_d742e132255243af,4
ase_pt_d76fb2bccf7b4907,2
ase_pt_d87d772111f84a26,2
ase_pt_d8d2ea56d692462f,2
ase_pt_d8dc2fb768cf4d72,2
ase_pt_d9415203c20b46f6,2
ase_pt_d98382cd2b4f4c2d,6
ase_pt_d9ff3f43e29b426f,2
ase_pt_da861c9b34664bdb,4
ase_pt_daf29f93819041a8,4
ase_pt_db747bae239b4a97,4
ase_pt_dc09b5d14ef44603,3
ase_pt_dcf739fea6c346c2,4
ase_pt_dd6f5dcf3c9049ec,2
ase_pt_dda2c92bd3bf4532,2
ase_pt_ddaaad97b7254e99,3
ase_pt_ddcc6f854e4843f4,2
ase_pt_de9a1dd6531e46d8,2
ase_pt_dea8aa2dc202496f,4
ase_pt_deec57d13d8148c3,2
ase_pt_df0a266b5a764677,4
ase_pt_df0d1012524347fb,4
ase_pt_df79891422ec4bf6,3
ase_pt_df836ccb480e43ac,1
ase_pt_df9ef3680a77413b,2
ase_pt_e027cb165fd34219,4
ase_pt_e0843e5730d14f6a,2
ase_pt_e0a6c5ea0c7841ed,4
ase_pt_e0d7f801595e436e,4
ase_pt_e0dcd7cfa0434bf4,2
ase_pt_e11d456d41a84455,2
ase_pt_e182672b33fc4791,4
ase_pt_e1b41c6235bb41f8,4
ase_pt_e1b81c458fdd4e71,2
ase_pt_e1ec5f6baa4d403d,2
ase_pt_e24cb20825964481,2
ase_pt_e2544b55d07e46a3,2
ase_pt_e2570da6158e4bf8,8
ase_pt_e27c631c24c34820,2
ase_pt_e2ba930eaa534393,2
ase_pt_e2c2f6a10bdb4b99,3
ase_pt_e2d687d64f954cd6,4
ase_pt_e2f99181fe884443,2
ase_pt_e3723739cd9c4db8,2
ase_pt_e3b8f1a59f6440b9,2
ase_pt_e42209c2003d4359,4
ase_pt_e44634809c5544e3,4
ase_pt_e4b1d239379943ff,2
ase_pt_e4fbd56c2fba44d5,8
ase_pt_e5231e71990f4568,3
ase_pt_e549a8e66b504915,2
ase_pt_e56739d70d014172,3
ase_pt_e5ccc8f977734766,1
ase_pt_e66149ee488d4111,2
ase_pt_e68147c53ad64379,2
ase_pt_e765019aac214b30,2
ase_pt_e7742d0825944040,6
ase_pt_e7789d15879a45eb,1
ase_pt_e78a52d34182482d,4
ase_pt_e79f6d8cdfbc417d,2
ase_pt_e7d78e583530476c,2
ase_pt_e80dd2b5c261433a,2
ase_pt_e8185dd214344b3d,2
ase_pt_e89c1dfca5f44779,4
ase_pt_e8ac703556ed4ca8,4
ase_pt_e8d8f110ca2e46ea,2
ase_pt_e8daada75c2d4937,2
ase_pt_e93e30f16e154e46,2
ase_pt_e94e06bd9ba64a13,2
ase_pt_e97315119a354c76,2
ase_pt_e9774f4255124adc,4
ase_pt_e99a1c0bac7a44b8,5
ase_pt_e9c5adc89a694700,2
ase_pt_ea4be73d23ee4956,2
ase_pt_ea5c2ec694ed460f,2
ase_pt_ea65248f920c4afd,2
ase_pt_ea93f5edcbd049a6,2
ase_pt_eacf187fc03e42a8,8
ase_pt_eae220cc91eb49ee,4
ase_pt_eaf300904a6b46b0,2
ase_pt_eb69c5f8d45a4cea,1
ase_pt_eb98d0776e8e4c2b,6
ase_pt_ec5bbbcd384d43e0,2
ase_pt_ecffd21d1e71478d,2
ase_pt_ee9d189d54294c8a,4
ase_pt_efa0f89d97a54617,4
ase_pt_efb8edaa521b47e8,4
ase_pt_efe0d09f127f4b5e,2
ase_pt_f02c2b0e4ea846d5,2
ase_pt_f033ed36fcef4965,1
ase_pt_f03d8213adaf4693,2
ase_pt_f0718fd916934cfe,2
ase_pt_f0cf4e295eb34ac4,4
ase_pt_f13c06fdca6c4252,3
ase_pt_f19a297d7ecc4a07,2
ase_pt_f1c574b9890e4d08,2
ase_pt_f22691ef3d444fab,4
ase_pt_f22e95e154d94408,4
ase_pt_f250e712b2084bc1,4
ase_pt_f352a5bb0a3845c7,3
ase_pt_f3ac3c34466c4fa7,2
ase_pt_f3afc3f4ede84b03,4
ase_pt_f3bb6a0a294543f3,4
ase_pt_f417c1e1b7594d6f,2
ase_pt_f44fe45a5946442a,4
ase_pt_f4ab0354b1194755,2
ase_pt_f524316759cb4ded,4
ase_pt_f5348162a2d24340,2
ase_pt_f57567ca8d45430f,2
ase_pt_f5dd6dc35bb846d9,2
ase_pt_f663d57759104da1,2
ase_pt_f67e84675c5249a6,2
ase_pt_f718bcf91c2f4cf6,2
ase_pt_f756f793419d420f,2
ase_pt_f7783f7e02854358,2
ase_pt_f7e0e8d95161439f,4
ase_pt_f81f75f7f93c45bd,1
ase_pt_f850c3bdc79c409b,2
ase_pt_f8bf64f3692e4ea8,1
ase_pt_f8dc673d2e074d35,4
ase_pt_f90caba5eb23474c,2
ase_pt_fada956def4e448a,2
ase_pt_fadfe86140af455a,2
ase_pt_fb84854ccb4f40ab,4
ase_pt_fc496f6591134f0d,2
ase_pt_fd8f510a65cb426a,4
ase_pt_fe02671f0c3b4c14,2
ase_pt_fe5c39faa9ff45bb,2
ase_pt_feb277e4ceee4a33,1
ase_pt_feffd623b601459d,2
ase_pt_ff3f24f24b8e45f4,4
ase_pt_ff4857b9ca1e4f31,2
ase_pt_ff5e137172e74047,2
ase_pt_ffc319cbdcb547bd,2
ase_pt_fff14c0d833a43a4,2
f7df3c4f-0f5a-4373-b3a1-4de21f8810af,2
