id,paper_trade_id,buy_or_sell,asset_type,delta
1072,ase_pt_bbb2af4febbf44fa,LONG,CALL,0.8000
432,ase_pt_e5ccc8f977734766,LONG,CALL,0.8000
1550,ase_pt_4e6c3823a6db41fb,LONG,CALL,0.8000
1870,ase_pt_6c35449f5e404fff,LONG,CALL,0.8000
752,ase_pt_1b16a124b3174a1d,LONG,CALL,0.8000
1395,ase_pt_d2121d0c26e647d3,LONG,CALL,0.8000
112,ase_pt_09120c21e9ab423c,LONG,CALL,0.8000
44,ase_pt_dc09b5d14ef44603,LONG,CALL,0.7200
94,ase_pt_bacc84d4772d447c,LONG,CALL,0.7200
69,ase_pt_bf1cf12068b3467c,LONG,CALL,0.7200
198,ase_pt_56ec12c833d3410d,LONG,CALL,0.7000
1552,ase_pt_c9cf1e5947bb4752,LONG,CALL,0.7000
1393,ase_pt_1353d127f4e04c38,LONG,CALL,0.7000
754,ase_pt_26b9a78175254dcd,LONG,CALL,0.7000
434,ase_pt_3b1a8014c6fc4dd2,LONG,CALL,0.7000
1872,ase_pt_835d7f1f28f84c85,LONG,CALL,0.7000
430,ase_pt_a9753a5b1a1b4f5e,LONG,CALL,0.7000
1397,ase_pt_e2f99181fe884443,LONG,CALL,0.7000
1481,ase_pt_7535e14a6e124d94,LONG,CALL,0.7000
114,ase_pt_2131ca79b52849e6,LONG,CALL,0.7000
110,ase_pt_3795820de110476a,LONG,CALL,0.7000
1548,ase_pt_2eb7fcfa021b40e9,LONG,CALL,0.7000
750,ase_pt_172a972a10174266,LONG,CALL,0.7000
1636,ase_pt_c66cffc7f7554a9e,LONG,CALL,0.7000
1868,ase_pt_b52bfbe48bc7409c,LONG,CALL,0.7000
1956,ase_pt_6c43af51552e48ae,LONG,CALL,0.7000
838,ase_pt_6bb95b5aa7244b82,LONG,CALL,0.7000
1070,ase_pt_974bac188a97487c,LONG,CALL,0.7000
1074,ase_pt_baad41bd56d44e0e,LONG,CALL,0.7000
518,ase_pt_25ab7424444f4a89,LONG,CALL,0.7000
1158,ase_pt_16c1472721674c76,LONG,CALL,0.7000
1390,ase_pt_45331c229b7c4d18,LONG,CALL,0.7000
580,ase_pt_795a4febeaa54a0d,LONG,CALL,0.6500
1928,ase_pt_0341f5cb79124671,SHORT,CALL,0.6500
491,ase_pt_18be7899a17a4176,LONG,CALL,0.6500
490,ase_pt_18be7899a17a4176,SHORT,CALL,0.6500
1878,ase_pt_8dc0c46744d64953,LONG,CALL,0.6500
440,ase_pt_161362eb9c554659,LONG,CALL,0.6500
260,ase_pt_d6e7b562298d4374,LONG,CALL,0.6500
1698,ase_pt_857897d4d0ff4f19,LONG,CALL,0.6500
1609,ase_pt_8b4dd53a96554dfd,LONG,CALL,0.6500
1608,ase_pt_8b4dd53a96554dfd,SHORT,CALL,0.6500
1558,ase_pt_5a6ff0d6be8e48cc,LONG,CALL,0.6500
1543,ase_pt_d44e9670399c408a,LONG,CALL,0.6500
120,ase_pt_90aebf88d50e4c5e,LONG,CALL,0.6500
1454,ase_pt_27fb95998a56415b,LONG,CALL,0.6500
1453,ase_pt_27fb95998a56415b,SHORT,CALL,0.6500
1403,ase_pt_5838a244a64d48a7,LONG,CALL,0.6500
1220,ase_pt_c6e58215b6bc4846,LONG,CALL,0.6500
1131,ase_pt_c22a27dc84f148ae,LONG,CALL,0.6500
1130,ase_pt_c22a27dc84f148ae,SHORT,CALL,0.6500
1080,ase_pt_341ee9bd107947a6,LONG,CALL,0.6500
2018,ase_pt_80b5cd91d5bc4242,LONG,CALL,0.6500
170,ase_pt_30c9f7f099f04656,SHORT,CALL,0.6500
171,ase_pt_30c9f7f099f04656,LONG,CALL,0.6500
900,ase_pt_4e005621b9684abd,LONG,CALL,0.6500
811,ase_pt_24c4ba6f47cb4240,LONG,CALL,0.6500
810,ase_pt_24c4ba6f47cb4240,SHORT,CALL,0.6500
760,ase_pt_07bdcfff5f604dac,LONG,CALL,0.6500
1929,ase_pt_0341f5cb79124671,LONG,CALL,0.6500
734,ase_pt_23c047592c864aa6,LONG,CALL,0.6300
1054,ase_pt_b217288663e64abf,LONG,CALL,0.6300
2172,ase_pt_9bb6a291e8394a63,LONG,CALL,0.6300
1852,ase_pt_9193accc15f84997,LONG,CALL,0.6300
1374,ase_pt_eb98d0776e8e4c2b,LONG,CALL,0.6300
414,ase_pt_274b14eb2f984158,LONG,CALL,0.6300
36,ase_pt_9348885232d04d4e,LONG,CALL,0.6200
31,ase_pt_3bda863231e14809,LONG,CALL,0.6200
86,ase_pt_128484047a824332,LONG,CALL,0.6200
29,ase_pt_6083b99595c94b37,LONG,CALL,0.6200
61,ase_pt_06792981111b4143,LONG,CALL,0.6200
27,ase_pt_426097d373aa4fbd,LONG,CALL,0.6200
409,ase_pt_bbd9a12dae4b4160,LONG,CALL,0.6000
93,ase_pt_14f3d29356e1406e,LONG,CALL,0.6000
1650,ase_pt_25c87bb09bcb4d9e,LONG,CALL,0.6000
1624,ase_pt_8c79bccb949e4c7e,LONG,CALL,0.6000
772,ase_pt_2be32f47df1f4199,LONG,CALL,0.6000
1570,ase_pt_f4ab0354b1194755,LONG,CALL,0.6000
1495,ase_pt_0e252cbba9094a72,LONG,CALL,0.6000
1469,ase_pt_7c98961ed462420e,LONG,CALL,0.6000
1970,ase_pt_3cb297ccec4d4a6f,LONG,CALL,0.6000
212,ase_pt_328f936a7b994ec1,LONG,CALL,0.6000
1415,ase_pt_2e6843beba754b18,LONG,CALL,0.6000
452,ase_pt_9d1f3d6be1de42e7,LONG,CALL,0.6000
43,ase_pt_50cee139dd5f4d1b,LONG,CALL,0.6000
1890,ase_pt_90ec6ab58d4a433f,LONG,CALL,0.6000
132,ase_pt_0ee34056a5ba483e,LONG,CALL,0.6000
1369,ase_pt_43b493247bb548cc,LONG,CALL,0.6000
506,ase_pt_e1ec5f6baa4d403d,LONG,CALL,0.6000
729,ase_pt_e99a1c0bac7a44b8,LONG,CALL,0.6000
1172,ase_pt_de9a1dd6531e46d8,LONG,CALL,0.6000
1146,ase_pt_e9c5adc89a694700,LONG,CALL,0.6000
1092,ase_pt_a1fcb5049d0f413b,LONG,CALL,0.6000
532,ase_pt_b960fd2b68d648d3,LONG,CALL,0.6000
1049,ase_pt_0c9b4327f85a4179,LONG,CALL,0.6000
852,ase_pt_155673414d9c4237,LONG,CALL,0.6000
2167,ase_pt_0dd30d7452624163,LONG,CALL,0.6000
826,ase_pt_94869ecb05004e5d,LONG,CALL,0.6000
1944,ase_pt_fadfe86140af455a,LONG,CALL,0.6000
186,ase_pt_d76fb2bccf7b4907,LONG,CALL,0.6000
68,ase_pt_16386550e4ec40a8,LONG,CALL,0.6000
1847,ase_pt_5512d71f7e0c419d,LONG,CALL,0.6000
33,ase_pt_ecffd21d1e71478d,LONG,CALL,0.5800
2161,ase_pt_4a4131e4b37349c8,LONG,CALL,0.5800
723,ase_pt_d9ff3f43e29b426f,LONG,CALL,0.5800
1363,ase_pt_e2544b55d07e46a3,LONG,CALL,0.5800
403,ase_pt_e2ba930eaa534393,LONG,CALL,0.5800
83,ase_pt_425af45e774a4d75,LONG,CALL,0.5800
1841,ase_pt_f850c3bdc79c409b,LONG,CALL,0.5800
58,ase_pt_c07afef2857d49ed,LONG,CALL,0.5800
1043,ase_pt_08179cf977334df3,LONG,CALL,0.5800
1226,ase_pt_d98382cd2b4f4c2d,LONG,CALL,0.5500
1217,ase_pt_02d0d9913754443c,LONG,CALL,0.5500
1214,ase_pt_335da21099bf469e,LONG,CALL,0.5500
1208,ase_pt_ae12830c35754db8,LONG,CALL,0.5500
1198,ase_pt_2f51cdd5a4bc4ffd,LONG,CALL,0.5500
1825,ase_pt_7c3c312e45784293,LONG,CALL,0.5500
2130,ase_pt_3fc17c17f0ee41d0,LONG,CALL,0.5500
2145,ase_pt_ad101c6b69114db6,LONG,CALL,0.5500
577,ase_pt_aa91c2601a534cca,LONG,CALL,0.5500
1810,ase_pt_11a533f7ddb84c21,LONG,CALL,0.5500
707,ase_pt_9ae3a43abb114bb3,LONG,CALL,0.5500
60,ase_pt_35fc776144e54a4b,LONG,CALL,0.5500
35,ase_pt_99857ff17e444244,LONG,CALL,0.5500
558,ase_pt_873a7401af7c499b,LONG,CALL,0.5500
266,ase_pt_071adb86c61641aa,LONG,CALL,0.5500
1676,ase_pt_23883886b1684ced,LONG,CALL,0.5500
1772,ase_pt_9e412b9c46f64e91,LONG,CALL,0.5500
1027,ase_pt_16cf6d806ea34cdc,LONG,CALL,0.5500
1012,ase_pt_f352a5bb0a3845c7,LONG,CALL,0.5500
974,ase_pt_2b1cb0acde8a4d2a,LONG,CALL,0.5500
915,ase_pt_c45fec7c13434445,LONG,CALL,0.5500
692,ase_pt_96c335fbcd3f4c4f,LONG,CALL,0.5500
906,ase_pt_e7742d0825944040,LONG,CALL,0.5500
654,ase_pt_cab5b30e65814c46,LONG,CALL,0.5500
2024,ase_pt_7306e190b47841d5,LONG,CALL,0.5500
257,ase_pt_5bab2972c84849cd,LONG,CALL,0.5500
275,ase_pt_48205beec76749a1,LONG,CALL,0.5500
1686,ase_pt_48c41c48d3a14ba2,LONG,CALL,0.5500
1692,ase_pt_0b933a575f704d7e,LONG,CALL,0.5500
1347,ase_pt_687d43cfbe23447f,LONG,CALL,0.5500
1332,ase_pt_5ad3da4131714e30,LONG,CALL,0.5500
1294,ase_pt_5df56406e676421f,LONG,CALL,0.5500
1235,ase_pt_bf3cd83403654aef,LONG,CALL,0.5500
1996,ase_pt_63310aeadd5649cd,LONG,CALL,0.5500
1695,ase_pt_ddaaad97b7254e99,LONG,CALL,0.5500
2033,ase_pt_3632906f3796405f,LONG,CALL,0.5500
586,ase_pt_0dc88f03b7564659,LONG,CALL,0.5500
254,ase_pt_713448510d67452d,LONG,CALL,0.5500
574,ase_pt_aeb5d4d092ea48cc,LONG,CALL,0.5500
248,ase_pt_61db83e800514e09,LONG,CALL,0.5500
2092,ase_pt_ba89af7af8ba4e0a,LONG,CALL,0.5500
85,ase_pt_f81f75f7f93c45bd,LONG,CALL,0.5500
595,ase_pt_3f0dc8b2a4fd4917,LONG,CALL,0.5500
897,ase_pt_63167d95b92d46a9,LONG,CALL,0.5500
894,ase_pt_c7352c9de31649d5,LONG,CALL,0.5500
888,ase_pt_bb138449b1884e36,LONG,CALL,0.5500
878,ase_pt_83d56a0a0f0f40a3,LONG,CALL,0.5500
1713,ase_pt_69d1459f2919466e,LONG,CALL,0.5500
2015,ase_pt_2d62d52019a541bb,LONG,CALL,0.5500
2012,ase_pt_9179e74a98ee4988,LONG,CALL,0.5500
2006,ase_pt_138b12dca04a4839,LONG,CALL,0.5500
1704,ase_pt_19fd1a1afed14598,LONG,CALL,0.5500
334,ase_pt_e2c2f6a10bdb4b99,LONG,CALL,0.5500
238,ase_pt_2fc2f3bd813c4201,LONG,CALL,0.5500
568,ase_pt_56d2d5d48d5b4236,LONG,CALL,0.5500
1540,ase_pt_3e1833f415fd414f,LONG,CALL,0.5500
372,ase_pt_93a3a93c4f9f4e12,LONG,CALL,0.5500
1537,ase_pt_78d7474730e741f4,LONG,CALL,0.5500
387,ase_pt_02fefa8de1fa4313,LONG,CALL,0.5500
1531,ase_pt_873fee4ef10f4d1e,LONG,CALL,0.5500
1521,ase_pt_713d53f998734c95,LONG,CALL,0.5500
903,ase_pt_03849d666efe4824,LONG,CALL,0.5200
2021,ase_pt_61d345b280ce4300,LONG,CALL,0.5200
1223,ase_pt_e56739d70d014172,LONG,CALL,0.5200
91,ase_pt_0b70f91107a2450c,LONG,CALL,0.5200
1701,ase_pt_758e90c2983f47df,LONG,CALL,0.5200
263,ase_pt_b592a8277a61404c,LONG,CALL,0.5200
66,ase_pt_117a109ec5dd4070,LONG,CALL,0.5200
41,ase_pt_556516fdaa6346da,LONG,CALL,0.5200
583,ase_pt_df79891422ec4bf6,LONG,CALL,0.5200
565,ase_pt_d416f4b7532c415c,SHORT,CALL,0.5000
40,ase_pt_556516fdaa6346da,SHORT,CALL,0.5000
45,ase_pt_dc09b5d14ef44603,SHORT,CALL,0.5000
51,ase_pt_f417c1e1b7594d6f,LONG,CALL,0.5000
53,ase_pt_fe5c39faa9ff45bb,SHORT,CALL,0.5000
65,ase_pt_117a109ec5dd4070,SHORT,CALL,0.5000
70,ase_pt_bf1cf12068b3467c,SHORT,CALL,0.5000
76,ase_pt_c9285bac7ab4456a,LONG,CALL,0.5000
78,ase_pt_f03d8213adaf4693,SHORT,CALL,0.5000
90,ase_pt_0b70f91107a2450c,SHORT,CALL,0.5000
95,ase_pt_bacc84d4772d447c,SHORT,CALL,0.5000
101,ase_pt_413ea62f4d2f4494,LONG,CALL,0.5000
103,ase_pt_441256588f4a4d41,SHORT,CALL,0.5000
118,ase_pt_ab7790faa1c546cf,LONG,CALL,0.5000
121,ase_pt_90aebf88d50e4c5e,SHORT,CALL,0.5000
128,ase_pt_8fc139721c9c4d94,LONG,CALL,0.5000
130,ase_pt_3c7ddbca75b940eb,LONG,CALL,0.5000
136,ase_pt_549092c247454f84,LONG,CALL,0.5000
158,ase_pt_b31a4d1261f343e9,LONG,CALL,0.5000
166,ase_pt_99cb0be7029b4a82,SHORT,CALL,0.5000
167,ase_pt_99cb0be7029b4a82,LONG,CALL,0.5000
178,ase_pt_348d05419ab448e7,SHORT,CALL,0.5000
179,ase_pt_348d05419ab448e7,LONG,CALL,0.5000
180,ase_pt_583071390312407f,SHORT,CALL,0.5000
181,ase_pt_583071390312407f,LONG,CALL,0.5000
184,ase_pt_e11d456d41a84455,LONG,CALL,0.5000
190,ase_pt_25965cdfc2b84bb7,LONG,CALL,0.5000
192,ase_pt_468a12d81bfa4bbe,SHORT,CALL,0.5000
202,ase_pt_e24cb20825964481,LONG,CALL,0.5000
204,ase_pt_0696a7501e5a4b86,LONG,CALL,0.5000
208,ase_pt_28ea289d06244a2c,LONG,CALL,0.5000
209,ase_pt_28ea289d06244a2c,SHORT,CALL,0.5000
214,ase_pt_00a319c736ae4b1d,LONG,CALL,0.5000
218,ase_pt_61163c0323cd45fc,LONG,CALL,0.5000
220,ase_pt_7a7c2d1c8e31410e,LONG,CALL,0.5000
222,ase_pt_bce325b6dbd949b5,SHORT,CALL,0.5000
226,ase_pt_57079b3931a14d23,LONG,CALL,0.5000
230,ase_pt_b2ca50de093b4563,SHORT,CALL,0.5000
231,ase_pt_b2ca50de093b4563,LONG,CALL,0.5000
239,ase_pt_2fc2f3bd813c4201,SHORT,CALL,0.5000
245,ase_pt_f7e0e8d95161439f,SHORT,CALL,0.5000
249,ase_pt_61db83e800514e09,SHORT,CALL,0.5000
255,ase_pt_713448510d67452d,SHORT,CALL,0.5000
261,ase_pt_d6e7b562298d4374,SHORT,CALL,0.5000
264,ase_pt_b592a8277a61404c,SHORT,CALL,0.5000
267,ase_pt_071adb86c61641aa,SHORT,CALL,0.5000
272,ase_pt_81d56157029f4bbc,LONG,CALL,0.5000
273,ase_pt_81d56157029f4bbc,SHORT,CALL,0.5000
274,ase_pt_81d56157029f4bbc,LONG,CALL,0.5000
276,ase_pt_48205beec76749a1,SHORT,CALL,0.5000
327,ase_pt_64cba35090f74aaf,SHORT,CALL,0.5000
330,ase_pt_e79f6d8cdfbc417d,SHORT,CALL,0.5000
345,ase_pt_a1c8e3c5b81941d4,SHORT,CALL,0.5000
349,ase_pt_fb84854ccb4f40ab,LONG,CALL,0.5000
356,ase_pt_52a1199441b842c2,LONG,CALL,0.5000
364,ase_pt_aaac37a07a91407d,LONG,CALL,0.5000
366,ase_pt_7da7c3b4e64846b4,LONG,CALL,0.5000
367,ase_pt_7da7c3b4e64846b4,SHORT,CALL,0.5000
368,ase_pt_0f937b112584409c,LONG,CALL,0.5000
373,ase_pt_93a3a93c4f9f4e12,SHORT,CALL,0.5000
379,ase_pt_57dc0fe985a24f4f,LONG,CALL,0.5000
380,ase_pt_57dc0fe985a24f4f,SHORT,CALL,0.5000
385,ase_pt_d2435f0b6b9843e7,LONG,CALL,0.5000
388,ase_pt_02fefa8de1fa4313,SHORT,CALL,0.5000
391,ase_pt_9aa23c0340c74068,SHORT,CALL,0.5000
415,ase_pt_274b14eb2f984158,SHORT,CALL,0.5000
438,ase_pt_bc60609866cf4c0f,LONG,CALL,0.5000
441,ase_pt_161362eb9c554659,SHORT,CALL,0.5000
448,ase_pt_b0a34de8bfd04d85,LONG,CALL,0.5000
450,ase_pt_d364f8772e634ea2,LONG,CALL,0.5000
456,ase_pt_c83827516c75413d,LONG,CALL,0.5000
478,ase_pt_e182672b33fc4791,LONG,CALL,0.5000
486,ase_pt_9e5cf737f8e74fa3,SHORT,CALL,0.5000
487,ase_pt_9e5cf737f8e74fa3,LONG,CALL,0.5000
498,ase_pt_56e7f9a96a7e4464,SHORT,CALL,0.5000
499,ase_pt_56e7f9a96a7e4464,LONG,CALL,0.5000
500,ase_pt_f67e84675c5249a6,SHORT,CALL,0.5000
501,ase_pt_f67e84675c5249a6,LONG,CALL,0.5000
504,ase_pt_68e54ed88e4d421b,LONG,CALL,0.5000
510,ase_pt_e4b1d239379943ff,LONG,CALL,0.5000
512,ase_pt_fada956def4e448a,SHORT,CALL,0.5000
522,ase_pt_e97315119a354c76,LONG,CALL,0.5000
524,ase_pt_c36ecfd5501c47a4,LONG,CALL,0.5000
528,ase_pt_e44634809c5544e3,LONG,CALL,0.5000
529,ase_pt_e44634809c5544e3,SHORT,CALL,0.5000
534,ase_pt_ea5c2ec694ed460f,LONG,CALL,0.5000
538,ase_pt_ac4b9034cd964425,LONG,CALL,0.5000
540,ase_pt_b8bb8ab33f7c4861,LONG,CALL,0.5000
542,ase_pt_fd8f510a65cb426a,SHORT,CALL,0.5000
546,ase_pt_8fdcc3627c754690,LONG,CALL,0.5000
550,ase_pt_390ae52392654d73,SHORT,CALL,0.5000
551,ase_pt_390ae52392654d73,LONG,CALL,0.5000
559,ase_pt_873a7401af7c499b,SHORT,CALL,0.5000
569,ase_pt_56d2d5d48d5b4236,SHORT,CALL,0.5000
575,ase_pt_aeb5d4d092ea48cc,SHORT,CALL,0.5000
581,ase_pt_795a4febeaa54a0d,SHORT,CALL,0.5000
584,ase_pt_df79891422ec4bf6,SHORT,CALL,0.5000
587,ase_pt_0dc88f03b7564659,SHORT,CALL,0.5000
592,ase_pt_946b75d084744dd5,LONG,CALL,0.5000
593,ase_pt_946b75d084744dd5,SHORT,CALL,0.5000
594,ase_pt_946b75d084744dd5,LONG,CALL,0.5000
596,ase_pt_3f0dc8b2a4fd4917,SHORT,CALL,0.5000
647,ase_pt_df0a266b5a764677,SHORT,CALL,0.5000
650,ase_pt_b6c5e61a736a4625,SHORT,CALL,0.5000
665,ase_pt_f22e95e154d94408,SHORT,CALL,0.5000
669,ase_pt_6238c50e54c64833,LONG,CALL,0.5000
676,ase_pt_3c868bba84d748be,LONG,CALL,0.5000
684,ase_pt_51e1bd8493af4532,LONG,CALL,0.5000
686,ase_pt_bbfe78136a6145df,LONG,CALL,0.5000
687,ase_pt_bbfe78136a6145df,SHORT,CALL,0.5000
688,ase_pt_ec5bbbcd384d43e0,LONG,CALL,0.5000
693,ase_pt_96c335fbcd3f4c4f,SHORT,CALL,0.5000
699,ase_pt_004a747141f34b53,LONG,CALL,0.5000
700,ase_pt_004a747141f34b53,SHORT,CALL,0.5000
705,ase_pt_52db46c029b748f6,LONG,CALL,0.5000
708,ase_pt_9ae3a43abb114bb3,SHORT,CALL,0.5000
711,ase_pt_3c3d96cd00fa4b9f,SHORT,CALL,0.5000
735,ase_pt_23c047592c864aa6,SHORT,CALL,0.5000
758,ase_pt_ff4857b9ca1e4f31,LONG,CALL,0.5000
761,ase_pt_07bdcfff5f604dac,SHORT,CALL,0.5000
768,ase_pt_89e9a7a206094b5d,LONG,CALL,0.5000
770,ase_pt_9221343a8ff442c1,LONG,CALL,0.5000
776,ase_pt_8b344752f60546a1,LONG,CALL,0.5000
798,ase_pt_5dc715014dd84a43,LONG,CALL,0.5000
806,ase_pt_7f4cbe9e07c348b3,SHORT,CALL,0.5000
807,ase_pt_7f4cbe9e07c348b3,LONG,CALL,0.5000
818,ase_pt_53fd94a5236f4933,SHORT,CALL,0.5000
819,ase_pt_53fd94a5236f4933,LONG,CALL,0.5000
820,ase_pt_04f4c3ecbe4a4039,SHORT,CALL,0.5000
821,ase_pt_04f4c3ecbe4a4039,LONG,CALL,0.5000
824,ase_pt_a36cd5a474524c44,LONG,CALL,0.5000
830,ase_pt_3fea564c077e49df,LONG,CALL,0.5000
832,ase_pt_751823b026db4dd0,SHORT,CALL,0.5000
842,ase_pt_0fd2fff6f13649d5,LONG,CALL,0.5000
844,ase_pt_0ec22af1f8694c35,LONG,CALL,0.5000
848,ase_pt_f524316759cb4ded,LONG,CALL,0.5000
849,ase_pt_f524316759cb4ded,SHORT,CALL,0.5000
854,ase_pt_492673dfeb9d4bb4,LONG,CALL,0.5000
858,ase_pt_bb16728c9ab74c57,LONG,CALL,0.5000
860,ase_pt_dda2c92bd3bf4532,LONG,CALL,0.5000
862,ase_pt_6380627d787b417b,SHORT,CALL,0.5000
866,ase_pt_989392eefb9541f2,LONG,CALL,0.5000
870,ase_pt_c15348efbf064e5a,SHORT,CALL,0.5000
871,ase_pt_c15348efbf064e5a,LONG,CALL,0.5000
879,ase_pt_83d56a0a0f0f40a3,SHORT,CALL,0.5000
885,ase_pt_5531bb51b3f046e0,SHORT,CALL,0.5000
889,ase_pt_bb138449b1884e36,SHORT,CALL,0.5000
895,ase_pt_c7352c9de31649d5,SHORT,CALL,0.5000
901,ase_pt_4e005621b9684abd,SHORT,CALL,0.5000
904,ase_pt_03849d666efe4824,SHORT,CALL,0.5000
907,ase_pt_e7742d0825944040,SHORT,CALL,0.5000
912,ase_pt_8dbc75e418544b88,LONG,CALL,0.5000
913,ase_pt_8dbc75e418544b88,SHORT,CALL,0.5000
914,ase_pt_8dbc75e418544b88,LONG,CALL,0.5000
916,ase_pt_c45fec7c13434445,SHORT,CALL,0.5000
967,ase_pt_630c5bfba91c45a1,SHORT,CALL,0.5000
970,ase_pt_bb4541f2bdfc46ca,SHORT,CALL,0.5000
985,ase_pt_963783dd4e834ad5,SHORT,CALL,0.5000
989,ase_pt_3f620ebb349a4df9,LONG,CALL,0.5000
996,ase_pt_dea8aa2dc202496f,LONG,CALL,0.5000
1004,ase_pt_a2df9c7deeea4407,LONG,CALL,0.5000
1006,ase_pt_c8bf85c6ede2488b,LONG,CALL,0.5000
1007,ase_pt_c8bf85c6ede2488b,SHORT,CALL,0.5000
1008,ase_pt_5e1802c0f78045cb,LONG,CALL,0.5000
1013,ase_pt_f352a5bb0a3845c7,SHORT,CALL,0.5000
1019,ase_pt_d8d2ea56d692462f,LONG,CALL,0.5000
1020,ase_pt_d8d2ea56d692462f,SHORT,CALL,0.5000
1025,ase_pt_ea93f5edcbd049a6,LONG,CALL,0.5000
1028,ase_pt_16cf6d806ea34cdc,SHORT,CALL,0.5000
1031,ase_pt_d3b5f2da35984057,SHORT,CALL,0.5000
1055,ase_pt_b217288663e64abf,SHORT,CALL,0.5000
1078,ase_pt_cf555e7bab05428c,LONG,CALL,0.5000
1081,ase_pt_341ee9bd107947a6,SHORT,CALL,0.5000
1088,ase_pt_c6a51fd7f76347fe,LONG,CALL,0.5000
1090,ase_pt_f5dd6dc35bb846d9,LONG,CALL,0.5000
1096,ase_pt_364e2c86c1d6469d,LONG,CALL,0.5000
1118,ase_pt_dcf739fea6c346c2,LONG,CALL,0.5000
1126,ase_pt_ffc319cbdcb547bd,SHORT,CALL,0.5000
1127,ase_pt_ffc319cbdcb547bd,LONG,CALL,0.5000
1138,ase_pt_3e339a7a3cdc4e44,SHORT,CALL,0.5000
1139,ase_pt_3e339a7a3cdc4e44,LONG,CALL,0.5000
1140,ase_pt_f663d57759104da1,SHORT,CALL,0.5000
1141,ase_pt_f663d57759104da1,LONG,CALL,0.5000
1144,ase_pt_14bbea05d32a4a64,LONG,CALL,0.5000
1150,ase_pt_7321ce7d9a704a8b,LONG,CALL,0.5000
1152,ase_pt_5e8f0d60fbd54fb2,SHORT,CALL,0.5000
1162,ase_pt_0f75b5e82d514193,LONG,CALL,0.5000
1164,ase_pt_937155f971934804,LONG,CALL,0.5000
1168,ase_pt_532c902bfb4748ee,LONG,CALL,0.5000
1169,ase_pt_532c902bfb4748ee,SHORT,CALL,0.5000
1174,ase_pt_c62db28384754bcc,LONG,CALL,0.5000
1178,ase_pt_a46af2f3109f4baf,LONG,CALL,0.5000
1180,ase_pt_4b4633b31af942dc,LONG,CALL,0.5000
1182,ase_pt_2b871389c3f94b23,SHORT,CALL,0.5000
1186,ase_pt_256ccb2dec9a44b2,LONG,CALL,0.5000
1190,ase_pt_90fdbdd9ef814faa,SHORT,CALL,0.5000
1191,ase_pt_90fdbdd9ef814faa,LONG,CALL,0.5000
1199,ase_pt_2f51cdd5a4bc4ffd,SHORT,CALL,0.5000
1205,ase_pt_7c3ef7e616e149da,SHORT,CALL,0.5000
1209,ase_pt_ae12830c35754db8,SHORT,CALL,0.5000
1215,ase_pt_335da21099bf469e,SHORT,CALL,0.5000
1221,ase_pt_c6e58215b6bc4846,SHORT,CALL,0.5000
1224,ase_pt_e56739d70d014172,SHORT,CALL,0.5000
1227,ase_pt_d98382cd2b4f4c2d,SHORT,CALL,0.5000
1232,ase_pt_559d9e7244b542ea,LONG,CALL,0.5000
1233,ase_pt_559d9e7244b542ea,SHORT,CALL,0.5000
1234,ase_pt_559d9e7244b542ea,LONG,CALL,0.5000
1236,ase_pt_bf3cd83403654aef,SHORT,CALL,0.5000
1287,ase_pt_00ab5dd704f449f7,SHORT,CALL,0.5000
1290,ase_pt_fff14c0d833a43a4,SHORT,CALL,0.5000
1305,ase_pt_5208c296a9d047a4,SHORT,CALL,0.5000
1309,ase_pt_c90f2d4483524cf3,LONG,CALL,0.5000
1316,ase_pt_8d272733b82b486a,LONG,CALL,0.5000
1324,ase_pt_feffd623b601459d,LONG,CALL,0.5000
1326,ase_pt_d339d8eab1824973,LONG,CALL,0.5000
1327,ase_pt_d339d8eab1824973,SHORT,CALL,0.5000
1328,ase_pt_cfeb044893794459,LONG,CALL,0.5000
1333,ase_pt_5ad3da4131714e30,SHORT,CALL,0.5000
1339,ase_pt_420f5395718a4e36,LONG,CALL,0.5000
1340,ase_pt_420f5395718a4e36,SHORT,CALL,0.5000
1345,ase_pt_d6ed352fe4334e51,LONG,CALL,0.5000
1348,ase_pt_687d43cfbe23447f,SHORT,CALL,0.5000
1351,ase_pt_1dfa879e84f34a36,SHORT,CALL,0.5000
1375,ase_pt_eb98d0776e8e4c2b,SHORT,CALL,0.5000
1401,ase_pt_7179b9b59f2946e7,LONG,CALL,0.5000
1404,ase_pt_5838a244a64d48a7,SHORT,CALL,0.5000
1411,ase_pt_e549a8e66b504915,LONG,CALL,0.5000
1413,ase_pt_5b867797cbbb4df8,LONG,CALL,0.5000
1419,ase_pt_b0cb97a05fe0422f,LONG,CALL,0.5000
1441,ase_pt_b561dca737e64954,LONG,CALL,0.5000
1449,ase_pt_3e3127f519aa4b36,SHORT,CALL,0.5000
1450,ase_pt_3e3127f519aa4b36,LONG,CALL,0.5000
1461,ase_pt_6474cf69996b4496,SHORT,CALL,0.5000
1462,ase_pt_6474cf69996b4496,LONG,CALL,0.5000
1463,ase_pt_25308f99b8a44dab,SHORT,CALL,0.5000
1464,ase_pt_25308f99b8a44dab,LONG,CALL,0.5000
1467,ase_pt_af7b9105f1b44a39,LONG,CALL,0.5000
1473,ase_pt_ddcc6f854e4843f4,LONG,CALL,0.5000
1475,ase_pt_476a12c189d04554,SHORT,CALL,0.5000
1485,ase_pt_771678d014254c74,LONG,CALL,0.5000
1487,ase_pt_27770dc5a81e4e91,LONG,CALL,0.5000
1491,ase_pt_23ef28daf9cb47a1,LONG,CALL,0.5000
1492,ase_pt_23ef28daf9cb47a1,SHORT,CALL,0.5000
1497,ase_pt_6c50347440d247b4,LONG,CALL,0.5000
1501,ase_pt_c1b18ab884d94247,LONG,CALL,0.5000
1503,ase_pt_03e63508f3af489f,LONG,CALL,0.5000
1505,ase_pt_57db029c27af45e3,SHORT,CALL,0.5000
1509,ase_pt_32186d8d86644d8a,LONG,CALL,0.5000
1513,ase_pt_8cea473fdd8847ee,SHORT,CALL,0.5000
1514,ase_pt_8cea473fdd8847ee,LONG,CALL,0.5000
1522,ase_pt_713d53f998734c95,SHORT,CALL,0.5000
1528,ase_pt_eae220cc91eb49ee,SHORT,CALL,0.5000
1532,ase_pt_873fee4ef10f4d1e,SHORT,CALL,0.5000
1538,ase_pt_78d7474730e741f4,SHORT,CALL,0.5000
1544,ase_pt_d44e9670399c408a,SHORT,CALL,0.5000
1556,ase_pt_e66149ee488d4111,LONG,CALL,0.5000
1559,ase_pt_5a6ff0d6be8e48cc,SHORT,CALL,0.5000
1566,ase_pt_4c06105a01794947,LONG,CALL,0.5000
1568,ase_pt_d6f552806c264371,LONG,CALL,0.5000
1574,ase_pt_f0718fd916934cfe,LONG,CALL,0.5000
1596,ase_pt_1a312a5f3dae490c,LONG,CALL,0.5000
1604,ase_pt_eaf300904a6b46b0,SHORT,CALL,0.5000
1605,ase_pt_eaf300904a6b46b0,LONG,CALL,0.5000
1616,ase_pt_e94e06bd9ba64a13,SHORT,CALL,0.5000
1617,ase_pt_e94e06bd9ba64a13,LONG,CALL,0.5000
1618,ase_pt_9f6f3232705d4af8,SHORT,CALL,0.5000
1619,ase_pt_9f6f3232705d4af8,LONG,CALL,0.5000
1622,ase_pt_12552ba816c647a6,LONG,CALL,0.5000
1628,ase_pt_9c780403c45a475f,LONG,CALL,0.5000
1630,ase_pt_95154129d2f04501,SHORT,CALL,0.5000
1640,ase_pt_abd22434ae404043,LONG,CALL,0.5000
1642,ase_pt_071dfaed07c840a7,LONG,CALL,0.5000
1646,ase_pt_ad40ee17f4b24319,LONG,CALL,0.5000
1647,ase_pt_ad40ee17f4b24319,SHORT,CALL,0.5000
1652,ase_pt_a177f80b7b324348,LONG,CALL,0.5000
1656,ase_pt_0dc66601fbd449ff,LONG,CALL,0.5000
1658,ase_pt_693ad4c178f244e6,LONG,CALL,0.5000
1660,ase_pt_9ad847fa6c644d6e,SHORT,CALL,0.5000
1664,ase_pt_9304bdbefbc643c7,LONG,CALL,0.5000
1668,ase_pt_4bc71f3c83f84bc1,SHORT,CALL,0.5000
1669,ase_pt_4bc71f3c83f84bc1,LONG,CALL,0.5000
1677,ase_pt_23883886b1684ced,SHORT,CALL,0.5000
1683,ase_pt_75bb9bbffddc42a9,SHORT,CALL,0.5000
1687,ase_pt_48c41c48d3a14ba2,SHORT,CALL,0.5000
1693,ase_pt_0b933a575f704d7e,SHORT,CALL,0.5000
1699,ase_pt_857897d4d0ff4f19,SHORT,CALL,0.5000
1702,ase_pt_758e90c2983f47df,SHORT,CALL,0.5000
1705,ase_pt_19fd1a1afed14598,SHORT,CALL,0.5000
1710,ase_pt_a1d17b4de5fb4ab9,LONG,CALL,0.5000
1711,ase_pt_a1d17b4de5fb4ab9,SHORT,CALL,0.5000
1712,ase_pt_a1d17b4de5fb4ab9,LONG,CALL,0.5000
1714,ase_pt_69d1459f2919466e,SHORT,CALL,0.5000
1765,ase_pt_856dbff788e84c4c,SHORT,CALL,0.5000
1768,ase_pt_a14c917b2b5f4bac,SHORT,CALL,0.5000
1783,ase_pt_471b2b947e7240f9,SHORT,CALL,0.5000
1787,ase_pt_efb8edaa521b47e8,LONG,CALL,0.5000
1794,ase_pt_102122e7c9aa4c81,LONG,CALL,0.5000
1802,ase_pt_c5fdce8b34414e05,LONG,CALL,0.5000
1804,ase_pt_afb8e8c13d074159,LONG,CALL,0.5000
1805,ase_pt_afb8e8c13d074159,SHORT,CALL,0.5000
1806,ase_pt_1bc8f735bf054b14,LONG,CALL,0.5000
1811,ase_pt_11a533f7ddb84c21,SHORT,CALL,0.5000
1817,ase_pt_87f340e043e5485d,LONG,CALL,0.5000
1818,ase_pt_87f340e043e5485d,SHORT,CALL,0.5000
1823,ase_pt_f1c574b9890e4d08,LONG,CALL,0.5000
1826,ase_pt_7c3c312e45784293,SHORT,CALL,0.5000
1829,ase_pt_8866dcbf077e4891,SHORT,CALL,0.5000
1853,ase_pt_9193accc15f84997,SHORT,CALL,0.5000
1876,ase_pt_c10d6a979ce8484c,LONG,CALL,0.5000
1879,ase_pt_8dc0c46744d64953,SHORT,CALL,0.5000
1886,ase_pt_40a66873201c42c8,LONG,CALL,0.5000
1888,ase_pt_6cbd35962d814902,LONG,CALL,0.5000
1894,ase_pt_952d56fbc7614422,LONG,CALL,0.5000
1916,ase_pt_c319fad03c394a4c,LONG,CALL,0.5000
1924,ase_pt_8ed093812bf24ba3,SHORT,CALL,0.5000
1925,ase_pt_8ed093812bf24ba3,LONG,CALL,0.5000
1936,ase_pt_192d57c47a354464,SHORT,CALL,0.5000
1937,ase_pt_192d57c47a354464,LONG,CALL,0.5000
1938,ase_pt_0ba8a78cd5cc44df,SHORT,CALL,0.5000
1939,ase_pt_0ba8a78cd5cc44df,LONG,CALL,0.5000
1942,ase_pt_5d0d01f3280c46b1,LONG,CALL,0.5000
1948,ase_pt_cf1c0cd326094aec,LONG,CALL,0.5000
1950,ase_pt_b02668e8ecc4498d,SHORT,CALL,0.5000
1960,ase_pt_7f0e2dbd0444465a,LONG,CALL,0.5000
1962,ase_pt_24be3ac5a5824fcf,LONG,CALL,0.5000
1966,ase_pt_e027cb165fd34219,LONG,CALL,0.5000
1967,ase_pt_e027cb165fd34219,SHORT,CALL,0.5000
1972,ase_pt_cecf9ac515e84f97,LONG,CALL,0.5000
1976,ase_pt_47b045d3637a422d,LONG,CALL,0.5000
1978,ase_pt_f718bcf91c2f4cf6,LONG,CALL,0.5000
1980,ase_pt_cc391a931e4f47f4,SHORT,CALL,0.5000
1984,ase_pt_77eb0b5360724f38,LONG,CALL,0.5000
1988,ase_pt_6aca195c5bfb4fb8,SHORT,CALL,0.5000
1989,ase_pt_6aca195c5bfb4fb8,LONG,CALL,0.5000
1997,ase_pt_63310aeadd5649cd,SHORT,CALL,0.5000
2003,ase_pt_e9774f4255124adc,SHORT,CALL,0.5000
2007,ase_pt_138b12dca04a4839,SHORT,CALL,0.5000
2013,ase_pt_9179e74a98ee4988,SHORT,CALL,0.5000
2019,ase_pt_80b5cd91d5bc4242,SHORT,CALL,0.5000
2022,ase_pt_61d345b280ce4300,SHORT,CALL,0.5000
2025,ase_pt_7306e190b47841d5,SHORT,CALL,0.5000
2030,ase_pt_00aa4dfd26224440,LONG,CALL,0.5000
2031,ase_pt_00aa4dfd26224440,SHORT,CALL,0.5000
2032,ase_pt_00aa4dfd26224440,LONG,CALL,0.5000
2034,ase_pt_3632906f3796405f,SHORT,CALL,0.5000
2085,ase_pt_b5a80c476a354e47,SHORT,CALL,0.5000
2088,ase_pt_b82b26af17754238,SHORT,CALL,0.5000
2103,ase_pt_b18fa90299b1435f,SHORT,CALL,0.5000
2107,ase_pt_afbccbf809824372,LONG,CALL,0.5000
2114,ase_pt_13f1551ef56f423a,LONG,CALL,0.5000
2122,ase_pt_01bff1e9f1a94d9b,LONG,CALL,0.5000
2124,ase_pt_deec57d13d8148c3,LONG,CALL,0.5000
2125,ase_pt_deec57d13d8148c3,SHORT,CALL,0.5000
2126,ase_pt_323b41a676d94132,LONG,CALL,0.5000
2131,ase_pt_3fc17c17f0ee41d0,SHORT,CALL,0.5000
2137,ase_pt_ba237dbdad944b8b,LONG,CALL,0.5000
2138,ase_pt_ba237dbdad944b8b,SHORT,CALL,0.5000
2143,ase_pt_e68147c53ad64379,LONG,CALL,0.5000
2146,ase_pt_ad101c6b69114db6,SHORT,CALL,0.5000
2149,ase_pt_b816b72e7a2f46dc,SHORT,CALL,0.5000
2173,ase_pt_9bb6a291e8394a63,SHORT,CALL,0.5000
1225,ase_pt_e56739d70d014172,LONG,CALL,0.4800
585,ase_pt_df79891422ec4bf6,LONG,CALL,0.4800
2023,ase_pt_61d345b280ce4300,LONG,CALL,0.4800
265,ase_pt_b592a8277a61404c,LONG,CALL,0.4800
905,ase_pt_03849d666efe4824,LONG,CALL,0.4800
1703,ase_pt_758e90c2983f47df,LONG,CALL,0.4800
578,ase_pt_aa91c2601a534cca,SHORT,CALL,0.4500
2026,ase_pt_7306e190b47841d5,LONG,CALL,0.4500
1370,ase_pt_43b493247bb548cc,SHORT,CALL,0.4500
1050,ase_pt_0c9b4327f85a4179,SHORT,CALL,0.4500
426,ase_pt_e4fbd56c2fba44d5,SHORT,CALL,0.4500
2184,ase_pt_3f2458b9297a4ad0,SHORT,CALL,0.4500
268,ase_pt_071adb86c61641aa,LONG,CALL,0.4500
588,ase_pt_0dc88f03b7564659,LONG,CALL,0.4500
389,ase_pt_02fefa8de1fa4313,LONG,CALL,0.4500
1523,ase_pt_713d53f998734c95,LONG,CALL,0.4500
1228,ase_pt_d98382cd2b4f4c2d,LONG,CALL,0.4500
1706,ase_pt_19fd1a1afed14598,LONG,CALL,0.4500
2168,ase_pt_0dd30d7452624163,SHORT,CALL,0.4500
2016,ase_pt_2d62d52019a541bb,SHORT,CALL,0.4500
1029,ase_pt_16cf6d806ea34cdc,LONG,CALL,0.4500
709,ase_pt_9ae3a43abb114bb3,LONG,CALL,0.4500
1386,ase_pt_e2570da6158e4bf8,SHORT,CALL,0.4500
1827,ase_pt_7c3c312e45784293,LONG,CALL,0.4500
1998,ase_pt_63310aeadd5649cd,LONG,CALL,0.4500
2147,ase_pt_ad101c6b69114db6,LONG,CALL,0.4500
240,ase_pt_2fc2f3bd813c4201,LONG,CALL,0.4500
1864,ase_pt_0910e43b7e134256,SHORT,CALL,0.4500
730,ase_pt_e99a1c0bac7a44b8,SHORT,CALL,0.4500
1066,ase_pt_eacf187fc03e42a8,SHORT,CALL,0.4500
560,ase_pt_873a7401af7c499b,LONG,CALL,0.4500
258,ase_pt_5bab2972c84849cd,SHORT,CALL,0.4500
1696,ase_pt_ddaaad97b7254e99,SHORT,CALL,0.4500
880,ase_pt_83d56a0a0f0f40a3,LONG,CALL,0.4500
1678,ase_pt_23883886b1684ced,LONG,CALL,0.4500
1848,ase_pt_5512d71f7e0c419d,SHORT,CALL,0.4500
1541,ase_pt_3e1833f415fd414f,SHORT,CALL,0.4500
1218,ase_pt_02d0d9913754443c,SHORT,CALL,0.4500
746,ase_pt_5a58675379e94007,SHORT,CALL,0.4500
908,ase_pt_e7742d0825944040,LONG,CALL,0.4500
898,ase_pt_63167d95b92d46a9,SHORT,CALL,0.4500
1200,ase_pt_2f51cdd5a4bc4ffd,LONG,CALL,0.4500
410,ase_pt_bbd9a12dae4b4160,SHORT,CALL,0.4500
1349,ase_pt_687d43cfbe23447f,LONG,CALL,0.4500
2169,ase_pt_0dd30d7452624163,LONG,CALL,0.4200
1371,ase_pt_43b493247bb548cc,LONG,CALL,0.4200
411,ase_pt_bbd9a12dae4b4160,LONG,CALL,0.4200
1051,ase_pt_0c9b4327f85a4179,LONG,CALL,0.4200
731,ase_pt_e99a1c0bac7a44b8,LONG,CALL,0.4200
1849,ase_pt_5512d71f7e0c419d,LONG,CALL,0.4200
374,ase_pt_93a3a93c4f9f4e12,LONG,CALL,0.4000
1746,ase_pt_937913978a7345bf,SHORT,CALL,0.4000
1089,ase_pt_c6a51fd7f76347fe,SHORT,CALL,0.4000
948,ase_pt_1ec92c1858a942b5,SHORT,CALL,0.4000
1641,ase_pt_abd22434ae404043,SHORT,CALL,0.4000
1949,ase_pt_cf1c0cd326094aec,SHORT,CALL,0.4000
308,ase_pt_5b48b5fc0a3f40de,SHORT,CALL,0.4000
1412,ase_pt_e549a8e66b504915,SHORT,CALL,0.4000
576,ase_pt_aeb5d4d092ea48cc,LONG,CALL,0.4000
1629,ase_pt_9c780403c45a475f,SHORT,CALL,0.4000
1539,ase_pt_78d7474730e741f4,LONG,CALL,0.4000
428,ase_pt_b4fa0790417d42e0,LONG,CALL,0.4000
1268,ase_pt_70ff8734f7804dad,SHORT,CALL,0.4000
2014,ase_pt_9179e74a98ee4988,LONG,CALL,0.4000
108,ase_pt_31a61421b62646dc,LONG,CALL,0.4000
831,ase_pt_3fea564c077e49df,SHORT,CALL,0.4000
1163,ase_pt_0f75b5e82d514193,SHORT,CALL,0.4000
1546,ase_pt_f033ed36fcef4965,LONG,CALL,0.4000
843,ase_pt_0fd2fff6f13649d5,SHORT,CALL,0.4000
277,ase_pt_48205beec76749a1,LONG,CALL,0.4000
1961,ase_pt_7f0e2dbd0444465a,SHORT,CALL,0.4000
1715,ase_pt_69d1459f2919466e,LONG,CALL,0.4000
1812,ase_pt_11a533f7ddb84c21,LONG,CALL,0.4000
256,ase_pt_713448510d67452d,LONG,CALL,0.4000
1151,ase_pt_7321ce7d9a704a8b,SHORT,CALL,0.4000
1866,ase_pt_d65d6f9ae7c349d2,LONG,CALL,0.4000
1362,ase_pt_02879b05ff214e47,LONG,CALL,0.4000
2132,ase_pt_3fc17c17f0ee41d0,LONG,CALL,0.4000
917,ase_pt_c45fec7c13434445,LONG,CALL,0.4000
2160,ase_pt_4d4e18373bcb40ef,LONG,CALL,0.4000
1840,ase_pt_085f5f6f88514de6,LONG,CALL,0.4000
1567,ase_pt_4c06105a01794947,SHORT,CALL,0.4000
694,ase_pt_96c335fbcd3f4c4f,LONG,CALL,0.4000
896,ase_pt_c7352c9de31649d5,LONG,CALL,0.4000
1694,ase_pt_0b933a575f704d7e,LONG,CALL,0.4000
1042,ase_pt_eb69c5f8d45a4cea,LONG,CALL,0.4000
1388,ase_pt_a81f2a870e1640c5,LONG,CALL,0.4000
628,ase_pt_0e9c0584c7a24633,SHORT,CALL,0.4000
523,ase_pt_e97315119a354c76,SHORT,CALL,0.4000
402,ase_pt_4d0273c3681a4f01,LONG,CALL,0.4000
1237,ase_pt_bf3cd83403654aef,LONG,CALL,0.4000
1014,ase_pt_f352a5bb0a3845c7,LONG,CALL,0.4000
203,ase_pt_e24cb20825964481,SHORT,CALL,0.4000
1391,ase_pt_9ac53dd86a4a49db,LONG,CALL,0.4000
1334,ase_pt_5ad3da4131714e30,LONG,CALL,0.4000
722,ase_pt_0e212e6ad17744d0,LONG,CALL,0.4000
2035,ase_pt_3632906f3796405f,LONG,CALL,0.4000
597,ase_pt_3f0dc8b2a4fd4917,LONG,CALL,0.4000
1887,ase_pt_40a66873201c42c8,SHORT,CALL,0.4000
1068,ase_pt_6d5376710e84479f,LONG,CALL,0.4000
129,ase_pt_8fc139721c9c4d94,SHORT,CALL,0.4000
1216,ase_pt_335da21099bf469e,LONG,CALL,0.4000
1474,ase_pt_ddcc6f854e4843f4,SHORT,CALL,0.4000
748,ase_pt_374d35422d344aa3,LONG,CALL,0.4000
449,ase_pt_b0a34de8bfd04d85,SHORT,CALL,0.4000
191,ase_pt_25965cdfc2b84bb7,SHORT,CALL,0.4000
511,ase_pt_e4b1d239379943ff,SHORT,CALL,0.4000
769,ase_pt_89e9a7a206094b5d,SHORT,CALL,0.4000
1486,ase_pt_771678d014254c74,SHORT,CALL,0.4000
2066,ase_pt_a41cbde2d94b40f5,SHORT,CALL,0.4000
2174,ase_pt_9bb6a291e8394a63,LONG,CALL,0.3800
2162,ase_pt_4a4131e4b37349c8,SHORT,CALL,0.3800
1364,ase_pt_e2544b55d07e46a3,SHORT,CALL,0.3800
1376,ase_pt_eb98d0776e8e4c2b,LONG,CALL,0.3800
30,ase_pt_6083b99595c94b37,SHORT,CALL,0.3800
1854,ase_pt_9193accc15f84997,LONG,CALL,0.3800
1044,ase_pt_08179cf977334df3,SHORT,CALL,0.3800
736,ase_pt_23c047592c864aa6,LONG,CALL,0.3800
404,ase_pt_e2ba930eaa534393,SHORT,CALL,0.3800
28,ase_pt_426097d373aa4fbd,SHORT,CALL,0.3800
42,ase_pt_50cee139dd5f4d1b,SHORT,CALL,0.3800
724,ase_pt_d9ff3f43e29b426f,SHORT,CALL,0.3800
67,ase_pt_16386550e4ec40a8,SHORT,CALL,0.3800
416,ase_pt_274b14eb2f984158,LONG,CALL,0.3800
92,ase_pt_14f3d29356e1406e,SHORT,CALL,0.3800
1842,ase_pt_f850c3bdc79c409b,SHORT,CALL,0.3800
1056,ase_pt_b217288663e64abf,LONG,CALL,0.3800
32,ase_pt_3bda863231e14809,SHORT,CALL,0.3800
1688,ase_pt_48c41c48d3a14ba2,LONG,CALL,0.3500
1632,ase_pt_9d28f94eaeaf4126,LONG,CALL,0.3500
1244,ase_pt_cc496e3791394bdd,SHORT,CALL,0.3500
804,ase_pt_29707c7594b24de3,SHORT,CALL,0.3500
484,ase_pt_977ced069bc5425b,SHORT,CALL,0.3500
1666,ase_pt_9304bdbefbc643c7,SHORT,CALL,0.3500
582,ase_pt_795a4febeaa54a0d,LONG,CALL,0.3500
1084,ase_pt_774ec411f0664b5e,SHORT,CALL,0.3500
548,ase_pt_8fdcc3627c754690,SHORT,CALL,0.3500
1738,ase_pt_8f40bc8450a040f2,SHORT,CALL,0.3500
122,ase_pt_81d385620a0340d0,LONG,CALL,0.3500
1882,ase_pt_7973611a7c8d4405,SHORT,CALL,0.3500
453,ase_pt_9d1f3d6be1de42e7,SHORT,CALL,0.3500
442,ase_pt_cbd5bf81793446d7,LONG,CALL,0.3500
2042,ase_pt_b0eeb4319ad54360,SHORT,CALL,0.3500
2058,ase_pt_f0cf4e295eb34ac4,SHORT,CALL,0.3500
1093,ase_pt_a1fcb5049d0f413b,SHORT,CALL,0.3500
1477,ase_pt_d1c575613d644f6d,LONG,CALL,0.3500
1880,ase_pt_e27c631c24c34820,LONG,CALL,0.3500
1222,ase_pt_c6e58215b6bc4846,LONG,CALL,0.3500
444,ase_pt_e8d8f110ca2e46ea,SHORT,CALL,0.3500
1700,ase_pt_857897d4d0ff4f19,LONG,CALL,0.3500
1188,ase_pt_256ccb2dec9a44b2,SHORT,CALL,0.3500
762,ase_pt_9c6a842c94f74f0c,LONG,CALL,0.3500
1295,ase_pt_5df56406e676421f,SHORT,CALL,0.3500
1511,ase_pt_32186d8d86644d8a,SHORT,CALL,0.3500
655,ase_pt_cab5b30e65814c46,SHORT,CALL,0.3500
514,ase_pt_db747bae239b4a97,LONG,CALL,0.3500
764,ase_pt_a0f182a9ba75429b,SHORT,CALL,0.3500
335,ase_pt_e2c2f6a10bdb4b99,SHORT,CALL,0.3500
604,ase_pt_bb9a1f6f28054353,SHORT,CALL,0.3500
1154,ase_pt_3ba61bac1a2f4d53,LONG,CALL,0.3500
1260,ase_pt_e78a52d34182482d,SHORT,CALL,0.3500
284,ase_pt_32be02a6f8b348be,SHORT,CALL,0.3500
1722,ase_pt_2611a56fa69b4883,SHORT,CALL,0.3500
680,ase_pt_4e16f998994a497a,SHORT,CALL,0.3500
1545,ase_pt_d44e9670399c408a,LONG,CALL,0.3500
1798,ase_pt_da861c9b34664bdb,SHORT,CALL,0.3500
262,ase_pt_d6e7b562298d4374,LONG,CALL,0.3500
2093,ase_pt_ba89af7af8ba4e0a,SHORT,CALL,0.3500
924,ase_pt_ff3f24f24b8e45f4,SHORT,CALL,0.3500
2020,ase_pt_80b5cd91d5bc4242,LONG,CALL,0.3500
834,ase_pt_34b7749cae3b494d,LONG,CALL,0.3500
1922,ase_pt_3159c7198f9847ca,SHORT,CALL,0.3500
1082,ase_pt_48e071537e064f17,LONG,CALL,0.3500
975,ase_pt_2b1cb0acde8a4d2a,SHORT,CALL,0.3500
250,ase_pt_61db83e800514e09,LONG,CALL,0.3500
164,ase_pt_2b6fcc40f3494051,SHORT,CALL,0.3500
1416,ase_pt_2e6843beba754b18,SHORT,CALL,0.3500
868,ase_pt_989392eefb9541f2,SHORT,CALL,0.3500
1560,ase_pt_112c1a8d5dc94d21,LONG,CALL,0.3500
1562,ase_pt_9bf39c88fddc4d28,SHORT,CALL,0.3500
133,ase_pt_0ee34056a5ba483e,SHORT,CALL,0.3500
360,ase_pt_3d55b52d40e74304,SHORT,CALL,0.3500
570,ase_pt_56d2d5d48d5b4236,LONG,CALL,0.3500
1000,ase_pt_f3afc3f4ede84b03,SHORT,CALL,0.3500
2008,ase_pt_138b12dca04a4839,LONG,CALL,0.3500
124,ase_pt_259c9ec7c0bb44ad,SHORT,CALL,0.3500
300,ase_pt_e8ac703556ed4ca8,SHORT,CALL,0.3500
228,ase_pt_57079b3931a14d23,SHORT,CALL,0.3500
1602,ase_pt_b78de49d410c4b6a,SHORT,CALL,0.3500
1124,ase_pt_297066db97404b77,SHORT,CALL,0.3500
1210,ase_pt_ae12830c35754db8,LONG,CALL,0.3500
1407,ase_pt_938199d6acd74eb5,SHORT,CALL,0.3500
1952,ase_pt_c940efd2a9954b9d,LONG,CALL,0.3500
940,ase_pt_6902ab81fd5c473c,SHORT,CALL,0.3500
890,ase_pt_bb138449b1884e36,LONG,CALL,0.3500
2118,ase_pt_668c2de047b24014,SHORT,CALL,0.3500
620,ase_pt_7de534e9fe6345cb,SHORT,CALL,0.3500
1320,ase_pt_24e97ff0df5b4982,SHORT,CALL,0.3500
773,ase_pt_2be32f47df1f4199,SHORT,CALL,0.3500
1405,ase_pt_4eee96fe9fd74603,LONG,CALL,0.3500
1986,ase_pt_77eb0b5360724f38,SHORT,CALL,0.3500
1891,ase_pt_90ec6ab58d4a433f,SHORT,CALL,0.3500
194,ase_pt_79e593a33bc8450e,LONG,CALL,0.3500
1773,ase_pt_9e412b9c46f64e91,SHORT,CALL,0.3500
1447,ase_pt_7a913eaa2e034493,SHORT,CALL,0.3500
902,ase_pt_4e005621b9684abd,LONG,CALL,0.3500
1571,ase_pt_f4ab0354b1194755,SHORT,CALL,0.3500
1533,ase_pt_873fee4ef10f4d1e,LONG,CALL,0.3500
1730,ase_pt_06edc199b341480c,LONG,CALL,0.3000
1026,ase_pt_ea93f5edcbd049a6,SHORT,CALL,0.3000
1992,ase_pt_07b1b4e5014545b3,LONG,CALL,0.3000
1023,ase_pt_bed69d2bf32e4b21,SHORT,CALL,0.3000
579,ase_pt_aa91c2601a534cca,LONG,CALL,0.3000
554,ase_pt_2890588a8d2f4473,LONG,CALL,0.3000
137,ase_pt_549092c247454f84,SHORT,CALL,0.3000
1346,ase_pt_d6ed352fe4334e51,SHORT,CALL,0.3000
1343,ase_pt_241e62fb9dec48f7,SHORT,CALL,0.3000
533,ase_pt_b960fd2b68d648d3,SHORT,CALL,0.3000
519,ase_pt_25ab7424444f4a89,SHORT,CALL,0.3000
513,ase_pt_fada956def4e448a,LONG,CALL,0.3000
600,ase_pt_731523d79fb84a33,SHORT,CALL,0.3000
507,ase_pt_e1ec5f6baa4d403d,SHORT,CALL,0.3000
505,ase_pt_68e54ed88e4d421b,SHORT,CALL,0.3000
134,ase_pt_bda5c6e34e8646be,SHORT,CALL,0.3000
495,ase_pt_4fd217eb3a5a4a32,LONG,CALL,0.3000
494,ase_pt_4fd217eb3a5a4a32,SHORT,CALL,0.3000
612,ase_pt_f250e712b2084bc1,LONG,CALL,0.3000
493,ase_pt_b3dcd42cff494334,LONG,CALL,0.3000
616,ase_pt_a8b9f5ecf5284755,SHORT,CALL,0.3000
2038,ase_pt_793e28749bc24fce,SHORT,CALL,0.3000
492,ase_pt_b3dcd42cff494334,SHORT,CALL,0.3000
1317,ase_pt_8d272733b82b486a,SHORT,CALL,0.3000
629,ase_pt_0e9c0584c7a24633,LONG,CALL,0.3000
479,ase_pt_e182672b33fc4791,SHORT,CALL,0.3000
457,ase_pt_c83827516c75413d,SHORT,CALL,0.3000
1895,ase_pt_952d56fbc7614422,SHORT,CALL,0.3000
636,ase_pt_ee9d189d54294c8a,SHORT,CALL,0.3000
1302,ase_pt_4a42f6e79939477c,SHORT,CALL,0.3000
454,ase_pt_77c6e57b3a1446b9,SHORT,CALL,0.3000
1398,ase_pt_e2f99181fe884443,SHORT,CALL,0.3000
1402,ase_pt_7179b9b59f2946e7,SHORT,CALL,0.3000
2050,ase_pt_bfac9a1717b7484c,LONG,CALL,0.3000
1291,ase_pt_fff14c0d833a43a4,LONG,CALL,0.3000
651,ase_pt_b6c5e61a736a4625,LONG,CALL,0.3000
1276,ase_pt_52d55444d36747a0,SHORT,CALL,0.3000
1892,ase_pt_745a857919564dfc,SHORT,CALL,0.3000
662,ase_pt_cdcfed298b1248b7,SHORT,CALL,0.3000
439,ase_pt_bc60609866cf4c0f,SHORT,CALL,0.3000
435,ase_pt_3b1a8014c6fc4dd2,SHORT,CALL,0.3000
1269,ase_pt_70ff8734f7804dad,LONG,CALL,0.3000
1930,ase_pt_14dcb91297be4845,SHORT,CALL,0.3000
1931,ase_pt_14dcb91297be4845,LONG,CALL,0.3000
677,ase_pt_3c868bba84d748be,SHORT,CALL,0.3000
1417,ase_pt_d41318d96c0c4c43,SHORT,CALL,0.3000
1256,ase_pt_3bcc9c0b31ff49f3,SHORT,CALL,0.3000
1932,ase_pt_705b599905dc4225,SHORT,CALL,0.3000
1933,ase_pt_705b599905dc4225,LONG,CALL,0.3000
213,ase_pt_328f936a7b994ec1,SHORT,CALL,0.3000
1420,ase_pt_b0cb97a05fe0422f,SHORT,CALL,0.3000
234,ase_pt_c7a2f3b519e24441,LONG,CALL,0.3000
2141,ase_pt_8c37415feac34594,SHORT,CALL,0.3000
1252,ase_pt_24bc62692c964244,LONG,CALL,0.3000
2054,ase_pt_a84f030dddc84b5c,SHORT,CALL,0.3000
1442,ase_pt_b561dca737e64954,SHORT,CALL,0.3000
703,ase_pt_b17fef4b11414c67,SHORT,CALL,0.3000
1240,ase_pt_f22691ef3d444fab,SHORT,CALL,0.3000
2144,ase_pt_e68147c53ad64379,SHORT,CALL,0.3000
706,ase_pt_52db46c029b748f6,SHORT,CALL,0.3000
199,ase_pt_56ec12c833d3410d,SHORT,CALL,0.3000
1455,ase_pt_96afe39b761e4ad1,SHORT,CALL,0.3000
1456,ase_pt_96afe39b761e4ad1,LONG,CALL,0.3000
1457,ase_pt_06138b3b65da4af9,SHORT,CALL,0.3000
1458,ase_pt_06138b3b65da4af9,LONG,CALL,0.3000
1468,ase_pt_af7b9105f1b44a39,SHORT,CALL,0.3000
119,ase_pt_ab7790faa1c546cf,SHORT,CALL,0.3000
386,ase_pt_d2435f0b6b9843e7,SHORT,CALL,0.3000
1219,ase_pt_02d0d9913754443c,LONG,CALL,0.3000
1470,ase_pt_7c98961ed462420e,SHORT,CALL,0.3000
383,ase_pt_e0a6c5ea0c7841ed,SHORT,CALL,0.3000
1476,ase_pt_476a12c189d04554,LONG,CALL,0.3000
193,ase_pt_468a12d81bfa4bbe,LONG,CALL,0.3000
755,ase_pt_26b9a78175254dcd,SHORT,CALL,0.3000
1943,ase_pt_5d0d01f3280c46b1,SHORT,CALL,0.3000
759,ase_pt_ff4857b9ca1e4f31,SHORT,CALL,0.3000
1482,ase_pt_7535e14a6e124d94,SHORT,CALL,0.3000
1945,ase_pt_fadfe86140af455a,SHORT,CALL,0.3000
774,ase_pt_3a461d2fa135461e,SHORT,CALL,0.3000
357,ase_pt_52a1199441b842c2,SHORT,CALL,0.3000
777,ase_pt_8b344752f60546a1,SHORT,CALL,0.3000
2067,ase_pt_a41cbde2d94b40f5,LONG,CALL,0.3000
1496,ase_pt_0e252cbba9094a72,SHORT,CALL,0.3000
1877,ase_pt_c10d6a979ce8484c,SHORT,CALL,0.3000
1194,ase_pt_c1cb14c33f0a40db,LONG,CALL,0.3000
342,ase_pt_f8dc673d2e074d35,SHORT,CALL,0.3000
331,ase_pt_e79f6d8cdfbc417d,LONG,CALL,0.3000
2074,ase_pt_17a87aa5b5ef41d5,SHORT,CALL,0.3000
1517,ase_pt_44e3a8804a2a4988,LONG,CALL,0.3000
115,ase_pt_2131ca79b52849e6,SHORT,CALL,0.3000
2017,ase_pt_2d62d52019a541bb,LONG,CALL,0.3000
799,ase_pt_5dc715014dd84a43,SHORT,CALL,0.3000
316,ase_pt_033247baa7c14f4a,SHORT,CALL,0.3000
309,ase_pt_5b48b5fc0a3f40de,LONG,CALL,0.3000
187,ase_pt_d76fb2bccf7b4907,SHORT,CALL,0.3000
185,ase_pt_e11d456d41a84455,SHORT,CALL,0.3000
812,ase_pt_55f2879c9c234ae8,SHORT,CALL,0.3000
813,ase_pt_55f2879c9c234ae8,LONG,CALL,0.3000
814,ase_pt_7904fd855b78444d,SHORT,CALL,0.3000
815,ase_pt_7904fd855b78444d,LONG,CALL,0.3000
1951,ase_pt_b02668e8ecc4498d,LONG,CALL,0.3000
1173,ase_pt_de9a1dd6531e46d8,SHORT,CALL,0.3000
1542,ase_pt_3e1833f415fd414f,LONG,CALL,0.3000
825,ase_pt_a36cd5a474524c44,SHORT,CALL,0.3000
296,ase_pt_651c3abf1f1f4b08,SHORT,CALL,0.3000
827,ase_pt_94869ecb05004e5d,SHORT,CALL,0.3000
1957,ase_pt_6c43af51552e48ae,SHORT,CALL,0.3000
833,ase_pt_751823b026db4dd0,LONG,CALL,0.3000
292,ase_pt_24d5f67c97a24cf4,LONG,CALL,0.3000
839,ase_pt_6bb95b5aa7244b82,SHORT,CALL,0.3000
1159,ase_pt_16c1472721674c76,SHORT,CALL,0.3000
1553,ase_pt_c9cf1e5947bb4752,SHORT,CALL,0.3000
1557,ase_pt_e66149ee488d4111,SHORT,CALL,0.3000
280,ase_pt_0dd0cca698e3471b,SHORT,CALL,0.3000
1153,ase_pt_5e8f0d60fbd54fb2,LONG,CALL,0.3000
1873,ase_pt_835d7f1f28f84c85,SHORT,CALL,0.3000
853,ase_pt_155673414d9c4237,SHORT,CALL,0.3000
259,ase_pt_5bab2972c84849cd,LONG,CALL,0.3000
1147,ase_pt_e9c5adc89a694700,SHORT,CALL,0.3000
874,ase_pt_1efc5e19f4d2470b,LONG,CALL,0.3000
1145,ase_pt_14bbea05d32a4a64,SHORT,CALL,0.3000
175,ase_pt_76bbcd4f1f4f4321,LONG,CALL,0.3000
1971,ase_pt_3cb297ccec4d4a6f,SHORT,CALL,0.3000
1135,ase_pt_1acdccfce30940ea,LONG,CALL,0.3000
1134,ase_pt_1acdccfce30940ea,SHORT,CALL,0.3000
174,ase_pt_76bbcd4f1f4f4321,SHORT,CALL,0.3000
1133,ase_pt_b62d17470e3d4853,LONG,CALL,0.3000
173,ase_pt_e1b81c458fdd4e71,LONG,CALL,0.3000
899,ase_pt_63167d95b92d46a9,LONG,CALL,0.3000
172,ase_pt_e1b81c458fdd4e71,SHORT,CALL,0.3000
1132,ase_pt_b62d17470e3d4853,SHORT,CALL,0.3000
1572,ase_pt_35adba2d503446d4,SHORT,CALL,0.3000
1917,ase_pt_c319fad03c394a4c,SHORT,CALL,0.3000
1575,ase_pt_f0718fd916934cfe,SHORT,CALL,0.3000
1824,ase_pt_f1c574b9890e4d08,SHORT,CALL,0.3000
1821,ase_pt_f3bb6a0a294543f3,SHORT,CALL,0.3000
1597,ase_pt_1a312a5f3dae490c,SHORT,CALL,0.3000
920,ase_pt_0e5e83ab54cb4538,SHORT,CALL,0.3000
1119,ase_pt_dcf739fea6c346c2,SHORT,CALL,0.3000
1610,ase_pt_1ecbc30e80024867,SHORT,CALL,0.3000
1611,ase_pt_1ecbc30e80024867,LONG,CALL,0.3000
1612,ase_pt_b0b1fcb3e5e440bf,SHORT,CALL,0.3000
1613,ase_pt_b0b1fcb3e5e440bf,LONG,CALL,0.3000
2089,ase_pt_b82b26af17754238,LONG,CALL,0.3000
1623,ase_pt_12552ba816c647a6,SHORT,CALL,0.3000
932,ase_pt_c5e54d1c2fad41cc,LONG,CALL,0.3000
1625,ase_pt_8c79bccb949e4c7e,SHORT,CALL,0.3000
936,ase_pt_bfcfa9b74a7841ec,SHORT,CALL,0.3000
1631,ase_pt_95154129d2f04501,LONG,CALL,0.3000
1795,ase_pt_102122e7c9aa4c81,SHORT,CALL,0.3000
1637,ase_pt_c66cffc7f7554a9e,SHORT,CALL,0.3000
1651,ase_pt_25c87bb09bcb4d9e,SHORT,CALL,0.3000
1097,ase_pt_364e2c86c1d6469d,SHORT,CALL,0.3000
949,ase_pt_1ec92c1858a942b5,LONG,CALL,0.3000
1094,ase_pt_8f481826e0ff4f9b,SHORT,CALL,0.3000
2100,ase_pt_41a973774616430c,SHORT,CALL,0.3000
956,ase_pt_725a2fc7d4474ae9,SHORT,CALL,0.3000
1780,ase_pt_5d288026450343df,SHORT,CALL,0.3000
1079,ase_pt_cf555e7bab05428c,SHORT,CALL,0.3000
1075,ase_pt_baad41bd56d44e0e,SHORT,CALL,0.3000
1672,ase_pt_971b825f23974ec3,LONG,CALL,0.3000
1769,ase_pt_a14c917b2b5f4bac,LONG,CALL,0.3000
971,ase_pt_bb4541f2bdfc46ca,LONG,CALL,0.3000
982,ase_pt_df0d1012524347fb,SHORT,CALL,0.3000
1697,ase_pt_ddaaad97b7254e99,LONG,CALL,0.3000
159,ase_pt_b31a4d1261f343e9,SHORT,CALL,0.3000
1754,ase_pt_458f750d5f74431b,SHORT,CALL,0.3000
1747,ase_pt_937913978a7345bf,LONG,CALL,0.3000
997,ase_pt_dea8aa2dc202496f,SHORT,CALL,0.3000
2115,ase_pt_13f1551ef56f423a,SHORT,CALL,0.3000
1734,ase_pt_c13e4aa9be584415,SHORT,CALL,0.3000
1718,ase_pt_e1b41c6235bb41f8,SHORT,CALL,0.3000
727,ase_pt_752066dea78b41bf,SHORT,CALL,0.2800
104,ase_pt_441256588f4a4d41,LONG,CALL,0.2800
54,ase_pt_fe5c39faa9ff45bb,LONG,CALL,0.2800
407,ase_pt_40462d8d32c14ee9,SHORT,CALL,0.2800
59,ase_pt_c07afef2857d49ed,SHORT,CALL,0.2800
71,ase_pt_bf1cf12068b3467c,LONG,CALL,0.2800
1047,ase_pt_8b9f1e603d544491,SHORT,CALL,0.2800
1367,ase_pt_01eead446acc456b,SHORT,CALL,0.2800
46,ase_pt_dc09b5d14ef44603,LONG,CALL,0.2800
2165,ase_pt_a96a5356fe294b6a,SHORT,CALL,0.2800
1845,ase_pt_e0d7f801595e436e,SHORT,CALL,0.2800
34,ase_pt_ecffd21d1e71478d,SHORT,CALL,0.2800
96,ase_pt_bacc84d4772d447c,LONG,CALL,0.2800
79,ase_pt_f03d8213adaf4693,LONG,CALL,0.2800
84,ase_pt_425af45e774a4d75,SHORT,CALL,0.2800
1884,ase_pt_78a93830b36e4989,SHORT,CALL,0.2500
1742,ase_pt_937913978a7345bf,SHORT,CALL,0.2500
632,ase_pt_e89c1dfca5f44779,SHORT,CALL,0.2500
624,ase_pt_0e9c0584c7a24633,SHORT,CALL,0.2500
1330,ase_pt_236c6d4d2d11491a,LONG,CALL,0.2500
564,ase_pt_d416f4b7532c415c,LONG,CALL,0.2500
377,ase_pt_e42209c2003d4359,SHORT,CALL,0.2500
1974,ase_pt_9c0bca498cd943c1,LONG,CALL,0.2500
2062,ase_pt_a41cbde2d94b40f5,SHORT,CALL,0.2500
2135,ase_pt_8e69571ed93942dd,SHORT,CALL,0.2500
1682,ase_pt_75bb9bbffddc42a9,LONG,CALL,0.2500
2002,ase_pt_e9774f4255124adc,LONG,CALL,0.2500
884,ase_pt_5531bb51b3f046e0,LONG,CALL,0.2500
2128,ase_pt_c41a7642575b484e,LONG,CALL,0.2500
1815,ase_pt_44733944cf074383,SHORT,CALL,0.2500
1564,ase_pt_3364009d64af4768,SHORT,CALL,0.2500
244,ase_pt_f7e0e8d95161439f,LONG,CALL,0.2500
1758,ase_pt_01cb82e33a8c4e04,SHORT,CALL,0.2500
697,ase_pt_071c68cb9fa54058,SHORT,CALL,0.2500
690,ase_pt_e0dcd7cfa0434bf4,LONG,CALL,0.2500
1337,ase_pt_c5be21acb3394fec,SHORT,CALL,0.2500
1808,ase_pt_e765019aac214b30,LONG,CALL,0.2500
1264,ase_pt_70ff8734f7804dad,SHORT,CALL,0.2500
1017,ase_pt_496875cb2f7d476e,SHORT,CALL,0.2500
856,ase_pt_e8daada75c2d4937,LONG,CALL,0.2500
536,ase_pt_ff5e137172e74047,LONG,CALL,0.2500
2078,ase_pt_daf29f93819041a8,SHORT,CALL,0.2500
1272,ase_pt_6a6f8dd6d8d04180,SHORT,CALL,0.2500
1750,ase_pt_f44fe45a5946442a,SHORT,CALL,0.2500
304,ase_pt_5b48b5fc0a3f40de,SHORT,CALL,0.2500
1176,ase_pt_488e81b05e3546f2,LONG,CALL,0.2500
1280,ase_pt_d63b61e91c314a4f,SHORT,CALL,0.2500
312,ase_pt_41fa6adf243d4784,SHORT,CALL,0.2500
944,ase_pt_1ec92c1858a942b5,SHORT,CALL,0.2500
1409,ase_pt_6c0852ff34cc4914,SHORT,CALL,0.2500
1527,ase_pt_eae220cc91eb49ee,LONG,CALL,0.2500
216,ase_pt_072a3bfdbe32476a,LONG,CALL,0.2500
1654,ase_pt_5f73e4e368ee4c19,LONG,CALL,0.2500
446,ase_pt_5e49d8edae1c4bb5,SHORT,CALL,0.2500
952,ase_pt_c985b0ea78c349bf,SHORT,CALL,0.2500
320,ase_pt_0c5895db0d4c4a51,SHORT,CALL,0.2500
1010,ase_pt_c8dd09199fb94cf3,LONG,CALL,0.2500
2070,ase_pt_c693893a29cf4a5c,SHORT,CALL,0.2500
1086,ase_pt_9ce40b1112c2482f,SHORT,CALL,0.2500
126,ase_pt_efe0d09f127f4b5e,SHORT,CALL,0.2500
960,ase_pt_10e90105a8cd4fd0,SHORT,CALL,0.2500
1499,ase_pt_ba7fa2bd655642a4,LONG,CALL,0.2500
1204,ase_pt_7c3ef7e616e149da,LONG,CALL,0.2500
640,ase_pt_949f8a36d9124d7b,SHORT,CALL,0.2500
766,ase_pt_00b9fcf63ec84443,SHORT,CALL,0.2500
370,ase_pt_1170d8dc89b04e2d,LONG,CALL,0.2500
87,ase_pt_128484047a824332,SHORT,CALL,0.2200
427,ase_pt_e4fbd56c2fba44d5,LONG,CALL,0.2200
62,ase_pt_06792981111b4143,SHORT,CALL,0.2200
747,ase_pt_5a58675379e94007,LONG,CALL,0.2200
1865,ase_pt_0910e43b7e134256,LONG,CALL,0.2200
37,ase_pt_9348885232d04d4e,SHORT,CALL,0.2200
2185,ase_pt_3f2458b9297a4ad0,LONG,CALL,0.2200
1067,ase_pt_eacf187fc03e42a8,LONG,CALL,0.2200
1387,ase_pt_e2570da6158e4bf8,LONG,CALL,0.2200
718,ase_pt_b0bae41a8b684f02,LONG,CALL,0.2000
1923,ase_pt_3159c7198f9847ca,LONG,CALL,0.2000
716,ase_pt_e2d687d64f954cd6,SHORT,CALL,0.2000
396,ase_pt_6eeb91756b384821,SHORT,CALL,0.2000
964,ase_pt_d742e132255243af,SHORT,CALL,0.2000
1662,ase_pt_9ad847fa6c644d6e,LONG,CALL,0.2000
1774,ase_pt_9e412b9c46f64e91,LONG,CALL,0.2000
2102,ase_pt_b18fa90299b1435f,LONG,CALL,0.2000
1083,ase_pt_48e071537e064f17,SHORT,CALL,0.2000
1085,ase_pt_774ec411f0664b5e,LONG,CALL,0.2000
617,ase_pt_a8b9f5ecf5284755,LONG,CALL,0.2000
1782,ase_pt_471b2b947e7240f9,LONG,CALL,0.2000
555,ase_pt_2890588a8d2f4473,SHORT,CALL,0.2000
1786,ase_pt_efb8edaa521b47e8,SHORT,CALL,0.2000
2046,ase_pt_19b4607ee28b4e4b,SHORT,CALL,0.2000
1643,ase_pt_071dfaed07c840a7,SHORT,CALL,0.2000
621,ase_pt_7de534e9fe6345cb,LONG,CALL,0.2000
224,ase_pt_bce325b6dbd949b5,LONG,CALL,0.2000
1633,ase_pt_9d28f94eaeaf4126,SHORT,CALL,0.2000
941,ase_pt_6902ab81fd5c473c,LONG,CALL,0.2000
2094,ase_pt_ba89af7af8ba4e0a,LONG,CALL,0.2000
937,ase_pt_bfcfa9b74a7841ec,LONG,CALL,0.2000
1356,ase_pt_6a0fee0e6c994c43,SHORT,CALL,0.2000
485,ase_pt_977ced069bc5425b,LONG,CALL,0.2000
928,ase_pt_762319e20bcf4980,SHORT,CALL,0.2000
1308,ase_pt_c90f2d4483524cf3,SHORT,CALL,0.2000
925,ase_pt_ff3f24f24b8e45f4,LONG,CALL,0.2000
99,ase_pt_d08c204af0aa4d79,SHORT,CALL,0.2000
1603,ase_pt_b78de49d410c4b6a,LONG,CALL,0.2000
1036,ase_pt_8d400ce6441c4402,SHORT,CALL,0.2000
165,ase_pt_2b6fcc40f3494051,LONG,CALL,0.2000
1125,ase_pt_297066db97404b77,LONG,CALL,0.2000
2154,ase_pt_9403ce850be042b9,SHORT,CALL,0.2000
1828,ase_pt_8866dcbf077e4891,LONG,CALL,0.2000
1304,ase_pt_5208c296a9d047a4,LONG,CALL,0.2000
1834,ase_pt_ae94e90407ed4ee8,SHORT,CALL,0.2000
1836,ase_pt_6e3199cc0c054c4a,LONG,CALL,0.2000
1038,ase_pt_854cdbc63d0e4302,LONG,CALL,0.2000
2082,ase_pt_5060831c6ba74a92,SHORT,CALL,0.2000
74,ase_pt_bdd79945f43049f0,SHORT,CALL,0.2000
875,ase_pt_1efc5e19f4d2470b,SHORT,CALL,0.2000
1563,ase_pt_9bf39c88fddc4d28,LONG,CALL,0.2000
1561,ase_pt_112c1a8d5dc94d21,SHORT,CALL,0.2000
1739,ase_pt_8f40bc8450a040f2,LONG,CALL,0.2000
864,ase_pt_6380627d787b417b,LONG,CALL,0.2000
1963,ase_pt_24be3ac5a5824fcf,SHORT,CALL,0.2000
2148,ase_pt_b816b72e7a2f46dc,LONG,CALL,0.2000
845,ase_pt_0ec22af1f8694c35,SHORT,CALL,0.2000
1155,ase_pt_3ba61bac1a2f4d53,SHORT,CALL,0.2000
644,ase_pt_84bcc42a04404c1d,SHORT,CALL,0.2000
285,ase_pt_32be02a6f8b348be,LONG,CALL,0.2000
1296,ase_pt_5df56406e676421f,LONG,CALL,0.2000
288,ase_pt_2af95b3f1e834dbb,SHORT,CALL,0.2000
125,ase_pt_259c9ec7c0bb44ad,LONG,CALL,0.2000
835,ase_pt_34b7749cae3b494d,SHORT,CALL,0.2000
49,ase_pt_341bcf3e6977437d,SHORT,CALL,0.2000
1165,ase_pt_937155f971934804,SHORT,CALL,0.2000
544,ase_pt_fd8f510a65cb426a,LONG,CALL,0.2000
297,ase_pt_651c3abf1f1f4b08,LONG,CALL,0.2000
301,ase_pt_e8ac703556ed4ca8,LONG,CALL,0.2000
1953,ase_pt_c940efd2a9954b9d,SHORT,CALL,0.2000
1358,ase_pt_ea4be73d23ee4956,LONG,CALL,0.2000
805,ase_pt_29707c7594b24de3,LONG,CALL,0.2000
1406,ase_pt_4eee96fe9fd74603,SHORT,CALL,0.2000
1184,ase_pt_2b871389c3f94b23,LONG,CALL,0.2000
1518,ase_pt_44e3a8804a2a4988,SHORT,CALL,0.2000
324,ase_pt_2a71b6dad9324f42,SHORT,CALL,0.2000
1726,ase_pt_7551bc0b96784b8d,SHORT,CALL,0.2000
336,ase_pt_e2c2f6a10bdb4b99,LONG,CALL,0.2000
1507,ase_pt_57db029c27af45e3,LONG,CALL,0.2000
2156,ase_pt_81f372c0b5194ee7,LONG,CALL,0.2000
344,ase_pt_a1c8e3c5b81941d4,LONG,CALL,0.2000
1195,ase_pt_c1cb14c33f0a40db,SHORT,CALL,0.2000
348,ase_pt_fb84854ccb4f40ab,SHORT,CALL,0.2000
1408,ase_pt_938199d6acd74eb5,LONG,CALL,0.2000
1284,ase_pt_4ed0eedc2d0047dd,SHORT,CALL,0.2000
656,ase_pt_cab5b30e65814c46,LONG,CALL,0.2000
1488,ase_pt_27770dc5a81e4e91,SHORT,CALL,0.2000
765,ase_pt_a0f182a9ba75429b,LONG,CALL,0.2000
763,ase_pt_9c6a842c94f74f0c,SHORT,CALL,0.2000
1478,ase_pt_d1c575613d644f6d,SHORT,CALL,0.2000
1881,ase_pt_e27c631c24c34820,SHORT,CALL,0.2000
1883,ase_pt_7973611a7c8d4405,LONG,CALL,0.2000
445,ase_pt_e8d8f110ca2e46ea,LONG,CALL,0.2000
205,ase_pt_0696a7501e5a4b86,SHORT,CALL,0.2000
525,ase_pt_c36ecfd5501c47a4,SHORT,CALL,0.2000
195,ase_pt_79e593a33bc8450e,SHORT,CALL,0.2000
2043,ase_pt_b0eeb4319ad54360,LONG,CALL,0.2000
390,ase_pt_9aa23c0340c74068,LONG,CALL,0.2000
443,ase_pt_cbd5bf81793446d7,SHORT,CALL,0.2000
2059,ase_pt_f0cf4e295eb34ac4,LONG,CALL,0.2000
1723,ase_pt_2611a56fa69b4883,LONG,CALL,0.2000
398,ase_pt_f756f793419d420f,LONG,CALL,0.2000
664,ase_pt_f22e95e154d94408,LONG,CALL,0.2000
710,ase_pt_3c3d96cd00fa4b9f,LONG,CALL,0.2000
123,ase_pt_81d385620a0340d0,SHORT,CALL,0.2000
2055,ase_pt_a84f030dddc84b5c,LONG,CALL,0.2000
1448,ase_pt_7a913eaa2e034493,LONG,CALL,0.2000
235,ase_pt_c7a2f3b519e24441,SHORT,CALL,0.2000
1245,ase_pt_cc496e3791394bdd,LONG,CALL,0.2000
668,ase_pt_6238c50e54c64833,SHORT,CALL,0.2000
1248,ase_pt_64f79423f4d24f3e,SHORT,CALL,0.2000
1261,ase_pt_e78a52d34182482d,LONG,CALL,0.2000
1257,ase_pt_3bcc9c0b31ff49f3,LONG,CALL,0.2000
988,ase_pt_3f620ebb349a4df9,SHORT,CALL,0.2000
515,ase_pt_db747bae239b4a97,SHORT,CALL,0.2000
1982,ase_pt_cc391a931e4f47f4,LONG,CALL,0.2000
984,ase_pt_963783dd4e834ad5,LONG,CALL,0.2000
605,ase_pt_bb9a1f6f28054353,LONG,CALL,0.2000
1993,ase_pt_07b1b4e5014545b3,SHORT,CALL,0.2000
608,ase_pt_efa0f89d97a54617,SHORT,CALL,0.2000
1762,ase_pt_bfcbb0e9be454d9a,SHORT,CALL,0.2000
1030,ase_pt_d3b5f2da35984057,LONG,CALL,0.2000
976,ase_pt_2b1cb0acde8a4d2a,LONG,CALL,0.2000
2106,ase_pt_afbccbf809824372,SHORT,CALL,0.2000
1673,ase_pt_971b825f23974ec3,SHORT,CALL,0.2000
1350,ase_pt_1dfa879e84f34a36,LONG,CALL,0.2000
1735,ase_pt_c13e4aa9be584415,LONG,CALL,0.2000
1052,ase_pt_0c9b4327f85a4179,SHORT,CALL,0.1800
2180,ase_pt_3f2458b9297a4ad0,SHORT,CALL,0.1800
80,ase_pt_6cb43827aca54901,LONG,CALL,0.1800
2170,ase_pt_0dd30d7452624163,SHORT,CALL,0.1800
1062,ase_pt_eacf187fc03e42a8,SHORT,CALL,0.1800
105,ase_pt_e5231e71990f4568,LONG,CALL,0.1800
55,ase_pt_1c70e2ed36e748c0,LONG,CALL,0.1800
422,ase_pt_e4fbd56c2fba44d5,SHORT,CALL,0.1800
1372,ase_pt_43b493247bb548cc,SHORT,CALL,0.1800
742,ase_pt_5a58675379e94007,SHORT,CALL,0.1800
1860,ase_pt_0910e43b7e134256,SHORT,CALL,0.1800
1382,ase_pt_e2570da6158e4bf8,SHORT,CALL,0.1800
412,ase_pt_bbd9a12dae4b4160,SHORT,CALL,0.1800
1850,ase_pt_5512d71f7e0c419d,SHORT,CALL,0.1800
732,ase_pt_e99a1c0bac7a44b8,SHORT,CALL,0.1800
293,ase_pt_24d5f67c97a24cf4,SHORT,CALL,0.1500
1253,ase_pt_24bc62692c964244,SHORT,CALL,0.1500
682,ase_pt_4e16f998994a497a,LONG,CALL,0.1500
1418,ase_pt_d41318d96c0c4c43,LONG,CALL,0.1500
451,ase_pt_d364f8772e634ea2,SHORT,CALL,0.1500
135,ase_pt_bda5c6e34e8646be,LONG,CALL,0.1500
1822,ase_pt_f3bb6a0a294543f3,LONG,CALL,0.1500
1755,ase_pt_458f750d5f74431b,LONG,CALL,0.1500
1573,ase_pt_35adba2d503446d4,LONG,CALL,0.1500
601,ase_pt_731523d79fb84a33,LONG,CALL,0.1500
983,ase_pt_df0d1012524347fb,LONG,CALL,0.1500
1719,ase_pt_e1b41c6235bb41f8,LONG,CALL,0.1500
728,ase_pt_752066dea78b41bf,LONG,CALL,0.1500
1303,ase_pt_4a42f6e79939477c,LONG,CALL,0.1500
1368,ase_pt_01eead446acc456b,LONG,CALL,0.1500
1731,ase_pt_06edc199b341480c,SHORT,CALL,0.1500
1024,ase_pt_bed69d2bf32e4b21,LONG,CALL,0.1500
2051,ase_pt_bfac9a1717b7484c,SHORT,CALL,0.1500
1569,ase_pt_d6f552806c264371,SHORT,CALL,0.1500
649,ase_pt_df0a266b5a764677,LONG,CALL,0.1500
1767,ase_pt_856dbff788e84c4c,LONG,CALL,0.1500
637,ase_pt_ee9d189d54294c8a,LONG,CALL,0.1500
969,ase_pt_630c5bfba91c45a1,LONG,CALL,0.1500
1889,ase_pt_6cbd35962d814902,SHORT,CALL,0.1500
1565,ase_pt_3364009d64af4768,LONG,CALL,0.1500
1846,ase_pt_e0d7f801595e436e,LONG,CALL,0.1500
613,ase_pt_f250e712b2084bc1,SHORT,CALL,0.1500
2039,ase_pt_793e28749bc24fce,LONG,CALL,0.1500
1893,ase_pt_745a857919564dfc,LONG,CALL,0.1500
1344,ase_pt_241e62fb9dec48f7,LONG,CALL,0.1500
127,ase_pt_efe0d09f127f4b5e,LONG,CALL,0.1500
1087,ase_pt_9ce40b1112c2482f,LONG,CALL,0.1500
957,ase_pt_725a2fc7d4474ae9,LONG,CALL,0.1500
1781,ase_pt_5d288026450343df,LONG,CALL,0.1500
2101,ase_pt_41a973774616430c,LONG,CALL,0.1500
1091,ase_pt_f5dd6dc35bb846d9,SHORT,CALL,0.1500
317,ase_pt_033247baa7c14f4a,LONG,CALL,0.1500
1289,ase_pt_00ab5dd704f449f7,LONG,CALL,0.1500
1095,ase_pt_8f481826e0ff4f9b,LONG,CALL,0.1500
2120,ase_pt_668c2de047b24014,LONG,CALL,0.1500
1410,ase_pt_6c0852ff34cc4914,LONG,CALL,0.1500
2166,ase_pt_a96a5356fe294b6a,LONG,CALL,0.1500
131,ase_pt_3c7ddbca75b940eb,SHORT,CALL,0.1500
343,ase_pt_f8dc673d2e074d35,LONG,CALL,0.1500
1885,ase_pt_78a93830b36e4989,LONG,CALL,0.1500
2087,ase_pt_b5a80c476a354e47,LONG,CALL,0.1500
1414,ase_pt_5b867797cbbb4df8,SHORT,CALL,0.1500
704,ase_pt_b17fef4b11414c67,LONG,CALL,0.1500
1241,ase_pt_f22691ef3d444fab,LONG,CALL,0.1500
455,ase_pt_77c6e57b3a1446b9,LONG,CALL,0.1500
384,ase_pt_e0a6c5ea0c7841ed,LONG,CALL,0.1500
921,ase_pt_0e5e83ab54cb4538,LONG,CALL,0.1500
1277,ase_pt_52d55444d36747a0,LONG,CALL,0.1500
2142,ase_pt_8c37415feac34594,LONG,CALL,0.1500
408,ase_pt_40462d8d32c14ee9,LONG,CALL,0.1500
1800,ase_pt_da861c9b34664bdb,LONG,CALL,0.1500
447,ase_pt_5e49d8edae1c4bb5,LONG,CALL,0.1500
663,ase_pt_cdcfed298b1248b7,LONG,CALL,0.1500
1322,ase_pt_24e97ff0df5b4982,LONG,CALL,0.1500
1002,ase_pt_f3afc3f4ede84b03,LONG,CALL,0.1500
2075,ase_pt_17a87aa5b5ef41d5,LONG,CALL,0.1500
775,ase_pt_3a461d2fa135461e,LONG,CALL,0.1500
771,ase_pt_9221343a8ff442c1,SHORT,CALL,0.1500
1048,ase_pt_8b9f1e603d544491,LONG,CALL,0.1500
281,ase_pt_0dd0cca698e3471b,LONG,CALL,0.1500
362,ase_pt_3d55b52d40e74304,LONG,CALL,0.1500
767,ase_pt_00b9fcf63ec84443,LONG,CALL,0.1500
329,ase_pt_64cba35090f74aaf,LONG,CALL,0.1500
933,ase_pt_c5e54d1c2fad41cc,SHORT,CALL,0.1500
50,ase_pt_341bcf3e6977437d,LONG,CALL,0.1100
100,ase_pt_d08c204af0aa4d79,LONG,CALL,0.1100
75,ase_pt_bdd79945f43049f0,LONG,CALL,0.1100
1018,ase_pt_496875cb2f7d476e,LONG,CALL,0.1000
1037,ase_pt_8d400ce6441c4402,LONG,CALL,0.1000
1743,ase_pt_937913978a7345bf,LONG,CALL,0.1000
1751,ase_pt_f44fe45a5946442a,LONG,CALL,0.1000
1063,ase_pt_eacf187fc03e42a8,LONG,CALL,0.1000
1759,ase_pt_01cb82e33a8c4e04,LONG,CALL,0.1000
1357,ase_pt_6a0fee0e6c994c43,LONG,CALL,0.1000
1763,ase_pt_bfcbb0e9be454d9a,LONG,CALL,0.1000
2155,ase_pt_9403ce850be042b9,LONG,CALL,0.1000
965,ase_pt_d742e132255243af,LONG,CALL,0.1000
961,ase_pt_10e90105a8cd4fd0,LONG,CALL,0.1000
953,ase_pt_c985b0ea78c349bf,LONG,CALL,0.1000
945,ase_pt_1ec92c1858a942b5,LONG,CALL,0.1000
1816,ase_pt_44733944cf074383,LONG,CALL,0.1000
1835,ase_pt_ae94e90407ed4ee8,LONG,CALL,0.1000
2083,ase_pt_5060831c6ba74a92,LONG,CALL,0.1000
1861,ase_pt_0910e43b7e134256,LONG,CALL,0.1000
2079,ase_pt_daf29f93819041a8,LONG,CALL,0.1000
305,ase_pt_5b48b5fc0a3f40de,LONG,CALL,0.1000
313,ase_pt_41fa6adf243d4784,LONG,CALL,0.1000
321,ase_pt_0c5895db0d4c4a51,LONG,CALL,0.1000
325,ase_pt_2a71b6dad9324f42,LONG,CALL,0.1000
2071,ase_pt_c693893a29cf4a5c,LONG,CALL,0.1000
743,ase_pt_5a58675379e94007,LONG,CALL,0.1000
2063,ase_pt_a41cbde2d94b40f5,LONG,CALL,0.1000
378,ase_pt_e42209c2003d4359,LONG,CALL,0.1000
2136,ase_pt_8e69571ed93942dd,LONG,CALL,0.1000
717,ase_pt_e2d687d64f954cd6,LONG,CALL,0.1000
397,ase_pt_6eeb91756b384821,LONG,CALL,0.1000
698,ase_pt_071c68cb9fa54058,LONG,CALL,0.1000
423,ase_pt_e4fbd56c2fba44d5,LONG,CALL,0.1000
1265,ase_pt_70ff8734f7804dad,LONG,CALL,0.1000
1273,ase_pt_6a6f8dd6d8d04180,LONG,CALL,0.1000
1281,ase_pt_d63b61e91c314a4f,LONG,CALL,0.1000
1285,ase_pt_4ed0eedc2d0047dd,LONG,CALL,0.1000
645,ase_pt_84bcc42a04404c1d,LONG,CALL,0.1000
641,ase_pt_949f8a36d9124d7b,LONG,CALL,0.1000
633,ase_pt_e89c1dfca5f44779,LONG,CALL,0.1000
625,ase_pt_0e9c0584c7a24633,LONG,CALL,0.1000
1383,ase_pt_e2570da6158e4bf8,LONG,CALL,0.1000
1338,ase_pt_c5be21acb3394fec,LONG,CALL,0.1000
2181,ase_pt_3f2458b9297a4ad0,LONG,CALL,0.1000
609,ase_pt_efa0f89d97a54617,LONG,CALL,0.0800
289,ase_pt_2af95b3f1e834dbb,LONG,CALL,0.0800
1727,ase_pt_7551bc0b96784b8d,LONG,CALL,0.0800
2047,ase_pt_19b4607ee28b4e4b,LONG,CALL,0.0800
1249,ase_pt_64f79423f4d24f3e,LONG,CALL,0.0800
929,ase_pt_762319e20bcf4980,LONG,CALL,0.0800
2113,ase_pt_52ee7c4cf21442b2,SHORT,PUT,-0.0500
1313,ase_pt_43c4c77038f3406c,SHORT,PUT,-0.0500
1315,ase_pt_40bdf8a07f154dda,SHORT,PUT,-0.0500
993,ase_pt_bf9746964617425a,SHORT,PUT,-0.0500
353,ase_pt_fe02671f0c3b4c14,SHORT,PUT,-0.0500
2111,ase_pt_98831dcb66714fbe,SHORT,PUT,-0.0500
995,ase_pt_305c8be299544ad0,SHORT,PUT,-0.0500
1791,ase_pt_c1e850d101f94cfc,SHORT,PUT,-0.0500
1793,ase_pt_c1c2c821260347b3,SHORT,PUT,-0.0500
673,ase_pt_186926e1febe450d,SHORT,PUT,-0.0500
355,ase_pt_76488e2737934974,SHORT,PUT,-0.0500
675,ase_pt_14f0366b84ad46a1,SHORT,PUT,-0.0500
1246,ase_pt_64f79423f4d24f3e,LONG,PUT,-0.0800
606,ase_pt_efa0f89d97a54617,LONG,PUT,-0.0800
1724,ase_pt_7551bc0b96784b8d,LONG,PUT,-0.0800
2044,ase_pt_19b4607ee28b4e4b,LONG,PUT,-0.0800
286,ase_pt_2af95b3f1e834dbb,LONG,PUT,-0.0800
926,ase_pt_762319e20bcf4980,LONG,PUT,-0.0800
420,ase_pt_e4fbd56c2fba44d5,LONG,PUT,-0.0900
1380,ase_pt_e2570da6158e4bf8,LONG,PUT,-0.0900
1060,ase_pt_eacf187fc03e42a8,LONG,PUT,-0.0900
1858,ase_pt_0910e43b7e134256,LONG,PUT,-0.0900
2178,ase_pt_3f2458b9297a4ad0,LONG,PUT,-0.0900
740,ase_pt_5a58675379e94007,LONG,PUT,-0.0900
1732,ase_pt_c13e4aa9be584415,LONG,PUT,-0.1000
2056,ase_pt_f0cf4e295eb34ac4,LONG,PUT,-0.1000
938,ase_pt_6902ab81fd5c473c,LONG,PUT,-0.1000
942,ase_pt_1ec92c1858a942b5,LONG,PUT,-0.1000
622,ase_pt_0e9c0584c7a24633,LONG,PUT,-0.1000
618,ase_pt_7de534e9fe6345cb,LONG,PUT,-0.1000
1790,ase_pt_c1e850d101f94cfc,LONG,PUT,-0.1000
958,ase_pt_10e90105a8cd4fd0,LONG,PUT,-0.1000
614,ase_pt_a8b9f5ecf5284755,LONG,PUT,-0.1000
962,ase_pt_d742e132255243af,LONG,PUT,-0.1000
2159,ase_pt_746387e359af4fd9,SHORT,PUT,-0.1000
1760,ase_pt_bfcbb0e9be454d9a,LONG,PUT,-0.1000
1354,ase_pt_6a0fee0e6c994c43,LONG,PUT,-0.1000
1756,ase_pt_01cb82e33a8c4e04,LONG,PUT,-0.1000
1335,ase_pt_c5be21acb3394fec,LONG,PUT,-0.1000
2110,ase_pt_98831dcb66714fbe,LONG,PUT,-0.1000
992,ase_pt_bf9746964617425a,LONG,PUT,-0.1000
1015,ase_pt_496875cb2f7d476e,LONG,PUT,-0.1000
1258,ase_pt_e78a52d34182482d,LONG,PUT,-0.1000
1254,ase_pt_3bcc9c0b31ff49f3,LONG,PUT,-0.1000
695,ase_pt_071c68cb9fa54058,LONG,PUT,-0.1000
1262,ase_pt_70ff8734f7804dad,LONG,PUT,-0.1000
1361,ase_pt_a81db8b53b0a4269,SHORT,PUT,-0.1000
672,ase_pt_186926e1febe450d,LONG,PUT,-0.1000
1312,ase_pt_43c4c77038f3406c,LONG,PUT,-0.1000
2052,ase_pt_a84f030dddc84b5c,LONG,PUT,-0.1000
401,ase_pt_931dd6df28c1477d,SHORT,PUT,-0.1000
1740,ase_pt_937913978a7345bf,LONG,PUT,-0.1000
714,ase_pt_e2d687d64f954cd6,LONG,PUT,-0.1000
394,ase_pt_6eeb91756b384821,LONG,PUT,-0.1000
2060,ase_pt_a41cbde2d94b40f5,LONG,PUT,-0.1000
721,ase_pt_007d3f1af7e84a77,SHORT,PUT,-0.1000
1278,ase_pt_d63b61e91c314a4f,LONG,PUT,-0.1000
375,ase_pt_e42209c2003d4359,LONG,PUT,-0.1000
1041,ase_pt_e7d78e583530476c,SHORT,PUT,-0.1000
1282,ase_pt_4ed0eedc2d0047dd,LONG,PUT,-0.1000
352,ase_pt_fe02671f0c3b4c14,LONG,PUT,-0.1000
2133,ase_pt_8e69571ed93942dd,LONG,PUT,-0.1000
322,ase_pt_2a71b6dad9324f42,LONG,PUT,-0.1000
318,ase_pt_0c5895db0d4c4a51,LONG,PUT,-0.1000
2076,ase_pt_daf29f93819041a8,LONG,PUT,-0.1000
302,ase_pt_5b48b5fc0a3f40de,LONG,PUT,-0.1000
298,ase_pt_e8ac703556ed4ca8,LONG,PUT,-0.1000
294,ase_pt_651c3abf1f1f4b08,LONG,PUT,-0.1000
2080,ase_pt_5060831c6ba74a92,LONG,PUT,-0.1000
642,ase_pt_84bcc42a04404c1d,LONG,PUT,-0.1000
1736,ase_pt_8f40bc8450a040f2,LONG,PUT,-0.1000
638,ase_pt_949f8a36d9124d7b,LONG,PUT,-0.1000
1839,ase_pt_82b4b4830f9b44d1,SHORT,PUT,-0.1000
2152,ase_pt_9403ce850be042b9,LONG,PUT,-0.1000
1832,ase_pt_ae94e90407ed4ee8,LONG,PUT,-0.1000
1813,ase_pt_44733944cf074383,LONG,PUT,-0.1000
1034,ase_pt_8d400ce6441c4402,LONG,PUT,-0.1000
934,ase_pt_bfcfa9b74a7841ec,LONG,PUT,-0.1000
48,ase_pt_341bcf3e6977437d,LONG,PUT,-0.1200
98,ase_pt_d08c204af0aa4d79,LONG,PUT,-0.1200
73,ase_pt_bdd79945f43049f0,LONG,PUT,-0.1200
82,ase_pt_6cb43827aca54901,LONG,PUT,-0.1500
1288,ase_pt_00ab5dd704f449f7,LONG,PUT,-0.1500
661,ase_pt_cdcfed298b1248b7,LONG,PUT,-0.1500
1238,ase_pt_f22691ef3d444fab,LONG,PUT,-0.1500
57,ase_pt_1c70e2ed36e748c0,LONG,PUT,-0.1500
1323,ase_pt_24e97ff0df5b4982,LONG,PUT,-0.1500
1250,ase_pt_24bc62692c964244,SHORT,PUT,-0.1500
1045,ase_pt_8b9f1e603d544491,LONG,PUT,-0.1500
155,ase_pt_01fef25551624710,LONG,PUT,-0.1500
954,ase_pt_725a2fc7d4474ae9,LONG,PUT,-0.1500
2099,ase_pt_41a973774616430c,LONG,PUT,-0.1500
968,ase_pt_630c5bfba91c45a1,LONG,PUT,-0.1500
648,ase_pt_df0a266b5a764677,LONG,PUT,-0.1500
1728,ase_pt_06edc199b341480c,SHORT,PUT,-0.1500
1111,ase_pt_0a828b9ce657480c,SHORT,PUT,-0.1500
674,ase_pt_14f0366b84ad46a1,LONG,PUT,-0.1500
1779,ase_pt_5d288026450343df,LONG,PUT,-0.1500
2048,ase_pt_bfac9a1717b7484c,SHORT,PUT,-0.1500
1319,ase_pt_8d272733b82b486a,LONG,PUT,-0.1500
679,ase_pt_3c868bba84d748be,LONG,PUT,-0.1500
683,ase_pt_4e16f998994a497a,LONG,PUT,-0.1500
1585,ase_pt_4a739bd10d40478e,LONG,PUT,-0.1500
918,ase_pt_0e5e83ab54cb4538,LONG,PUT,-0.1500
1819,ase_pt_f3bb6a0a294543f3,LONG,PUT,-0.1500
1905,ase_pt_45c6ec985311418b,LONG,PUT,-0.1500
2139,ase_pt_8c37415feac34594,LONG,PUT,-0.1500
405,ase_pt_40462d8d32c14ee9,LONG,PUT,-0.1500
1913,ase_pt_f3ac3c34466c4fa7,LONG,PUT,-0.1500
610,ase_pt_f250e712b2084bc1,SHORT,PUT,-0.1500
701,ase_pt_b17fef4b11414c67,LONG,PUT,-0.1500
1003,ase_pt_f3afc3f4ede84b03,LONG,PUT,-0.1500
2086,ase_pt_b5a80c476a354e47,LONG,PUT,-0.1500
151,ase_pt_1aeab363df7b46d9,SHORT,PUT,-0.1500
1792,ase_pt_c1c2c821260347b3,LONG,PUT,-0.1500
1274,ase_pt_52d55444d36747a0,LONG,PUT,-0.1500
2036,ase_pt_793e28749bc24fce,LONG,PUT,-0.1500
1301,ase_pt_4a42f6e79939477c,LONG,PUT,-0.1500
1021,ase_pt_bed69d2bf32e4b21,LONG,PUT,-0.1500
1107,ase_pt_4ef17b0e1c6546f6,LONG,PUT,-0.1500
1365,ase_pt_01eead446acc456b,LONG,PUT,-0.1500
2121,ase_pt_668c2de047b24014,LONG,PUT,-0.1500
725,ase_pt_752066dea78b41bf,LONG,PUT,-0.1500
1909,ase_pt_f57567ca8d45430f,SHORT,PUT,-0.1500
1716,ase_pt_e1b41c6235bb41f8,LONG,PUT,-0.1500
381,ase_pt_e0a6c5ea0c7841ed,LONG,PUT,-0.1500
1843,ase_pt_e0d7f801595e436e,LONG,PUT,-0.1500
598,ase_pt_731523d79fb84a33,LONG,PUT,-0.1500
147,ase_pt_40905bcdfaae4348,LONG,PUT,-0.1500
1797,ase_pt_102122e7c9aa4c81,LONG,PUT,-0.1500
107,ase_pt_e5231e71990f4568,LONG,PUT,-0.1500
1593,ase_pt_9718d1dd9d2d406c,LONG,PUT,-0.1500
278,ase_pt_0dd0cca698e3471b,LONG,PUT,-0.1500
981,ase_pt_df0d1012524347fb,LONG,PUT,-0.1500
290,ase_pt_24d5f67c97a24cf4,SHORT,PUT,-0.1500
314,ase_pt_033247baa7c14f4a,LONG,PUT,-0.1500
363,ase_pt_3d55b52d40e74304,LONG,PUT,-0.1500
359,ase_pt_52a1199441b842c2,LONG,PUT,-0.1500
795,ase_pt_5dd2701e8ad6448e,LONG,PUT,-0.1500
1752,ase_pt_458f750d5f74431b,LONG,PUT,-0.1500
2072,ase_pt_17a87aa5b5ef41d5,LONG,PUT,-0.1500
354,ase_pt_76488e2737934974,LONG,PUT,-0.1500
1341,ase_pt_241e62fb9dec48f7,LONG,PUT,-0.1500
475,ase_pt_b544d413f1fa4fbe,LONG,PUT,-0.1500
994,ase_pt_305c8be299544ad0,LONG,PUT,-0.1500
471,ase_pt_422c7e1be7ac41bc,SHORT,PUT,-0.1500
999,ase_pt_dea8aa2dc202496f,LONG,PUT,-0.1500
341,ase_pt_f8dc673d2e074d35,LONG,PUT,-0.1500
2163,ase_pt_a96a5356fe294b6a,LONG,PUT,-0.1500
1801,ase_pt_da861c9b34664bdb,LONG,PUT,-0.1500
1314,ase_pt_40bdf8a07f154dda,LONG,PUT,-0.1500
1430,ase_pt_1a6d7d2e47dd4ead,LONG,PUT,-0.1500
467,ase_pt_dd6f5dcf3c9049ec,LONG,PUT,-0.1500
328,ase_pt_64cba35090f74aaf,LONG,PUT,-0.1500
791,ase_pt_81456c16dc9141dc,SHORT,PUT,-0.1500
787,ase_pt_13ff268f37fb45d6,LONG,PUT,-0.1500
1589,ase_pt_51aca08bd0af4f10,SHORT,PUT,-0.1500
2117,ase_pt_13f1551ef56f423a,LONG,PUT,-0.1500
1434,ase_pt_0e064b32f2734d4b,SHORT,PUT,-0.1500
2112,ase_pt_52ee7c4cf21442b2,LONG,PUT,-0.1500
634,ase_pt_ee9d189d54294c8a,LONG,PUT,-0.1500
1766,ase_pt_856dbff788e84c4c,LONG,PUT,-0.1500
1438,ase_pt_73e78dcd567f42e4,LONG,PUT,-0.1500
930,ase_pt_c5e54d1c2fad41cc,SHORT,PUT,-0.1500
1115,ase_pt_80b9c058175a4c61,LONG,PUT,-0.1500
1061,ase_pt_eacf187fc03e42a8,SHORT,PUT,-0.1800
1859,ase_pt_0910e43b7e134256,SHORT,PUT,-0.1800
741,ase_pt_5a58675379e94007,SHORT,PUT,-0.1800
2179,ase_pt_3f2458b9297a4ad0,SHORT,PUT,-0.1800
64,ase_pt_f90caba5eb23474c,SHORT,PUT,-0.1800
1381,ase_pt_e2570da6158e4bf8,SHORT,PUT,-0.1800
89,ase_pt_ea65248f920c4afd,SHORT,PUT,-0.1800
39,ase_pt_e93e30f16e154e46,SHORT,PUT,-0.1800
421,ase_pt_e4fbd56c2fba44d5,SHORT,PUT,-0.1800
1103,ase_pt_63b79671045a4aa2,SHORT,PUT,-0.2000
1635,ase_pt_9d28f94eaeaf4126,SHORT,PUT,-0.2000
991,ase_pt_3f620ebb349a4df9,SHORT,PUT,-0.2000
1748,ase_pt_f44fe45a5946442a,LONG,PUT,-0.2000
1645,ase_pt_f02c2b0e4ea846d5,SHORT,PUT,-0.2000
2097,ase_pt_c63b5ebecfbb40ba,LONG,PUT,-0.2000
1353,ase_pt_1dfa879e84f34a36,LONG,PUT,-0.2000
1737,ase_pt_8f40bc8450a040f2,SHORT,PUT,-0.2000
2157,ase_pt_81f372c0b5194ee7,LONG,PUT,-0.2000
1903,ase_pt_24a77f31cca74e21,LONG,PUT,-0.2000
1725,ase_pt_7551bc0b96784b8d,SHORT,PUT,-0.2000
1720,ase_pt_2611a56fa69b4883,LONG,PUT,-0.2000
1033,ase_pt_d3b5f2da35984057,LONG,PUT,-0.2000
1663,ase_pt_9ad847fa6c644d6e,LONG,PUT,-0.2000
1035,ase_pt_8d400ce6441c4402,SHORT,PUT,-0.2000
1039,ase_pt_854cdbc63d0e4302,LONG,PUT,-0.2000
161,ase_pt_b31a4d1261f343e9,LONG,PUT,-0.2000
2105,ase_pt_b18fa90299b1435f,LONG,PUT,-0.2000
1901,ase_pt_4ee635f1de7648c7,SHORT,PUT,-0.2000
1675,ase_pt_971b825f23974ec3,SHORT,PUT,-0.2000
1995,ase_pt_07b1b4e5014545b3,SHORT,PUT,-0.2000
2109,ase_pt_afbccbf809824372,SHORT,PUT,-0.2000
1064,ase_pt_eacf187fc03e42a8,LONG,PUT,-0.2000
1283,ase_pt_4ed0eedc2d0047dd,SHORT,PUT,-0.2000
1270,ase_pt_6a6f8dd6d8d04180,LONG,PUT,-0.2000
619,ase_pt_7de534e9fe6345cb,SHORT,PUT,-0.2000
1355,ase_pt_6a0fee0e6c994c43,SHORT,PUT,-0.2000
1259,ase_pt_e78a52d34182482d,SHORT,PUT,-0.2000
1919,ase_pt_c319fad03c394a4c,LONG,PUT,-0.2000
481,ase_pt_e182672b33fc4791,LONG,PUT,-0.2000
630,ase_pt_e89c1dfca5f44779,LONG,PUT,-0.2000
1426,ase_pt_7867db8a72a541c5,SHORT,PUT,-0.2000
1428,ase_pt_26a9bf53b4d14255,LONG,PUT,-0.2000
465,ase_pt_e80dd2b5c261433a,LONG,PUT,-0.2000
463,ase_pt_1d7c0f90a07c44e7,SHORT,PUT,-0.2000
2040,ase_pt_b0eeb4319ad54360,LONG,PUT,-0.2000
557,ase_pt_2890588a8d2f4473,SHORT,PUT,-0.2000
643,ase_pt_84bcc42a04404c1d,SHORT,PUT,-0.2000
1444,ase_pt_b561dca737e64954,LONG,PUT,-0.2000
225,ase_pt_bce325b6dbd949b5,LONG,PUT,-0.2000
207,ase_pt_aa854a4440c0485e,SHORT,PUT,-0.2000
1247,ase_pt_64f79423f4d24f3e,SHORT,PUT,-0.2000
1242,ase_pt_cc496e3791394bdd,LONG,PUT,-0.2000
545,ase_pt_fd8f510a65cb426a,LONG,PUT,-0.2000
659,ase_pt_c3b3676b3dca4053,LONG,PUT,-0.2000
667,ase_pt_f22e95e154d94408,LONG,PUT,-0.2000
671,ase_pt_6238c50e54c64833,SHORT,PUT,-0.2000
424,ase_pt_e4fbd56c2fba44d5,LONG,PUT,-0.2000
2057,ase_pt_f0cf4e295eb34ac4,SHORT,PUT,-0.2000
2182,ase_pt_3f2458b9297a4ad0,LONG,PUT,-0.2000
143,ase_pt_36741c707c0f4b62,SHORT,PUT,-0.2000
145,ase_pt_bf38b5588ca045ca,LONG,PUT,-0.2000
399,ase_pt_f756f793419d420f,LONG,PUT,-0.2000
713,ase_pt_3c3d96cd00fa4b9f,LONG,PUT,-0.2000
715,ase_pt_e2d687d64f954cd6,SHORT,PUT,-0.2000
1480,ase_pt_d1c575613d644f6d,SHORT,PUT,-0.2000
395,ase_pt_6eeb91756b384821,SHORT,PUT,-0.2000
719,ase_pt_b0bae41a8b684f02,LONG,PUT,-0.2000
2045,ase_pt_19b4607ee28b4e4b,SHORT,PUT,-0.2000
393,ase_pt_9aa23c0340c74068,LONG,PUT,-0.2000
197,ase_pt_79e593a33bc8450e,SHORT,PUT,-0.2000
1490,ase_pt_4ddf72645e174fe1,SHORT,PUT,-0.2000
744,ase_pt_5a58675379e94007,LONG,PUT,-0.2000
2068,ase_pt_c693893a29cf4a5c,LONG,PUT,-0.2000
1197,ase_pt_c1cb14c33f0a40db,SHORT,PUT,-0.2000
237,ase_pt_c7a2f3b519e24441,SHORT,PUT,-0.2000
1508,ase_pt_57db029c27af45e3,LONG,PUT,-0.2000
351,ase_pt_fb84854ccb4f40ab,SHORT,PUT,-0.2000
347,ase_pt_a1c8e3c5b81941d4,LONG,PUT,-0.2000
1359,ase_pt_ea4be73d23ee4956,LONG,PUT,-0.2000
783,ase_pt_36c1bab4acbe416d,SHORT,PUT,-0.2000
785,ase_pt_072d99d8825b437b,LONG,PUT,-0.2000
1185,ase_pt_2b871389c3f94b23,LONG,PUT,-0.2000
1520,ase_pt_44e3a8804a2a4988,SHORT,PUT,-0.2000
339,ase_pt_7c43d64b976b406e,LONG,PUT,-0.2000
323,ase_pt_2a71b6dad9324f42,SHORT,PUT,-0.2000
801,ase_pt_5dc715014dd84a43,LONG,PUT,-0.2000
310,ase_pt_41fa6adf243d4784,LONG,PUT,-0.2000
299,ase_pt_e8ac703556ed4ca8,SHORT,PUT,-0.2000
1955,ase_pt_c940efd2a9954b9d,SHORT,PUT,-0.2000
837,ase_pt_34b7749cae3b494d,SHORT,PUT,-0.2000
287,ase_pt_2af95b3f1e834dbb,SHORT,PUT,-0.2000
1167,ase_pt_b73e0508eca949e8,SHORT,PUT,-0.2000
282,ase_pt_32be02a6f8b348be,LONG,PUT,-0.2000
1384,ase_pt_e2570da6158e4bf8,LONG,PUT,-0.2000
847,ase_pt_78bec6a96d964fd6,SHORT,PUT,-0.2000
1965,ase_pt_97bde6ee96964044,SHORT,PUT,-0.2000
865,ase_pt_6380627d787b417b,LONG,PUT,-0.2000
1157,ase_pt_3ba61bac1a2f4d53,SHORT,PUT,-0.2000
1862,ase_pt_0910e43b7e134256,LONG,PUT,-0.2000
2151,ase_pt_b816b72e7a2f46dc,LONG,PUT,-0.2000
2081,ase_pt_5060831c6ba74a92,SHORT,PUT,-0.2000
1311,ase_pt_c90f2d4483524cf3,SHORT,PUT,-0.2000
877,ase_pt_1efc5e19f4d2470b,SHORT,PUT,-0.2000
1837,ase_pt_6e3199cc0c054c4a,LONG,PUT,-0.2000
527,ase_pt_130a27a8cb9745ba,SHORT,PUT,-0.2000
1833,ase_pt_ae94e90407ed4ee8,SHORT,PUT,-0.2000
1831,ase_pt_8866dcbf077e4891,LONG,PUT,-0.2000
2153,ase_pt_9403ce850be042b9,SHORT,PUT,-0.2000
1581,ase_pt_5d475d0436df49e3,SHORT,PUT,-0.2000
922,ase_pt_ff3f24f24b8e45f4,LONG,PUT,-0.2000
1583,ase_pt_90b15fbbc1784cbe,LONG,PUT,-0.2000
927,ase_pt_762319e20bcf4980,SHORT,PUT,-0.2000
1307,ase_pt_5208c296a9d047a4,LONG,PUT,-0.2000
517,ase_pt_db747bae239b4a97,SHORT,PUT,-0.2000
939,ase_pt_6902ab81fd5c473c,SHORT,PUT,-0.2000
1599,ase_pt_1a312a5f3dae490c,LONG,PUT,-0.2000
1121,ase_pt_dcf739fea6c346c2,LONG,PUT,-0.2000
1789,ase_pt_efb8edaa521b47e8,SHORT,PUT,-0.2000
950,ase_pt_c985b0ea78c349bf,LONG,PUT,-0.2000
1785,ase_pt_471b2b947e7240f9,LONG,PUT,-0.2000
602,ase_pt_bb9a1f6f28054353,LONG,PUT,-0.2000
1299,ase_pt_5b1ade8a47a2427c,LONG,PUT,-0.2000
1777,ase_pt_d5cd7abcf3714a9e,LONG,PUT,-0.2000
963,ase_pt_d742e132255243af,SHORT,PUT,-0.2000
1761,ase_pt_bfcbb0e9be454d9a,SHORT,PUT,-0.2000
979,ase_pt_98a9900391574b3c,LONG,PUT,-0.2000
607,ase_pt_efa0f89d97a54617,SHORT,PUT,-0.2000
1105,ase_pt_44cb1b0418044113,LONG,PUT,-0.2000
987,ase_pt_963783dd4e834ad5,LONG,PUT,-0.2000
1983,ase_pt_cc391a931e4f47f4,LONG,PUT,-0.2000
97,ase_pt_d08c204af0aa4d79,SHORT,PUT,-0.2200
72,ase_pt_bdd79945f43049f0,SHORT,PUT,-0.2200
47,ase_pt_341bcf3e6977437d,SHORT,PUT,-0.2200
2129,ase_pt_c41a7642575b484e,LONG,PUT,-0.2500
2061,ase_pt_a41cbde2d94b40f5,SHORT,PUT,-0.2500
696,ase_pt_071c68cb9fa54058,SHORT,PUT,-0.2500
1814,ase_pt_44733944cf074383,SHORT,PUT,-0.2500
959,ase_pt_10e90105a8cd4fd0,SHORT,PUT,-0.2500
1016,ase_pt_496875cb2f7d476e,SHORT,PUT,-0.2500
567,ase_pt_d416f4b7532c415c,LONG,PUT,-0.2500
1584,ase_pt_4a739bd10d40478e,SHORT,PUT,-0.2500
691,ase_pt_e0dcd7cfa0434bf4,LONG,PUT,-0.2500
615,ase_pt_a8b9f5ecf5284755,SHORT,PUT,-0.2500
146,ase_pt_40905bcdfaae4348,SHORT,PUT,-0.2500
1975,ase_pt_9c0bca498cd943c1,LONG,PUT,-0.2500
1279,ase_pt_d63b61e91c314a4f,SHORT,PUT,-0.2500
217,ase_pt_072a3bfdbe32476a,LONG,PUT,-0.2500
1733,ase_pt_c13e4aa9be584415,SHORT,PUT,-0.2500
1741,ase_pt_937913978a7345bf,SHORT,PUT,-0.2500
887,ase_pt_5531bb51b3f046e0,LONG,PUT,-0.2500
2005,ase_pt_e9774f4255124adc,LONG,PUT,-0.2500
1757,ase_pt_01cb82e33a8c4e04,SHORT,PUT,-0.2500
1685,ase_pt_75bb9bbffddc42a9,LONG,PUT,-0.2500
537,ase_pt_ff5e137172e74047,LONG,PUT,-0.2500
1809,ase_pt_e765019aac214b30,LONG,PUT,-0.2500
786,ase_pt_13ff268f37fb45d6,SHORT,PUT,-0.2500
639,ase_pt_949f8a36d9124d7b,SHORT,PUT,-0.2500
1177,ase_pt_488e81b05e3546f2,LONG,PUT,-0.2500
2134,ase_pt_8e69571ed93942dd,SHORT,PUT,-0.2500
1530,ase_pt_eae220cc91eb49ee,LONG,PUT,-0.2500
319,ase_pt_0c5895db0d4c4a51,SHORT,PUT,-0.2500
2077,ase_pt_daf29f93819041a8,SHORT,PUT,-0.2500
466,ase_pt_dd6f5dcf3c9049ec,SHORT,PUT,-0.2500
1429,ase_pt_1a6d7d2e47dd4ead,SHORT,PUT,-0.2500
303,ase_pt_5b48b5fc0a3f40de,SHORT,PUT,-0.2500
935,ase_pt_bfcfa9b74a7841ec,SHORT,PUT,-0.2500
1336,ase_pt_c5be21acb3394fec,SHORT,PUT,-0.2500
295,ase_pt_651c3abf1f1f4b08,SHORT,PUT,-0.2500
371,ase_pt_1170d8dc89b04e2d,LONG,PUT,-0.2500
623,ase_pt_0e9c0584c7a24633,SHORT,PUT,-0.2500
1255,ase_pt_3bcc9c0b31ff49f3,SHORT,PUT,-0.2500
1655,ase_pt_5f73e4e368ee4c19,LONG,PUT,-0.2500
2053,ase_pt_a84f030dddc84b5c,SHORT,PUT,-0.2500
1500,ase_pt_ba7fa2bd655642a4,LONG,PUT,-0.2500
1106,ase_pt_4ef17b0e1c6546f6,SHORT,PUT,-0.2500
1263,ase_pt_70ff8734f7804dad,SHORT,PUT,-0.2500
376,ase_pt_e42209c2003d4359,SHORT,PUT,-0.2500
857,ase_pt_e8daada75c2d4937,LONG,PUT,-0.2500
1904,ase_pt_45c6ec985311418b,SHORT,PUT,-0.2500
247,ase_pt_f7e0e8d95161439f,LONG,PUT,-0.2500
943,ase_pt_1ec92c1858a942b5,SHORT,PUT,-0.2500
1207,ase_pt_7c3ef7e616e149da,LONG,PUT,-0.2500
1011,ase_pt_c8dd09199fb94cf3,LONG,PUT,-0.2500
1331,ase_pt_236c6d4d2d11491a,LONG,PUT,-0.2500
406,ase_pt_40462d8d32c14ee9,SHORT,PUT,-0.2800
726,ase_pt_752066dea78b41bf,SHORT,PUT,-0.2800
56,ase_pt_1c70e2ed36e748c0,SHORT,PUT,-0.2800
1366,ase_pt_01eead446acc456b,SHORT,PUT,-0.2800
81,ase_pt_6cb43827aca54901,SHORT,PUT,-0.2800
1046,ase_pt_8b9f1e603d544491,SHORT,PUT,-0.2800
1844,ase_pt_e0d7f801595e436e,SHORT,PUT,-0.2800
2164,ase_pt_a96a5356fe294b6a,SHORT,PUT,-0.2800
106,ase_pt_e5231e71990f4568,SHORT,PUT,-0.2800
1771,ase_pt_19ab29c2e07f4f23,LONG,PUT,-0.3000
1360,ase_pt_a81db8b53b0a4269,LONG,PUT,-0.3000
1342,ase_pt_241e62fb9dec48f7,SHORT,PUT,-0.3000
1318,ase_pt_8d272733b82b486a,SHORT,PUT,-0.3000
2037,ase_pt_793e28749bc24fce,SHORT,PUT,-0.3000
1300,ase_pt_4a42f6e79939477c,SHORT,PUT,-0.3000
1400,ase_pt_f7783f7e02854358,SHORT,PUT,-0.3000
2049,ase_pt_bfac9a1717b7484c,LONG,PUT,-0.3000
139,ase_pt_19d58ab0083c4d4e,SHORT,PUT,-0.3000
1293,ase_pt_6eecd7dc53e44088,LONG,PUT,-0.3000
1275,ase_pt_52d55444d36747a0,SHORT,PUT,-0.3000
1266,ase_pt_70ff8734f7804dad,LONG,PUT,-0.3000
1422,ase_pt_c95aee18709e452c,SHORT,PUT,-0.3000
1437,ase_pt_73e78dcd567f42e4,SHORT,PUT,-0.3000
1440,ase_pt_83538519e8064a9e,SHORT,PUT,-0.3000
1251,ase_pt_24bc62692c964244,LONG,PUT,-0.3000
1446,ase_pt_7a913eaa2e034493,SHORT,PUT,-0.3000
1239,ase_pt_f22691ef3d444fab,SHORT,PUT,-0.3000
1459,ase_pt_06138b3b65da4af9,SHORT,PUT,-0.3000
1460,ase_pt_06138b3b65da4af9,LONG,PUT,-0.3000
1472,ase_pt_1ca9d2bc3c954aa1,SHORT,PUT,-0.3000
117,ase_pt_426a457a5c514b82,SHORT,PUT,-0.3000
1484,ase_pt_c467febe9f4646de,SHORT,PUT,-0.3000
2064,ase_pt_a41cbde2d94b40f5,LONG,PUT,-0.3000
1196,ase_pt_c1cb14c33f0a40db,LONG,PUT,-0.3000
2073,ase_pt_17a87aa5b5ef41d5,SHORT,PUT,-0.3000
1519,ase_pt_44e3a8804a2a4988,LONG,PUT,-0.3000
1161,ase_pt_a56d6cd8ff234e19,SHORT,PUT,-0.3000
1555,ase_pt_145e7e156a714c6b,SHORT,PUT,-0.3000
1149,ase_pt_2e78f09475d34b9c,SHORT,PUT,-0.3000
1137,ase_pt_1acdccfce30940ea,LONG,PUT,-0.3000
1136,ase_pt_1acdccfce30940ea,SHORT,PUT,-0.3000
1577,ase_pt_046547bd9a204f91,SHORT,PUT,-0.3000
1592,ase_pt_9718d1dd9d2d406c,SHORT,PUT,-0.3000
1595,ase_pt_b3196782bca54c2f,SHORT,PUT,-0.3000
1123,ase_pt_297066db97404b77,SHORT,PUT,-0.3000
1601,ase_pt_b78de49d410c4b6a,SHORT,PUT,-0.3000
1117,ase_pt_e3723739cd9c4db8,SHORT,PUT,-0.3000
1114,ase_pt_80b9c058175a4c61,SHORT,PUT,-0.3000
1614,ase_pt_b0b1fcb3e5e440bf,SHORT,PUT,-0.3000
1615,ase_pt_b0b1fcb3e5e440bf,LONG,PUT,-0.3000
2091,ase_pt_392c2cc71b23483b,LONG,PUT,-0.3000
1627,ase_pt_4a733320cf6c430b,SHORT,PUT,-0.3000
1639,ase_pt_685e2dc764044b0a,SHORT,PUT,-0.3000
2098,ase_pt_41a973774616430c,SHORT,PUT,-0.3000
1099,ase_pt_5451fd35cf2d40c9,SHORT,PUT,-0.3000
154,ase_pt_01fef25551624710,SHORT,PUT,-0.3000
1077,ase_pt_8b3c4ae687964a70,SHORT,PUT,-0.3000
1674,ase_pt_971b825f23974ec3,LONG,PUT,-0.3000
157,ase_pt_9f12756001424bb1,SHORT,PUT,-0.3000
1040,ase_pt_e7d78e583530476c,LONG,PUT,-0.3000
2116,ase_pt_13f1551ef56f423a,SHORT,PUT,-0.3000
1717,ase_pt_e1b41c6235bb41f8,SHORT,PUT,-0.3000
1994,ase_pt_07b1b4e5014545b3,LONG,PUT,-0.3000
1022,ase_pt_bed69d2bf32e4b21,SHORT,PUT,-0.3000
1729,ase_pt_06edc199b341480c,LONG,PUT,-0.3000
2158,ase_pt_746387e359af4fd9,LONG,PUT,-0.3000
163,ase_pt_2b6fcc40f3494051,SHORT,PUT,-0.3000
1744,ase_pt_937913978a7345bf,LONG,PUT,-0.3000
998,ase_pt_dea8aa2dc202496f,SHORT,PUT,-0.3000
1753,ase_pt_458f750d5f74431b,SHORT,PUT,-0.3000
980,ase_pt_df0d1012524347fb,SHORT,PUT,-0.3000
973,ase_pt_d8dc2fb768cf4d72,LONG,PUT,-0.3000
1778,ase_pt_5d288026450343df,SHORT,PUT,-0.3000
955,ase_pt_725a2fc7d4474ae9,SHORT,PUT,-0.3000
946,ase_pt_1ec92c1858a942b5,LONG,PUT,-0.3000
1796,ase_pt_102122e7c9aa4c81,SHORT,PUT,-0.3000
931,ase_pt_c5e54d1c2fad41cc,LONG,PUT,-0.3000
919,ase_pt_0e5e83ab54cb4538,SHORT,PUT,-0.3000
1820,ase_pt_f3bb6a0a294543f3,SHORT,PUT,-0.3000
1838,ase_pt_82b4b4830f9b44d1,LONG,PUT,-0.3000
176,ase_pt_76bbcd4f1f4f4321,SHORT,PUT,-0.3000
876,ase_pt_1efc5e19f4d2470b,LONG,PUT,-0.3000
177,ase_pt_76bbcd4f1f4f4321,LONG,PUT,-0.3000
279,ase_pt_0dd0cca698e3471b,SHORT,PUT,-0.3000
1959,ase_pt_490447f9a8614b5a,SHORT,PUT,-0.3000
841,ase_pt_df9ef3680a77413b,SHORT,PUT,-0.3000
291,ase_pt_24d5f67c97a24cf4,LONG,PUT,-0.3000
829,ase_pt_68eeb4f5c58f48cd,SHORT,PUT,-0.3000
817,ase_pt_7904fd855b78444d,LONG,PUT,-0.3000
816,ase_pt_7904fd855b78444d,SHORT,PUT,-0.3000
306,ase_pt_5b48b5fc0a3f40de,LONG,PUT,-0.3000
803,ase_pt_29707c7594b24de3,SHORT,PUT,-0.3000
315,ase_pt_033247baa7c14f4a,SHORT,PUT,-0.3000
797,ase_pt_d4b58757814f4b80,SHORT,PUT,-0.3000
794,ase_pt_5dd2701e8ad6448e,SHORT,PUT,-0.3000
1875,ase_pt_b19c89664d8d4c91,SHORT,PUT,-0.3000
333,ase_pt_662b1d2e3f3b4a8c,LONG,PUT,-0.3000
340,ase_pt_f8dc673d2e074d35,SHORT,PUT,-0.3000
779,ase_pt_9b4f4bfe915d486c,SHORT,PUT,-0.3000
1947,ase_pt_4be2cf80d3624f25,SHORT,PUT,-0.3000
358,ase_pt_52a1199441b842c2,SHORT,PUT,-0.3000
189,ase_pt_1cdfe82457184b5e,SHORT,PUT,-0.3000
757,ase_pt_a786e2c48589413f,SHORT,PUT,-0.3000
382,ase_pt_e0a6c5ea0c7841ed,SHORT,PUT,-0.3000
236,ase_pt_c7a2f3b519e24441,LONG,PUT,-0.3000
720,ase_pt_007d3f1af7e84a77,LONG,PUT,-0.3000
400,ase_pt_931dd6df28c1477d,LONG,PUT,-0.3000
702,ase_pt_b17fef4b11414c67,SHORT,PUT,-0.3000
1935,ase_pt_705b599905dc4225,LONG,PUT,-0.3000
1934,ase_pt_705b599905dc4225,SHORT,PUT,-0.3000
678,ase_pt_3c868bba84d748be,SHORT,PUT,-0.3000
437,ase_pt_3847e37dbe01457c,SHORT,PUT,-0.3000
660,ase_pt_cdcfed298b1248b7,SHORT,PUT,-0.3000
201,ase_pt_82ada73b5e58432a,SHORT,PUT,-0.3000
653,ase_pt_626ffd58b34e45ec,LONG,PUT,-0.3000
635,ase_pt_ee9d189d54294c8a,SHORT,PUT,-0.3000
459,ase_pt_f5348162a2d24340,SHORT,PUT,-0.3000
474,ase_pt_b544d413f1fa4fbe,SHORT,PUT,-0.3000
477,ase_pt_97126c75c93c44f0,SHORT,PUT,-0.3000
483,ase_pt_977ced069bc5425b,SHORT,PUT,-0.3000
626,ase_pt_0e9c0584c7a24633,LONG,PUT,-0.3000
1897,ase_pt_36e8e261e3e1469f,SHORT,PUT,-0.3000
611,ase_pt_f250e712b2084bc1,LONG,PUT,-0.3000
496,ase_pt_4fd217eb3a5a4a32,SHORT,PUT,-0.3000
497,ase_pt_4fd217eb3a5a4a32,LONG,PUT,-0.3000
509,ase_pt_21edb5107520446d,SHORT,PUT,-0.3000
599,ase_pt_731523d79fb84a33,SHORT,PUT,-0.3000
2140,ase_pt_8c37415feac34594,SHORT,PUT,-0.3000
521,ase_pt_8e442eea96e1491f,SHORT,PUT,-0.3000
1912,ase_pt_f3ac3c34466c4fa7,SHORT,PUT,-0.3000
1921,ase_pt_3159c7198f9847ca,SHORT,PUT,-0.3000
1915,ase_pt_fc496f6591134f0d,SHORT,PUT,-0.3000
556,ase_pt_2890588a8d2f4473,LONG,PUT,-0.3000
1536,ase_pt_6fbaf19c00b54f5a,LONG,PUT,-0.3500
1427,ase_pt_26a9bf53b4d14255,SHORT,PUT,-0.3500
800,ase_pt_5dc715014dd84a43,SHORT,PUT,-0.3500
1443,ase_pt_b561dca737e64954,SHORT,PUT,-0.3500
603,ase_pt_bb9a1f6f28054353,SHORT,PUT,-0.3500
1104,ase_pt_44cb1b0418044113,SHORT,PUT,-0.3500
923,ase_pt_ff3f24f24b8e45f4,SHORT,PUT,-0.3500
793,ase_pt_68dedcd545444fa1,SHORT,PUT,-0.3500
1243,ase_pt_cc496e3791394bdd,SHORT,PUT,-0.3500
1691,ase_pt_f13c06fdca6c4252,LONG,PUT,-0.3500
1582,ase_pt_90b15fbbc1784cbe,SHORT,PUT,-0.3500
1580,ase_pt_5d475d0436df49e3,LONG,PUT,-0.3500
951,ase_pt_c985b0ea78c349bf,SHORT,PUT,-0.3500
549,ase_pt_8fdcc3627c754690,SHORT,PUT,-0.3500
658,ase_pt_c3b3676b3dca4053,SHORT,PUT,-0.3500
338,ase_pt_7c43d64b976b406e,SHORT,PUT,-0.3500
1156,ase_pt_3ba61bac1a2f4d53,LONG,PUT,-0.3500
869,ase_pt_989392eefb9541f2,SHORT,PUT,-0.3500
1102,ase_pt_63b79671045a4aa2,LONG,PUT,-0.3500
784,ase_pt_072d99d8825b437b,SHORT,PUT,-0.3500
782,ase_pt_36c1bab4acbe416d,LONG,PUT,-0.3500
1512,ase_pt_32186d8d86644d8a,SHORT,PUT,-0.3500
1900,ase_pt_4ee635f1de7648c7,LONG,PUT,-0.3500
1189,ase_pt_256ccb2dec9a44b2,SHORT,PUT,-0.3500
229,ase_pt_57079b3931a14d23,SHORT,PUT,-0.3500
253,ase_pt_6117d75ace464771,LONG,PUT,-0.3500
361,ase_pt_3d55b52d40e74304,SHORT,PUT,-0.3500
681,ase_pt_4e16f998994a497a,SHORT,PUT,-0.3500
2041,ase_pt_b0eeb4319ad54360,SHORT,PUT,-0.3500
1298,ase_pt_5b1ade8a47a2427c,SHORT,PUT,-0.3500
1120,ase_pt_dcf739fea6c346c2,SHORT,PUT,-0.3500
1911,ase_pt_d69231f049ab4610,SHORT,PUT,-0.3500
1271,ase_pt_6a6f8dd6d8d04180,SHORT,PUT,-0.3500
1321,ase_pt_24e97ff0df5b4982,SHORT,PUT,-0.3500
2069,ase_pt_c693893a29cf4a5c,SHORT,PUT,-0.3500
142,ase_pt_36741c707c0f4b62,LONG,PUT,-0.3500
144,ase_pt_bf38b5588ca045ca,SHORT,PUT,-0.3500
1776,ase_pt_d5cd7abcf3714a9e,SHORT,PUT,-0.3500
1721,ase_pt_2611a56fa69b4883,SHORT,PUT,-0.3500
1213,ase_pt_7de3ce6fbc8845a0,LONG,PUT,-0.3500
1598,ase_pt_1a312a5f3dae490c,SHORT,PUT,-0.3500
1634,ase_pt_9d28f94eaeaf4126,LONG,PUT,-0.3500
1479,ase_pt_d1c575613d644f6d,LONG,PUT,-0.3500
196,ase_pt_79e593a33bc8450e,LONG,PUT,-0.3500
1001,ase_pt_f3afc3f4ede84b03,SHORT,PUT,-0.3500
480,ase_pt_e182672b33fc4791,SHORT,PUT,-0.3500
1425,ase_pt_7867db8a72a541c5,LONG,PUT,-0.3500
1749,ase_pt_f44fe45a5946442a,SHORT,PUT,-0.3500
2011,ase_pt_a9ede8c2b6164324,LONG,PUT,-0.3500
573,ase_pt_5f8707ca4cb44569,LONG,PUT,-0.3500
1591,ase_pt_25af5afd3fb64392,SHORT,PUT,-0.3500
283,ase_pt_32be02a6f8b348be,SHORT,PUT,-0.3500
1799,ase_pt_da861c9b34664bdb,SHORT,PUT,-0.3500
464,ase_pt_e80dd2b5c261433a,SHORT,PUT,-0.3500
1987,ase_pt_77eb0b5360724f38,SHORT,PUT,-0.3500
893,ase_pt_848e090753ce4b78,LONG,PUT,-0.3500
1902,ase_pt_24a77f31cca74e21,SHORT,PUT,-0.3500
153,ase_pt_3a64d9fcbff1414d,SHORT,PUT,-0.3500
836,ase_pt_34b7749cae3b494d,LONG,PUT,-0.3500
462,ase_pt_1d7c0f90a07c44e7,LONG,PUT,-0.3500
1918,ase_pt_c319fad03c394a4c,SHORT,PUT,-0.3500
1113,ase_pt_7c1b674006aa4427,SHORT,PUT,-0.3500
631,ase_pt_e89c1dfca5f44779,SHORT,PUT,-0.3500
2096,ase_pt_c63b5ebecfbb40ba,SHORT,PUT,-0.3500
1954,ase_pt_c940efd2a9954b9d,LONG,PUT,-0.3500
473,ase_pt_8779236ee5114ad7,SHORT,PUT,-0.3500
978,ase_pt_98a9900391574b3c,SHORT,PUT,-0.3500
1667,ase_pt_9304bdbefbc643c7,SHORT,PUT,-0.3500
160,ase_pt_b31a4d1261f343e9,SHORT,PUT,-0.3500
311,ase_pt_41fa6adf243d4784,SHORT,PUT,-0.3500
2119,ase_pt_668c2de047b24014,SHORT,PUT,-0.3500
1436,ase_pt_f19a297d7ecc4a07,SHORT,PUT,-0.3500
516,ase_pt_db747bae239b4a97,LONG,PUT,-0.3500
1059,ase_pt_b217288663e64abf,LONG,PUT,-0.3700
739,ase_pt_23c047592c864aa6,LONG,PUT,-0.3700
2177,ase_pt_9bb6a291e8394a63,LONG,PUT,-0.3700
419,ase_pt_274b14eb2f984158,LONG,PUT,-0.3700
1857,ase_pt_9193accc15f84997,LONG,PUT,-0.3700
1379,ase_pt_eb98d0776e8e4c2b,LONG,PUT,-0.3700
1867,ase_pt_32ac03879c054b1d,LONG,PUT,-0.4000
1392,ase_pt_b143fca2d6684ea9,LONG,PUT,-0.4000
789,ase_pt_824858ba1134432d,SHORT,PUT,-0.4000
109,ase_pt_82123c62b1164c60,LONG,PUT,-0.4000
1547,ase_pt_9ac2841b15404bcd,LONG,PUT,-0.4000
1389,ase_pt_90567077eb144619,LONG,PUT,-0.4000
1587,ase_pt_adbf72e54bee4e93,SHORT,PUT,-0.4000
1745,ase_pt_937913978a7345bf,SHORT,PUT,-0.4000
1069,ase_pt_3ca0620c4cef4d6f,LONG,PUT,-0.4000
947,ase_pt_1ec92c1858a942b5,SHORT,PUT,-0.4000
1109,ase_pt_bcbabed4ff834d64,SHORT,PUT,-0.4000
1267,ase_pt_70ff8734f7804dad,SHORT,PUT,-0.4000
627,ase_pt_0e9c0584c7a24633,SHORT,PUT,-0.4000
1907,ase_pt_11864dfe6e164f25,SHORT,PUT,-0.4000
749,ase_pt_d290c1a0e61b449f,LONG,PUT,-0.4000
2065,ase_pt_a41cbde2d94b40f5,SHORT,PUT,-0.4000
307,ase_pt_5b48b5fc0a3f40de,SHORT,PUT,-0.4000
429,ase_pt_9089a990edab441c,LONG,PUT,-0.4000
469,ase_pt_ca738e7c12374252,SHORT,PUT,-0.4000
149,ase_pt_1f5c6dbfe19748df,SHORT,PUT,-0.4000
1432,ase_pt_e3b8f1a59f6440b9,SHORT,PUT,-0.4000
2183,ase_pt_3f2458b9297a4ad0,SHORT,PUT,-0.4200
425,ase_pt_e4fbd56c2fba44d5,SHORT,PUT,-0.4200
1863,ase_pt_0910e43b7e134256,SHORT,PUT,-0.4200
745,ase_pt_5a58675379e94007,SHORT,PUT,-0.4200
1065,ase_pt_eacf187fc03e42a8,SHORT,PUT,-0.4200
1385,ase_pt_e2570da6158e4bf8,SHORT,PUT,-0.4200
271,ase_pt_071adb86c61641aa,LONG,PUT,-0.4500
2001,ase_pt_28328029a7f34d5d,LONG,PUT,-0.4500
911,ase_pt_e7742d0825944040,LONG,PUT,-0.4500
1709,ase_pt_19fd1a1afed14598,LONG,PUT,-0.4500
1203,ase_pt_9685e32cd4cc4f00,LONG,PUT,-0.4500
1231,ase_pt_d98382cd2b4f4c2d,LONG,PUT,-0.4500
243,ase_pt_001f7af9440e43f5,LONG,PUT,-0.4500
1681,ase_pt_7fdb187c20744630,LONG,PUT,-0.4500
563,ase_pt_c8310c4a33604a82,LONG,PUT,-0.4500
2029,ase_pt_7306e190b47841d5,LONG,PUT,-0.4500
883,ase_pt_7d604ae2b8b84008,LONG,PUT,-0.4500
591,ase_pt_0dc88f03b7564659,LONG,PUT,-0.4500
1526,ase_pt_5949f93a17d240ae,LONG,PUT,-0.4500
1378,ase_pt_eb98d0776e8e4c2b,SHORT,PUT,-0.5000
369,ase_pt_0f937b112584409c,LONG,PUT,-0.5000
1502,ase_pt_c1b18ab884d94247,LONG,PUT,-0.5000
1498,ase_pt_6c50347440d247b4,LONG,PUT,-0.5000
1494,ase_pt_23ef28daf9cb47a1,SHORT,PUT,-0.5000
1493,ase_pt_23ef28daf9cb47a1,LONG,PUT,-0.5000
539,ase_pt_ac4b9034cd964425,LONG,PUT,-0.5000
738,ase_pt_23c047592c864aa6,SHORT,PUT,-0.5000
733,ase_pt_e99a1c0bac7a44b8,LONG,PUT,-0.5000
215,ase_pt_00a319c736ae4b1d,LONG,PUT,-0.5000
1489,ase_pt_4ddf72645e174fe1,LONG,PUT,-0.5000
1202,ase_pt_9685e32cd4cc4f00,SHORT,PUT,-0.5000
541,ase_pt_b8bb8ab33f7c4861,LONG,PUT,-0.5000
392,ase_pt_9aa23c0340c74068,SHORT,PUT,-0.5000
1108,ase_pt_bcbabed4ff834d64,LONG,PUT,-0.5000
221,ase_pt_7a7c2d1c8e31410e,LONG,PUT,-0.5000
1110,ase_pt_0a828b9ce657480c,LONG,PUT,-0.5000
1764,ase_pt_856dbff788e84c4c,SHORT,PUT,-0.5000
1621,ase_pt_d9415203c20b46f6,LONG,PUT,-0.5000
972,ase_pt_d8dc2fb768cf4d72,SHORT,PUT,-0.5000
1981,ase_pt_cc391a931e4f47f4,SHORT,PUT,-0.5000
1770,ase_pt_19ab29c2e07f4f23,SHORT,PUT,-0.5000
1352,ase_pt_1dfa879e84f34a36,SHORT,PUT,-0.5000
1620,ase_pt_d9415203c20b46f6,SHORT,PUT,-0.5000
966,ase_pt_630c5bfba91c45a1,SHORT,PUT,-0.5000
2090,ase_pt_392c2cc71b23483b,SHORT,PUT,-0.5000
2171,ase_pt_0dd30d7452624163,LONG,PUT,-0.5000
1116,ase_pt_e3723739cd9c4db8,LONG,PUT,-0.5000
1784,ase_pt_471b2b947e7240f9,SHORT,PUT,-0.5000
1607,ase_pt_9c7a74fa838e4e13,LONG,PUT,-0.5000
1606,ase_pt_9c7a74fa838e4e13,SHORT,PUT,-0.5000
1788,ase_pt_efb8edaa521b47e8,LONG,PUT,-0.5000
1600,ase_pt_b78de49d410c4b6a,LONG,PUT,-0.5000
1122,ase_pt_297066db97404b77,LONG,PUT,-0.5000
1594,ase_pt_b3196782bca54c2f,LONG,PUT,-0.5000
1803,ase_pt_c5fdce8b34414e05,LONG,PUT,-0.5000
2123,ase_pt_01bff1e9f1a94d9b,LONG,PUT,-0.5000
2176,ase_pt_9bb6a291e8394a63,SHORT,PUT,-0.5000
1807,ase_pt_1bc8f735bf054b14,LONG,PUT,-0.5000
1588,ase_pt_51aca08bd0af4f10,LONG,PUT,-0.5000
77,ase_pt_c9285bac7ab4456a,LONG,PUT,-0.5000
1586,ase_pt_adbf72e54bee4e93,LONG,PUT,-0.5000
562,ase_pt_c8310c4a33604a82,SHORT,PUT,-0.5000
1579,ase_pt_cb4bcbf8a2d84d5f,SHORT,PUT,-0.5000
2127,ase_pt_323b41a676d94132,LONG,PUT,-0.5000
1979,ase_pt_f718bcf91c2f4cf6,LONG,PUT,-0.5000
1977,ase_pt_47b045d3637a422d,LONG,PUT,-0.5000
1576,ase_pt_046547bd9a204f91,LONG,PUT,-0.5000
1128,ase_pt_b56a1c5009bc48ba,SHORT,PUT,-0.5000
910,ase_pt_e7742d0825944040,SHORT,PUT,-0.5000
2084,ase_pt_b5a80c476a354e47,SHORT,PUT,-0.5000
168,ase_pt_922c42b2e24d4fb5,SHORT,PUT,-0.5000
1129,ase_pt_b56a1c5009bc48ba,LONG,PUT,-0.5000
1830,ase_pt_8866dcbf077e4891,SHORT,PUT,-0.5000
169,ase_pt_922c42b2e24d4fb5,LONG,PUT,-0.5000
102,ase_pt_413ea62f4d2f4494,LONG,PUT,-0.5000
1973,ase_pt_cecf9ac515e84f97,LONG,PUT,-0.5000
892,ase_pt_848e090753ce4b78,SHORT,PUT,-0.5000
2004,ase_pt_e9774f4255124adc,SHORT,PUT,-0.5000
1926,ase_pt_d87d772111f84a26,SHORT,PUT,-0.5000
1142,ase_pt_8bb5c04c7e374521,SHORT,PUT,-0.5000
886,ase_pt_5531bb51b3f046e0,SHORT,PUT,-0.5000
1143,ase_pt_8bb5c04c7e374521,LONG,PUT,-0.5000
882,ase_pt_7d604ae2b8b84008,SHORT,PUT,-0.5000
1969,ase_pt_e027cb165fd34219,SHORT,PUT,-0.5000
150,ase_pt_1aeab363df7b46d9,LONG,PUT,-0.5000
1851,ase_pt_5512d71f7e0c419d,LONG,PUT,-0.5000
1306,ase_pt_5208c296a9d047a4,SHORT,PUT,-0.5000
873,ase_pt_c15348efbf064e5a,LONG,PUT,-0.5000
1856,ase_pt_9193accc15f84997,SHORT,PUT,-0.5000
872,ase_pt_c15348efbf064e5a,SHORT,PUT,-0.5000
1968,ase_pt_e027cb165fd34219,LONG,PUT,-0.5000
2010,ase_pt_a9ede8c2b6164324,SHORT,PUT,-0.5000
867,ase_pt_989392eefb9541f2,LONG,PUT,-0.5000
2150,ase_pt_b816b72e7a2f46dc,SHORT,PUT,-0.5000
252,ase_pt_6117d75ace464771,SHORT,PUT,-0.5000
863,ase_pt_6380627d787b417b,SHORT,PUT,-0.5000
246,ase_pt_f7e0e8d95161439f,SHORT,PUT,-0.5000
861,ase_pt_dda2c92bd3bf4532,LONG,PUT,-0.5000
1964,ase_pt_97bde6ee96964044,LONG,PUT,-0.5000
859,ase_pt_bb16728c9ab74c57,LONG,PUT,-0.5000
855,ase_pt_492673dfeb9d4bb4,LONG,PUT,-0.5000
242,ase_pt_001f7af9440e43f5,SHORT,PUT,-0.5000
219,ase_pt_61163c0323cd45fc,LONG,PUT,-0.5000
851,ase_pt_f524316759cb4ded,SHORT,PUT,-0.5000
270,ase_pt_071adb86c61641aa,SHORT,PUT,-0.5000
850,ase_pt_f524316759cb4ded,LONG,PUT,-0.5000
846,ase_pt_78bec6a96d964fd6,LONG,PUT,-0.5000
1166,ase_pt_b73e0508eca949e8,LONG,PUT,-0.5000
572,ase_pt_5f8707ca4cb44569,SHORT,PUT,-0.5000
1170,ase_pt_532c902bfb4748ee,LONG,PUT,-0.5000
182,ase_pt_413893ee62984e99,SHORT,PUT,-0.5000
1171,ase_pt_532c902bfb4748ee,SHORT,PUT,-0.5000
1906,ase_pt_11864dfe6e164f25,LONG,PUT,-0.5000
148,ase_pt_1f5c6dbfe19748df,LONG,PUT,-0.5000
183,ase_pt_413893ee62984e99,LONG,PUT,-0.5000
823,ase_pt_b70d6af2f94d4814,LONG,PUT,-0.5000
822,ase_pt_b70d6af2f94d4814,SHORT,PUT,-0.5000
809,ase_pt_e0843e5730d14f6a,LONG,PUT,-0.5000
526,ase_pt_130a27a8cb9745ba,LONG,PUT,-0.5000
808,ase_pt_e0843e5730d14f6a,SHORT,PUT,-0.5000
1310,ase_pt_c90f2d4483524cf3,LONG,PUT,-0.5000
1535,ase_pt_6fbaf19c00b54f5a,SHORT,PUT,-0.5000
802,ase_pt_29707c7594b24de3,LONG,PUT,-0.5000
1175,ase_pt_c62db28384754bcc,LONG,PUT,-0.5000
1908,ase_pt_f57567ca8d45430f,LONG,PUT,-0.5000
796,ase_pt_d4b58757814f4b80,LONG,PUT,-0.5000
1529,ase_pt_eae220cc91eb49ee,SHORT,PUT,-0.5000
530,ase_pt_e44634809c5544e3,LONG,PUT,-0.5000
1179,ase_pt_a46af2f3109f4baf,LONG,PUT,-0.5000
326,ase_pt_64cba35090f74aaf,SHORT,PUT,-0.5000
531,ase_pt_e44634809c5544e3,SHORT,PUT,-0.5000
1525,ase_pt_5949f93a17d240ae,SHORT,PUT,-0.5000
790,ase_pt_81456c16dc9141dc,LONG,PUT,-0.5000
332,ase_pt_662b1d2e3f3b4a8c,SHORT,PUT,-0.5000
788,ase_pt_824858ba1134432d,LONG,PUT,-0.5000
1181,ase_pt_4b4633b31af942dc,LONG,PUT,-0.5000
1183,ase_pt_2b871389c3f94b23,SHORT,PUT,-0.5000
590,ase_pt_0dc88f03b7564659,SHORT,PUT,-0.5000
1516,ase_pt_8cea473fdd8847ee,LONG,PUT,-0.5000
1515,ase_pt_8cea473fdd8847ee,SHORT,PUT,-0.5000
1187,ase_pt_256ccb2dec9a44b2,LONG,PUT,-0.5000
346,ase_pt_a1c8e3c5b81941d4,SHORT,PUT,-0.5000
781,ase_pt_d66365d89f08431d,SHORT,PUT,-0.5000
350,ase_pt_fb84854ccb4f40ab,LONG,PUT,-0.5000
1510,ase_pt_32186d8d86644d8a,LONG,PUT,-0.5000
778,ase_pt_9b4f4bfe915d486c,LONG,PUT,-0.5000
1192,ase_pt_90fdbdd9ef814faa,SHORT,PUT,-0.5000
535,ase_pt_ea5c2ec694ed460f,LONG,PUT,-0.5000
1506,ase_pt_57db029c27af45e3,SHORT,PUT,-0.5000
1193,ase_pt_90fdbdd9ef814faa,LONG,PUT,-0.5000
1504,ase_pt_03e63508f3af489f,LONG,PUT,-0.5000
365,ase_pt_aaac37a07a91407d,LONG,PUT,-0.5000
1465,ase_pt_c8a9b9a5f23c4a02,SHORT,PUT,-0.5000
689,ase_pt_ec5bbbcd384d43e0,LONG,PUT,-0.5000
566,ase_pt_d416f4b7532c415c,SHORT,PUT,-0.5000
413,ase_pt_bbd9a12dae4b4160,LONG,PUT,-0.5000
233,ase_pt_b2ca50de093b4563,LONG,PUT,-0.5000
685,ase_pt_51e1bd8493af4532,LONG,PUT,-0.5000
418,ase_pt_274b14eb2f984158,SHORT,PUT,-0.5000
141,ase_pt_38c8440699ab4e45,SHORT,PUT,-0.5000
2028,ase_pt_7306e190b47841d5,SHORT,PUT,-0.5000
1914,ase_pt_fc496f6591134f0d,LONG,PUT,-0.5000
1230,ase_pt_d98382cd2b4f4c2d,SHORT,PUT,-0.5000
232,ase_pt_b2ca50de093b4563,SHORT,PUT,-0.5000
670,ase_pt_6238c50e54c64833,LONG,PUT,-0.5000
547,ase_pt_8fdcc3627c754690,LONG,PUT,-0.5000
666,ase_pt_f22e95e154d94408,SHORT,PUT,-0.5000
227,ase_pt_57079b3931a14d23,LONG,PUT,-0.5000
1452,ase_pt_6edd6080f1904229,LONG,PUT,-0.5000
206,ase_pt_aa854a4440c0485e,LONG,PUT,-0.5000
1451,ase_pt_6edd6080f1904229,SHORT,PUT,-0.5000
1329,ase_pt_cfeb044893794459,LONG,PUT,-0.5000
652,ase_pt_626ffd58b34e45ec,SHORT,PUT,-0.5000
1927,ase_pt_d87d772111f84a26,LONG,PUT,-0.5000
646,ase_pt_df0a266b5a764677,SHORT,PUT,-0.5000
1445,ase_pt_7a913eaa2e034493,LONG,PUT,-0.5000
1439,ase_pt_83538519e8064a9e,LONG,PUT,-0.5000
1920,ase_pt_3159c7198f9847ca,LONG,PUT,-0.5000
458,ase_pt_f5348162a2d24340,LONG,PUT,-0.5000
552,ase_pt_390ae52392654d73,SHORT,PUT,-0.5000
461,ase_pt_e8185dd214344b3d,SHORT,PUT,-0.5000
1433,ase_pt_0e064b32f2734d4b,LONG,PUT,-0.5000
1431,ase_pt_e3b8f1a59f6440b9,LONG,PUT,-0.5000
468,ase_pt_ca738e7c12374252,LONG,PUT,-0.5000
470,ase_pt_422c7e1be7ac41bc,LONG,PUT,-0.5000
553,ase_pt_390ae52392654d73,LONG,PUT,-0.5000
476,ase_pt_97126c75c93c44f0,LONG,PUT,-0.5000
1373,ase_pt_43b493247bb548cc,LONG,PUT,-0.5000
1896,ase_pt_36e8e261e3e1469f,LONG,PUT,-0.5000
1424,ase_pt_80ab7cc88064422c,SHORT,PUT,-0.5000
482,ase_pt_977ced069bc5425b,LONG,PUT,-0.5000
210,ase_pt_28ea289d06244a2c,LONG,PUT,-0.5000
138,ase_pt_19d58ab0083c4d4e,LONG,PUT,-0.5000
1325,ase_pt_feffd623b601459d,LONG,PUT,-0.5000
488,ase_pt_2fb28aa0a20f49b3,SHORT,PUT,-0.5000
489,ase_pt_2fb28aa0a20f49b3,LONG,PUT,-0.5000
1421,ase_pt_c95aee18709e452c,LONG,PUT,-0.5000
223,ase_pt_bce325b6dbd949b5,SHORT,PUT,-0.5000
1684,ase_pt_75bb9bbffddc42a9,SHORT,PUT,-0.5000
2108,ase_pt_afbccbf809824372,LONG,PUT,-0.5000
1690,ase_pt_f13c06fdca6c4252,SHORT,PUT,-0.5000
1680,ase_pt_7fdb187c20744630,SHORT,PUT,-0.5000
1058,ase_pt_b217288663e64abf,SHORT,PUT,-0.5000
1053,ase_pt_0c9b4327f85a4179,LONG,PUT,-0.5000
156,ase_pt_9f12756001424bb1,LONG,PUT,-0.5000
1671,ase_pt_4bc71f3c83f84bc1,LONG,PUT,-0.5000
1670,ase_pt_4bc71f3c83f84bc1,SHORT,PUT,-0.5000
2104,ase_pt_b18fa90299b1435f,SHORT,PUT,-0.5000
1708,ase_pt_19fd1a1afed14598,SHORT,PUT,-0.5000
1286,ase_pt_00ab5dd704f449f7,SHORT,PUT,-0.5000
1665,ase_pt_9304bdbefbc643c7,LONG,PUT,-0.5000
52,ase_pt_f417c1e1b7594d6f,LONG,PUT,-0.5000
211,ase_pt_28ea289d06244a2c,SHORT,PUT,-0.5000
1032,ase_pt_d3b5f2da35984057,SHORT,PUT,-0.5000
1661,ase_pt_9ad847fa6c644d6e,SHORT,PUT,-0.5000
1899,ase_pt_5b47757a95a44adf,SHORT,PUT,-0.5000
162,ase_pt_2b6fcc40f3494051,LONG,PUT,-0.5000
1659,ase_pt_693ad4c178f244e6,LONG,PUT,-0.5000
1991,ase_pt_6aca195c5bfb4fb8,LONG,PUT,-0.5000
1657,ase_pt_0dc66601fbd449ff,LONG,PUT,-0.5000
1990,ase_pt_6aca195c5bfb4fb8,SHORT,PUT,-0.5000
2000,ase_pt_28328029a7f34d5d,SHORT,PUT,-0.5000
1292,ase_pt_6eecd7dc53e44088,SHORT,PUT,-0.5000
502,ase_pt_b6be8e95c33a4553,SHORT,PUT,-0.5000
1653,ase_pt_a177f80b7b324348,LONG,PUT,-0.5000
1098,ase_pt_5451fd35cf2d40c9,LONG,PUT,-0.5000
1009,ase_pt_5e1802c0f78045cb,LONG,PUT,-0.5000
1649,ase_pt_ad40ee17f4b24319,SHORT,PUT,-0.5000
1648,ase_pt_ad40ee17f4b24319,LONG,PUT,-0.5000
1005,ase_pt_a2df9c7deeea4407,LONG,PUT,-0.5000
1985,ase_pt_77eb0b5360724f38,LONG,PUT,-0.5000
1644,ase_pt_f02c2b0e4ea846d5,LONG,PUT,-0.5000
503,ase_pt_b6be8e95c33a4553,LONG,PUT,-0.5000
1101,ase_pt_304246ad516046d6,SHORT,PUT,-0.5000
990,ase_pt_3f620ebb349a4df9,LONG,PUT,-0.5000
986,ase_pt_963783dd4e834ad5,SHORT,PUT,-0.5000
1206,ase_pt_7c3ef7e616e149da,SHORT,PUT,-0.5000
712,ase_pt_3c3d96cd00fa4b9f,SHORT,PUT,-0.5000
1212,ase_pt_7de3ce6fbc8845a0,SHORT,PUT,-0.5000
1941,ase_pt_284fd697de8f4add,LONG,PUT,-0.5000
1940,ase_pt_284fd697de8f4add,SHORT,PUT,-0.5000
543,ase_pt_fd8f510a65cb426a,SHORT,PUT,-0.5000
1466,ase_pt_c8a9b9a5f23c4a02,LONG,PUT,-0.5000
241,ase_pt_001f7af9440e43f5,LONG,PUT,-0.5500
1229,ase_pt_d98382cd2b4f4c2d,LONG,PUT,-0.5500
881,ase_pt_7d604ae2b8b84008,LONG,PUT,-0.5500
2027,ase_pt_7306e190b47841d5,LONG,PUT,-0.5500
2009,ase_pt_a9ede8c2b6164324,LONG,PUT,-0.5500
909,ase_pt_e7742d0825944040,LONG,PUT,-0.5500
1775,ase_pt_d5cd7abcf3714a9e,LONG,PUT,-0.5500
589,ase_pt_0dc88f03b7564659,LONG,PUT,-0.5500
251,ase_pt_6117d75ace464771,LONG,PUT,-0.5500
1297,ase_pt_5b1ade8a47a2427c,LONG,PUT,-0.5500
977,ase_pt_98a9900391574b3c,LONG,PUT,-0.5500
1201,ase_pt_9685e32cd4cc4f00,LONG,PUT,-0.5500
891,ase_pt_848e090753ce4b78,LONG,PUT,-0.5500
561,ase_pt_c8310c4a33604a82,LONG,PUT,-0.5500
571,ase_pt_5f8707ca4cb44569,LONG,PUT,-0.5500
269,ase_pt_071adb86c61641aa,LONG,PUT,-0.5500
1534,ase_pt_6fbaf19c00b54f5a,LONG,PUT,-0.5500
2095,ase_pt_c63b5ebecfbb40ba,LONG,PUT,-0.5500
1211,ase_pt_7de3ce6fbc8845a0,LONG,PUT,-0.5500
1679,ase_pt_7fdb187c20744630,LONG,PUT,-0.5500
1999,ase_pt_28328029a7f34d5d,LONG,PUT,-0.5500
1524,ase_pt_5949f93a17d240ae,LONG,PUT,-0.5500
657,ase_pt_c3b3676b3dca4053,LONG,PUT,-0.5500
337,ase_pt_7c43d64b976b406e,LONG,PUT,-0.5500
1707,ase_pt_19fd1a1afed14598,LONG,PUT,-0.5500
1689,ase_pt_f13c06fdca6c4252,LONG,PUT,-0.5500
63,ase_pt_f90caba5eb23474c,LONG,PUT,-0.5800
38,ase_pt_e93e30f16e154e46,LONG,PUT,-0.5800
88,ase_pt_ea65248f920c4afd,LONG,PUT,-0.5800
152,ase_pt_3a64d9fcbff1414d,LONG,PUT,-0.6000
1112,ase_pt_7c1b674006aa4427,LONG,PUT,-0.6000
1471,ase_pt_1ca9d2bc3c954aa1,LONG,PUT,-0.6000
508,ase_pt_21edb5107520446d,LONG,PUT,-0.6000
1626,ase_pt_4a733320cf6c430b,LONG,PUT,-0.6000
1946,ase_pt_4be2cf80d3624f25,LONG,PUT,-0.6000
188,ase_pt_1cdfe82457184b5e,LONG,PUT,-0.6000
1910,ase_pt_d69231f049ab4610,LONG,PUT,-0.6000
792,ase_pt_68dedcd545444fa1,LONG,PUT,-0.6000
1148,ase_pt_2e78f09475d34b9c,LONG,PUT,-0.6000
828,ase_pt_68eeb4f5c58f48cd,LONG,PUT,-0.6000
1435,ase_pt_f19a297d7ecc4a07,LONG,PUT,-0.6000
472,ase_pt_8779236ee5114ad7,LONG,PUT,-0.6000
1590,ase_pt_25af5afd3fb64392,LONG,PUT,-0.6000
1377,ase_pt_eb98d0776e8e4c2b,LONG,PUT,-0.6200
417,ase_pt_274b14eb2f984158,LONG,PUT,-0.6200
1057,ase_pt_b217288663e64abf,LONG,PUT,-0.6200
1855,ase_pt_9193accc15f84997,LONG,PUT,-0.6200
2175,ase_pt_9bb6a291e8394a63,LONG,PUT,-0.6200
737,ase_pt_23c047592c864aa6,LONG,PUT,-0.6200
780,ase_pt_d66365d89f08431d,LONG,PUT,-0.6500
1578,ase_pt_cb4bcbf8a2d84d5f,LONG,PUT,-0.6500
460,ase_pt_e8185dd214344b3d,LONG,PUT,-0.6500
1898,ase_pt_5b47757a95a44adf,LONG,PUT,-0.6500
1423,ase_pt_80ab7cc88064422c,LONG,PUT,-0.6500
140,ase_pt_38c8440699ab4e45,LONG,PUT,-0.6500
1100,ase_pt_304246ad516046d6,LONG,PUT,-0.6500
436,ase_pt_3847e37dbe01457c,LONG,PUT,-0.7000
1869,ase_pt_1ea1196300224d4b,LONG,PUT,-0.7000
756,ase_pt_a786e2c48589413f,LONG,PUT,-0.7000
1638,ase_pt_685e2dc764044b0a,LONG,PUT,-0.7000
1483,ase_pt_c467febe9f4646de,LONG,PUT,-0.7000
1394,ase_pt_feb277e4ceee4a33,LONG,PUT,-0.7000
1399,ase_pt_f7783f7e02854358,LONG,PUT,-0.7000
1071,ase_pt_1c95fb9bd5194ab1,LONG,PUT,-0.7000
200,ase_pt_82ada73b5e58432a,LONG,PUT,-0.7000
111,ase_pt_b81ee0040f7d4f04,LONG,PUT,-0.7000
751,ase_pt_e7789d15879a45eb,LONG,PUT,-0.7000
1958,ase_pt_490447f9a8614b5a,LONG,PUT,-0.7000
116,ase_pt_426a457a5c514b82,LONG,PUT,-0.7000
520,ase_pt_8e442eea96e1491f,LONG,PUT,-0.7000
1874,ase_pt_b19c89664d8d4c91,LONG,PUT,-0.7000
431,ase_pt_6b35e0a20e884b30,LONG,PUT,-0.7000
1554,ase_pt_145e7e156a714c6b,LONG,PUT,-0.7000
1160,ase_pt_a56d6cd8ff234e19,LONG,PUT,-0.7000
1076,ase_pt_8b3c4ae687964a70,LONG,PUT,-0.7000
1549,ase_pt_0410e0d5f8af4361,LONG,PUT,-0.7000
840,ase_pt_df9ef3680a77413b,LONG,PUT,-0.7000
1073,ase_pt_df836ccb480e43ac,LONG,PUT,-0.8000
113,ase_pt_5777f328ee784956,LONG,PUT,-0.8000
753,ase_pt_c985351fe54449c8,LONG,PUT,-0.8000
1871,ase_pt_2c74697a3b3b4846,LONG,PUT,-0.8000
1396,ase_pt_8f07b5e253e84aac,LONG,PUT,-0.8000
433,ase_pt_f8bf64f3692e4ea8,LONG,PUT,-0.8000
1551,ase_pt_5cd9914d28294eaa,LONG,PUT,-0.8000
