id,paper_trade_id,expiration
27,ase_pt_426097d373aa4fbd,2026-09-19
28,ase_pt_426097d373aa4fbd,2026-09-19
29,ase_pt_6083b99595c94b37,2026-09-19
30,ase_pt_6083b99595c94b37,2026-09-19
31,ase_pt_3bda863231e14809,2026-09-19
32,ase_pt_3bda863231e14809,2026-09-19
33,ase_pt_ecffd21d1e71478d,2026-08-21
34,ase_pt_ecffd21d1e71478d,2026-08-21
35,ase_pt_99857ff17e444244,2026-08-21
36,ase_pt_9348885232d04d4e,2026-08-21
37,ase_pt_9348885232d04d4e,2026-08-21
38,ase_pt_e93e30f16e154e46,2026-08-21
39,ase_pt_e93e30f16e154e46,2026-08-21
40,ase_pt_556516fdaa6346da,2026-08-21
41,ase_pt_556516fdaa6346da,2026-09-18
42,ase_pt_50cee139dd5f4d1b,2026-08-21
43,ase_pt_50cee139dd5f4d1b,2026-09-18
44,ase_pt_dc09b5d14ef44603,2026-08-21
45,ase_pt_dc09b5d14ef44603,2026-08-21
46,ase_pt_dc09b5d14ef44603,2026-08-21
47,ase_pt_341bcf3e6977437d,2026-08-21
48,ase_pt_341bcf3e6977437d,2026-08-21
49,ase_pt_341bcf3e6977437d,2026-08-21
50,ase_pt_341bcf3e6977437d,2026-08-21
51,ase_pt_f417c1e1b7594d6f,2026-08-21
52,ase_pt_f417c1e1b7594d6f,2026-08-21
53,ase_pt_fe5c39faa9ff45bb,2026-08-21
54,ase_pt_fe5c39faa9ff45bb,2026-08-21
55,ase_pt_1c70e2ed36e748c0,2026-08-21
56,ase_pt_1c70e2ed36e748c0,2026-08-21
57,ase_pt_1c70e2ed36e748c0,2026-08-21
58,ase_pt_c07afef2857d49ed,2026-08-21
59,ase_pt_c07afef2857d49ed,2026-08-21
60,ase_pt_35fc776144e54a4b,2026-08-21
61,ase_pt_06792981111b4143,2026-08-21
62,ase_pt_06792981111b4143,2026-08-21
63,ase_pt_f90caba5eb23474c,2026-08-21
64,ase_pt_f90caba5eb23474c,2026-08-21
65,ase_pt_117a109ec5dd4070,2026-08-21
66,ase_pt_117a109ec5dd4070,2026-09-18
67,ase_pt_16386550e4ec40a8,2026-08-21
68,ase_pt_16386550e4ec40a8,2026-09-18
69,ase_pt_bf1cf12068b3467c,2026-08-21
70,ase_pt_bf1cf12068b3467c,2026-08-21
71,ase_pt_bf1cf12068b3467c,2026-08-21
72,ase_pt_bdd79945f43049f0,2026-08-21
73,ase_pt_bdd79945f43049f0,2026-08-21
74,ase_pt_bdd79945f43049f0,2026-08-21
75,ase_pt_bdd79945f43049f0,2026-08-21
76,ase_pt_c9285bac7ab4456a,2026-08-21
77,ase_pt_c9285bac7ab4456a,2026-08-21
78,ase_pt_f03d8213adaf4693,2026-08-21
79,ase_pt_f03d8213adaf4693,2026-08-21
80,ase_pt_6cb43827aca54901,2026-08-21
81,ase_pt_6cb43827aca54901,2026-08-21
82,ase_pt_6cb43827aca54901,2026-08-21
83,ase_pt_425af45e774a4d75,2026-08-21
84,ase_pt_425af45e774a4d75,2026-08-21
85,ase_pt_f81f75f7f93c45bd,2026-08-21
86,ase_pt_128484047a824332,2026-08-21
87,ase_pt_128484047a824332,2026-08-21
88,ase_pt_ea65248f920c4afd,2026-08-21
89,ase_pt_ea65248f920c4afd,2026-08-21
90,ase_pt_0b70f91107a2450c,2026-08-21
91,ase_pt_0b70f91107a2450c,2026-09-18
92,ase_pt_14f3d29356e1406e,2026-08-21
93,ase_pt_14f3d29356e1406e,2026-09-18
94,ase_pt_bacc84d4772d447c,2026-08-21
95,ase_pt_bacc84d4772d447c,2026-08-21
96,ase_pt_bacc84d4772d447c,2026-08-21
97,ase_pt_d08c204af0aa4d79,2026-08-21
98,ase_pt_d08c204af0aa4d79,2026-08-21
99,ase_pt_d08c204af0aa4d79,2026-08-21
100,ase_pt_d08c204af0aa4d79,2026-08-21
101,ase_pt_413ea62f4d2f4494,2026-08-21
102,ase_pt_413ea62f4d2f4494,2026-08-21
103,ase_pt_441256588f4a4d41,2026-08-21
104,ase_pt_441256588f4a4d41,2026-08-21
105,ase_pt_e5231e71990f4568,2026-08-21
106,ase_pt_e5231e71990f4568,2026-08-21
107,ase_pt_e5231e71990f4568,2026-08-21
108,ase_pt_31a61421b62646dc,2026-08-21
109,ase_pt_82123c62b1164c60,2026-08-21
110,ase_pt_3795820de110476a,2027-07-16
111,ase_pt_b81ee0040f7d4f04,2027-07-16
112,ase_pt_09120c21e9ab423c,2026-08-21
113,ase_pt_5777f328ee784956,2026-08-21
114,ase_pt_2131ca79b52849e6,2027-07-16
115,ase_pt_2131ca79b52849e6,2026-08-21
116,ase_pt_426a457a5c514b82,2027-07-16
117,ase_pt_426a457a5c514b82,2026-08-21
118,ase_pt_ab7790faa1c546cf,2026-08-21
119,ase_pt_ab7790faa1c546cf,2026-08-21
120,ase_pt_90aebf88d50e4c5e,2026-08-21
121,ase_pt_90aebf88d50e4c5e,2026-08-21
122,ase_pt_81d385620a0340d0,2026-08-21
123,ase_pt_81d385620a0340d0,2026-08-21
124,ase_pt_259c9ec7c0bb44ad,2026-08-21
125,ase_pt_259c9ec7c0bb44ad,2026-08-21
126,ase_pt_efe0d09f127f4b5e,2026-08-21
127,ase_pt_efe0d09f127f4b5e,2026-08-21
128,ase_pt_8fc139721c9c4d94,2026-08-21
129,ase_pt_8fc139721c9c4d94,2026-08-21
130,ase_pt_3c7ddbca75b940eb,2026-08-21
131,ase_pt_3c7ddbca75b940eb,2026-08-21
132,ase_pt_0ee34056a5ba483e,2027-07-16
133,ase_pt_0ee34056a5ba483e,2027-07-16
134,ase_pt_bda5c6e34e8646be,2026-08-21
135,ase_pt_bda5c6e34e8646be,2026-08-21
136,ase_pt_549092c247454f84,2026-08-21
137,ase_pt_549092c247454f84,2026-09-18
138,ase_pt_19d58ab0083c4d4e,2026-08-21
139,ase_pt_19d58ab0083c4d4e,2026-08-21
140,ase_pt_38c8440699ab4e45,2026-08-21
141,ase_pt_38c8440699ab4e45,2026-08-21
142,ase_pt_36741c707c0f4b62,2026-08-21
143,ase_pt_36741c707c0f4b62,2026-08-21
144,ase_pt_bf38b5588ca045ca,2026-08-21
145,ase_pt_bf38b5588ca045ca,2026-08-21
146,ase_pt_40905bcdfaae4348,2026-08-21
147,ase_pt_40905bcdfaae4348,2026-08-21
148,ase_pt_1f5c6dbfe19748df,2026-08-21
149,ase_pt_1f5c6dbfe19748df,2026-08-21
150,ase_pt_1aeab363df7b46d9,2026-08-21
151,ase_pt_1aeab363df7b46d9,2026-08-21
152,ase_pt_3a64d9fcbff1414d,2027-07-16
153,ase_pt_3a64d9fcbff1414d,2027-07-16
154,ase_pt_01fef25551624710,2026-08-21
155,ase_pt_01fef25551624710,2026-08-21
156,ase_pt_9f12756001424bb1,2026-08-21
157,ase_pt_9f12756001424bb1,2026-09-18
158,ase_pt_b31a4d1261f343e9,2026-08-21
159,ase_pt_b31a4d1261f343e9,2026-08-21
160,ase_pt_b31a4d1261f343e9,2026-08-21
161,ase_pt_b31a4d1261f343e9,2026-08-21
162,ase_pt_2b6fcc40f3494051,2026-08-21
163,ase_pt_2b6fcc40f3494051,2026-08-21
164,ase_pt_2b6fcc40f3494051,2026-08-21
165,ase_pt_2b6fcc40f3494051,2026-08-21
166,ase_pt_99cb0be7029b4a82,2026-08-21
167,ase_pt_99cb0be7029b4a82,2026-09-18
168,ase_pt_922c42b2e24d4fb5,2026-08-21
169,ase_pt_922c42b2e24d4fb5,2026-09-18
170,ase_pt_30c9f7f099f04656,2026-08-21
171,ase_pt_30c9f7f099f04656,2026-09-18
172,ase_pt_e1b81c458fdd4e71,2026-08-21
173,ase_pt_e1b81c458fdd4e71,2026-09-18
174,ase_pt_76bbcd4f1f4f4321,2026-08-21
175,ase_pt_76bbcd4f1f4f4321,2026-09-18
176,ase_pt_76bbcd4f1f4f4321,2026-08-21
177,ase_pt_76bbcd4f1f4f4321,2026-09-18
178,ase_pt_348d05419ab448e7,2026-08-21
179,ase_pt_348d05419ab448e7,2026-09-18
180,ase_pt_583071390312407f,2026-09-18
181,ase_pt_583071390312407f,2027-07-16
182,ase_pt_413893ee62984e99,2026-09-18
183,ase_pt_413893ee62984e99,2027-07-16
184,ase_pt_e11d456d41a84455,2026-09-18
185,ase_pt_e11d456d41a84455,2026-08-21
186,ase_pt_d76fb2bccf7b4907,2026-09-18
187,ase_pt_d76fb2bccf7b4907,2026-08-21
188,ase_pt_1cdfe82457184b5e,2026-09-18
189,ase_pt_1cdfe82457184b5e,2026-08-21
190,ase_pt_25965cdfc2b84bb7,2026-09-18
191,ase_pt_25965cdfc2b84bb7,2026-08-21
192,ase_pt_468a12d81bfa4bbe,2026-09-18
193,ase_pt_468a12d81bfa4bbe,2026-08-21
194,ase_pt_79e593a33bc8450e,2026-09-18
195,ase_pt_79e593a33bc8450e,2026-08-21
196,ase_pt_79e593a33bc8450e,2026-09-18
197,ase_pt_79e593a33bc8450e,2026-08-21
198,ase_pt_56ec12c833d3410d,2027-07-16
199,ase_pt_56ec12c833d3410d,2026-08-21
200,ase_pt_82ada73b5e58432a,2027-07-16
201,ase_pt_82ada73b5e58432a,2026-08-21
202,ase_pt_e24cb20825964481,2026-09-18
203,ase_pt_e24cb20825964481,2026-08-21
204,ase_pt_0696a7501e5a4b86,2026-09-18
205,ase_pt_0696a7501e5a4b86,2026-08-21
206,ase_pt_aa854a4440c0485e,2026-09-18
207,ase_pt_aa854a4440c0485e,2026-08-21
208,ase_pt_28ea289d06244a2c,2026-09-18
209,ase_pt_28ea289d06244a2c,2026-08-21
210,ase_pt_28ea289d06244a2c,2026-09-18
211,ase_pt_28ea289d06244a2c,2026-08-21
212,ase_pt_328f936a7b994ec1,2026-10-16
213,ase_pt_328f936a7b994ec1,2026-08-21
214,ase_pt_00a319c736ae4b1d,2026-08-21
215,ase_pt_00a319c736ae4b1d,2026-08-21
216,ase_pt_072a3bfdbe32476a,2026-08-21
217,ase_pt_072a3bfdbe32476a,2026-08-21
218,ase_pt_61163c0323cd45fc,2026-08-21
219,ase_pt_61163c0323cd45fc,2026-08-21
220,ase_pt_7a7c2d1c8e31410e,2026-08-21
221,ase_pt_7a7c2d1c8e31410e,2026-08-21
222,ase_pt_bce325b6dbd949b5,2026-08-21
223,ase_pt_bce325b6dbd949b5,2026-08-21
224,ase_pt_bce325b6dbd949b5,2026-08-21
225,ase_pt_bce325b6dbd949b5,2026-08-21
226,ase_pt_57079b3931a14d23,2026-08-21
227,ase_pt_57079b3931a14d23,2026-08-21
228,ase_pt_57079b3931a14d23,2026-08-21
229,ase_pt_57079b3931a14d23,2026-08-21
230,ase_pt_b2ca50de093b4563,2026-08-21
231,ase_pt_b2ca50de093b4563,2026-09-18
232,ase_pt_b2ca50de093b4563,2026-08-21
233,ase_pt_b2ca50de093b4563,2026-09-18
234,ase_pt_c7a2f3b519e24441,2026-09-18
235,ase_pt_c7a2f3b519e24441,2026-08-21
236,ase_pt_c7a2f3b519e24441,2026-09-18
237,ase_pt_c7a2f3b519e24441,2026-08-21
238,ase_pt_2fc2f3bd813c4201,2026-08-21
239,ase_pt_2fc2f3bd813c4201,2026-08-21
240,ase_pt_2fc2f3bd813c4201,2026-08-21
241,ase_pt_001f7af9440e43f5,2026-08-21
242,ase_pt_001f7af9440e43f5,2026-08-21
243,ase_pt_001f7af9440e43f5,2026-08-21
244,ase_pt_f7e0e8d95161439f,2026-08-21
245,ase_pt_f7e0e8d95161439f,2026-08-21
246,ase_pt_f7e0e8d95161439f,2026-08-21
247,ase_pt_f7e0e8d95161439f,2026-08-21
248,ase_pt_61db83e800514e09,2026-08-21
249,ase_pt_61db83e800514e09,2026-08-21
250,ase_pt_61db83e800514e09,2026-08-21
251,ase_pt_6117d75ace464771,2026-08-21
252,ase_pt_6117d75ace464771,2026-08-21
253,ase_pt_6117d75ace464771,2026-08-21
254,ase_pt_713448510d67452d,2026-08-21
255,ase_pt_713448510d67452d,2026-08-21
256,ase_pt_713448510d67452d,2026-08-21
257,ase_pt_5bab2972c84849cd,2026-08-21
258,ase_pt_5bab2972c84849cd,2026-08-21
259,ase_pt_5bab2972c84849cd,2026-08-21
260,ase_pt_d6e7b562298d4374,2026-08-21
261,ase_pt_d6e7b562298d4374,2026-08-21
262,ase_pt_d6e7b562298d4374,2026-08-21
263,ase_pt_b592a8277a61404c,2026-08-21
264,ase_pt_b592a8277a61404c,2026-08-21
265,ase_pt_b592a8277a61404c,2026-08-21
266,ase_pt_071adb86c61641aa,2026-08-21
267,ase_pt_071adb86c61641aa,2026-08-21
268,ase_pt_071adb86c61641aa,2026-08-21
269,ase_pt_071adb86c61641aa,2026-08-21
270,ase_pt_071adb86c61641aa,2026-08-21
271,ase_pt_071adb86c61641aa,2026-08-21
272,ase_pt_81d56157029f4bbc,2026-09-18
273,ase_pt_81d56157029f4bbc,2026-08-21
274,ase_pt_81d56157029f4bbc,2026-10-16
275,ase_pt_48205beec76749a1,2026-08-21
276,ase_pt_48205beec76749a1,2026-08-21
277,ase_pt_48205beec76749a1,2026-08-21
278,ase_pt_0dd0cca698e3471b,2026-08-21
279,ase_pt_0dd0cca698e3471b,2026-08-21
280,ase_pt_0dd0cca698e3471b,2026-08-21
281,ase_pt_0dd0cca698e3471b,2026-08-21
282,ase_pt_32be02a6f8b348be,2026-08-21
283,ase_pt_32be02a6f8b348be,2026-08-21
284,ase_pt_32be02a6f8b348be,2026-08-21
285,ase_pt_32be02a6f8b348be,2026-08-21
286,ase_pt_2af95b3f1e834dbb,2026-08-21
287,ase_pt_2af95b3f1e834dbb,2026-08-21
288,ase_pt_2af95b3f1e834dbb,2026-08-21
289,ase_pt_2af95b3f1e834dbb,2026-08-21
290,ase_pt_24d5f67c97a24cf4,2026-08-21
291,ase_pt_24d5f67c97a24cf4,2026-08-21
292,ase_pt_24d5f67c97a24cf4,2026-08-21
293,ase_pt_24d5f67c97a24cf4,2026-08-21
294,ase_pt_651c3abf1f1f4b08,2026-08-21
295,ase_pt_651c3abf1f1f4b08,2026-08-21
296,ase_pt_651c3abf1f1f4b08,2026-08-21
297,ase_pt_651c3abf1f1f4b08,2026-08-21
298,ase_pt_e8ac703556ed4ca8,2026-08-21
299,ase_pt_e8ac703556ed4ca8,2026-08-21
300,ase_pt_e8ac703556ed4ca8,2026-08-21
301,ase_pt_e8ac703556ed4ca8,2026-08-21
302,ase_pt_5b48b5fc0a3f40de,2026-08-21
303,ase_pt_5b48b5fc0a3f40de,2026-08-21
304,ase_pt_5b48b5fc0a3f40de,2026-08-21
305,ase_pt_5b48b5fc0a3f40de,2026-08-21
306,ase_pt_5b48b5fc0a3f40de,2026-08-21
307,ase_pt_5b48b5fc0a3f40de,2026-08-21
308,ase_pt_5b48b5fc0a3f40de,2026-08-21
309,ase_pt_5b48b5fc0a3f40de,2026-08-21
310,ase_pt_41fa6adf243d4784,2026-08-21
311,ase_pt_41fa6adf243d4784,2026-08-21
312,ase_pt_41fa6adf243d4784,2026-08-21
313,ase_pt_41fa6adf243d4784,2026-08-21
314,ase_pt_033247baa7c14f4a,2026-08-21
315,ase_pt_033247baa7c14f4a,2026-08-21
316,ase_pt_033247baa7c14f4a,2026-08-21
317,ase_pt_033247baa7c14f4a,2026-08-21
318,ase_pt_0c5895db0d4c4a51,2026-08-21
319,ase_pt_0c5895db0d4c4a51,2026-08-21
320,ase_pt_0c5895db0d4c4a51,2026-08-21
321,ase_pt_0c5895db0d4c4a51,2026-08-21
322,ase_pt_2a71b6dad9324f42,2026-08-21
323,ase_pt_2a71b6dad9324f42,2026-08-21
324,ase_pt_2a71b6dad9324f42,2026-08-21
325,ase_pt_2a71b6dad9324f42,2026-08-21
326,ase_pt_64cba35090f74aaf,2026-08-21
327,ase_pt_64cba35090f74aaf,2026-08-21
328,ase_pt_64cba35090f74aaf,2026-08-21
329,ase_pt_64cba35090f74aaf,2026-08-21
330,ase_pt_e79f6d8cdfbc417d,2026-08-21
331,ase_pt_e79f6d8cdfbc417d,2026-08-21
332,ase_pt_662b1d2e3f3b4a8c,2026-08-21
333,ase_pt_662b1d2e3f3b4a8c,2026-08-21
334,ase_pt_e2c2f6a10bdb4b99,2026-08-21
335,ase_pt_e2c2f6a10bdb4b99,2026-08-21
336,ase_pt_e2c2f6a10bdb4b99,2026-08-21
337,ase_pt_7c43d64b976b406e,2026-08-21
338,ase_pt_7c43d64b976b406e,2026-08-21
339,ase_pt_7c43d64b976b406e,2026-08-21
340,ase_pt_f8dc673d2e074d35,2026-08-21
341,ase_pt_f8dc673d2e074d35,2026-08-21
342,ase_pt_f8dc673d2e074d35,2026-08-21
343,ase_pt_f8dc673d2e074d35,2026-08-21
344,ase_pt_a1c8e3c5b81941d4,2026-08-21
345,ase_pt_a1c8e3c5b81941d4,2026-08-21
346,ase_pt_a1c8e3c5b81941d4,2026-08-21
347,ase_pt_a1c8e3c5b81941d4,2026-08-21
348,ase_pt_fb84854ccb4f40ab,2026-08-21
349,ase_pt_fb84854ccb4f40ab,2026-08-21
350,ase_pt_fb84854ccb4f40ab,2026-08-21
351,ase_pt_fb84854ccb4f40ab,2026-08-21
352,ase_pt_fe02671f0c3b4c14,2026-08-21
353,ase_pt_fe02671f0c3b4c14,2026-08-21
354,ase_pt_76488e2737934974,2026-08-21
355,ase_pt_76488e2737934974,2026-08-21
356,ase_pt_52a1199441b842c2,2026-08-21
357,ase_pt_52a1199441b842c2,2026-08-21
358,ase_pt_52a1199441b842c2,2026-08-21
359,ase_pt_52a1199441b842c2,2026-08-21
360,ase_pt_3d55b52d40e74304,2026-08-21
361,ase_pt_3d55b52d40e74304,2026-08-21
362,ase_pt_3d55b52d40e74304,2026-08-21
363,ase_pt_3d55b52d40e74304,2026-08-21
364,ase_pt_aaac37a07a91407d,2026-08-21
365,ase_pt_aaac37a07a91407d,2026-08-21
366,ase_pt_7da7c3b4e64846b4,2026-09-18
367,ase_pt_7da7c3b4e64846b4,2026-08-21
368,ase_pt_0f937b112584409c,2026-08-21
369,ase_pt_0f937b112584409c,2026-08-21
370,ase_pt_1170d8dc89b04e2d,2026-08-21
371,ase_pt_1170d8dc89b04e2d,2026-08-21
372,ase_pt_93a3a93c4f9f4e12,2026-08-21
373,ase_pt_93a3a93c4f9f4e12,2026-08-21
374,ase_pt_93a3a93c4f9f4e12,2026-08-21
375,ase_pt_e42209c2003d4359,2026-08-21
376,ase_pt_e42209c2003d4359,2026-08-21
377,ase_pt_e42209c2003d4359,2026-08-21
378,ase_pt_e42209c2003d4359,2026-08-21
379,ase_pt_57dc0fe985a24f4f,2026-09-18
380,ase_pt_57dc0fe985a24f4f,2026-08-21
381,ase_pt_e0a6c5ea0c7841ed,2026-08-21
382,ase_pt_e0a6c5ea0c7841ed,2026-08-21
383,ase_pt_e0a6c5ea0c7841ed,2026-08-21
384,ase_pt_e0a6c5ea0c7841ed,2026-08-21
385,ase_pt_d2435f0b6b9843e7,2026-08-21
386,ase_pt_d2435f0b6b9843e7,2026-08-21
387,ase_pt_02fefa8de1fa4313,2026-08-21
388,ase_pt_02fefa8de1fa4313,2026-08-21
389,ase_pt_02fefa8de1fa4313,2026-08-21
390,ase_pt_9aa23c0340c74068,2026-08-21
391,ase_pt_9aa23c0340c74068,2026-08-21
392,ase_pt_9aa23c0340c74068,2026-08-21
393,ase_pt_9aa23c0340c74068,2026-08-21
394,ase_pt_6eeb91756b384821,2026-08-21
395,ase_pt_6eeb91756b384821,2026-08-21
396,ase_pt_6eeb91756b384821,2026-08-21
397,ase_pt_6eeb91756b384821,2026-08-21
398,ase_pt_f756f793419d420f,2026-08-21
399,ase_pt_f756f793419d420f,2026-08-21
400,ase_pt_931dd6df28c1477d,2026-08-21
401,ase_pt_931dd6df28c1477d,2026-08-21
402,ase_pt_4d0273c3681a4f01,2026-08-07
403,ase_pt_e2ba930eaa534393,2026-08-21
404,ase_pt_e2ba930eaa534393,2026-08-21
405,ase_pt_40462d8d32c14ee9,2026-08-21
406,ase_pt_40462d8d32c14ee9,2026-08-21
407,ase_pt_40462d8d32c14ee9,2026-08-21
408,ase_pt_40462d8d32c14ee9,2026-08-21
409,ase_pt_bbd9a12dae4b4160,2026-08-21
410,ase_pt_bbd9a12dae4b4160,2026-08-21
411,ase_pt_bbd9a12dae4b4160,2026-08-21
412,ase_pt_bbd9a12dae4b4160,2026-08-21
413,ase_pt_bbd9a12dae4b4160,2026-08-21
414,ase_pt_274b14eb2f984158,2026-08-21
415,ase_pt_274b14eb2f984158,2026-08-21
416,ase_pt_274b14eb2f984158,2026-08-21
417,ase_pt_274b14eb2f984158,2026-08-21
418,ase_pt_274b14eb2f984158,2026-08-21
419,ase_pt_274b14eb2f984158,2026-08-21
420,ase_pt_e4fbd56c2fba44d5,2026-08-21
421,ase_pt_e4fbd56c2fba44d5,2026-08-21
422,ase_pt_e4fbd56c2fba44d5,2026-08-21
423,ase_pt_e4fbd56c2fba44d5,2026-08-21
424,ase_pt_e4fbd56c2fba44d5,2026-08-21
425,ase_pt_e4fbd56c2fba44d5,2026-08-21
426,ase_pt_e4fbd56c2fba44d5,2026-08-21
427,ase_pt_e4fbd56c2fba44d5,2026-08-21
428,ase_pt_b4fa0790417d42e0,2026-08-21
429,ase_pt_9089a990edab441c,2026-08-21
430,ase_pt_a9753a5b1a1b4f5e,2027-07-16
431,ase_pt_6b35e0a20e884b30,2027-07-16
432,ase_pt_e5ccc8f977734766,2026-08-21
433,ase_pt_f8bf64f3692e4ea8,2026-08-21
434,ase_pt_3b1a8014c6fc4dd2,2027-07-16
435,ase_pt_3b1a8014c6fc4dd2,2026-08-21
436,ase_pt_3847e37dbe01457c,2027-07-16
437,ase_pt_3847e37dbe01457c,2026-08-21
438,ase_pt_bc60609866cf4c0f,2026-08-21
439,ase_pt_bc60609866cf4c0f,2026-08-21
440,ase_pt_161362eb9c554659,2026-08-21
441,ase_pt_161362eb9c554659,2026-08-21
442,ase_pt_cbd5bf81793446d7,2026-08-21
443,ase_pt_cbd5bf81793446d7,2026-08-21
444,ase_pt_e8d8f110ca2e46ea,2026-08-21
445,ase_pt_e8d8f110ca2e46ea,2026-08-21
446,ase_pt_5e49d8edae1c4bb5,2026-08-21
447,ase_pt_5e49d8edae1c4bb5,2026-08-21
448,ase_pt_b0a34de8bfd04d85,2026-08-21
449,ase_pt_b0a34de8bfd04d85,2026-08-21
450,ase_pt_d364f8772e634ea2,2026-08-21
451,ase_pt_d364f8772e634ea2,2026-08-21
452,ase_pt_9d1f3d6be1de42e7,2027-07-16
453,ase_pt_9d1f3d6be1de42e7,2027-07-16
454,ase_pt_77c6e57b3a1446b9,2026-08-21
455,ase_pt_77c6e57b3a1446b9,2026-08-21
456,ase_pt_c83827516c75413d,2026-08-21
457,ase_pt_c83827516c75413d,2026-09-18
458,ase_pt_f5348162a2d24340,2026-08-21
459,ase_pt_f5348162a2d24340,2026-08-21
460,ase_pt_e8185dd214344b3d,2026-08-21
461,ase_pt_e8185dd214344b3d,2026-08-21
462,ase_pt_1d7c0f90a07c44e7,2026-08-21
463,ase_pt_1d7c0f90a07c44e7,2026-08-21
464,ase_pt_e80dd2b5c261433a,2026-08-21
465,ase_pt_e80dd2b5c261433a,2026-08-21
466,ase_pt_dd6f5dcf3c9049ec,2026-08-21
467,ase_pt_dd6f5dcf3c9049ec,2026-08-21
468,ase_pt_ca738e7c12374252,2026-08-21
469,ase_pt_ca738e7c12374252,2026-08-21
470,ase_pt_422c7e1be7ac41bc,2026-08-21
471,ase_pt_422c7e1be7ac41bc,2026-08-21
472,ase_pt_8779236ee5114ad7,2027-07-16
473,ase_pt_8779236ee5114ad7,2027-07-16
474,ase_pt_b544d413f1fa4fbe,2026-08-21
475,ase_pt_b544d413f1fa4fbe,2026-08-21
476,ase_pt_97126c75c93c44f0,2026-08-21
477,ase_pt_97126c75c93c44f0,2026-09-18
478,ase_pt_e182672b33fc4791,2026-08-21
479,ase_pt_e182672b33fc4791,2026-08-21
480,ase_pt_e182672b33fc4791,2026-08-21
481,ase_pt_e182672b33fc4791,2026-08-21
482,ase_pt_977ced069bc5425b,2026-08-21
483,ase_pt_977ced069bc5425b,2026-08-21
484,ase_pt_977ced069bc5425b,2026-08-21
485,ase_pt_977ced069bc5425b,2026-08-21
486,ase_pt_9e5cf737f8e74fa3,2026-08-21
487,ase_pt_9e5cf737f8e74fa3,2026-09-18
488,ase_pt_2fb28aa0a20f49b3,2026-08-21
489,ase_pt_2fb28aa0a20f49b3,2026-09-18
490,ase_pt_18be7899a17a4176,2026-08-21
491,ase_pt_18be7899a17a4176,2026-09-18
492,ase_pt_b3dcd42cff494334,2026-08-21
493,ase_pt_b3dcd42cff494334,2026-09-18
494,ase_pt_4fd217eb3a5a4a32,2026-08-21
495,ase_pt_4fd217eb3a5a4a32,2026-09-18
496,ase_pt_4fd217eb3a5a4a32,2026-08-21
497,ase_pt_4fd217eb3a5a4a32,2026-09-18
498,ase_pt_56e7f9a96a7e4464,2026-08-21
499,ase_pt_56e7f9a96a7e4464,2026-09-18
500,ase_pt_f67e84675c5249a6,2026-09-18
501,ase_pt_f67e84675c5249a6,2027-07-16
502,ase_pt_b6be8e95c33a4553,2026-09-18
503,ase_pt_b6be8e95c33a4553,2027-07-16
504,ase_pt_68e54ed88e4d421b,2026-09-18
505,ase_pt_68e54ed88e4d421b,2026-08-21
506,ase_pt_e1ec5f6baa4d403d,2026-09-18
507,ase_pt_e1ec5f6baa4d403d,2026-08-21
508,ase_pt_21edb5107520446d,2026-09-18
509,ase_pt_21edb5107520446d,2026-08-21
510,ase_pt_e4b1d239379943ff,2026-09-18
511,ase_pt_e4b1d239379943ff,2026-08-21
512,ase_pt_fada956def4e448a,2026-09-18
513,ase_pt_fada956def4e448a,2026-08-21
514,ase_pt_db747bae239b4a97,2026-09-18
515,ase_pt_db747bae239b4a97,2026-08-21
516,ase_pt_db747bae239b4a97,2026-09-18
517,ase_pt_db747bae239b4a97,2026-08-21
518,ase_pt_25ab7424444f4a89,2027-07-16
519,ase_pt_25ab7424444f4a89,2026-08-21
520,ase_pt_8e442eea96e1491f,2027-07-16
521,ase_pt_8e442eea96e1491f,2026-08-21
522,ase_pt_e97315119a354c76,2026-09-18
523,ase_pt_e97315119a354c76,2026-08-21
524,ase_pt_c36ecfd5501c47a4,2026-09-18
525,ase_pt_c36ecfd5501c47a4,2026-08-21
526,ase_pt_130a27a8cb9745ba,2026-09-18
527,ase_pt_130a27a8cb9745ba,2026-08-21
528,ase_pt_e44634809c5544e3,2026-09-18
529,ase_pt_e44634809c5544e3,2026-08-21
530,ase_pt_e44634809c5544e3,2026-09-18
531,ase_pt_e44634809c5544e3,2026-08-21
532,ase_pt_b960fd2b68d648d3,2026-10-16
533,ase_pt_b960fd2b68d648d3,2026-08-21
534,ase_pt_ea5c2ec694ed460f,2026-08-21
535,ase_pt_ea5c2ec694ed460f,2026-08-21
536,ase_pt_ff5e137172e74047,2026-08-21
537,ase_pt_ff5e137172e74047,2026-08-21
538,ase_pt_ac4b9034cd964425,2026-08-21
539,ase_pt_ac4b9034cd964425,2026-08-21
540,ase_pt_b8bb8ab33f7c4861,2026-08-21
541,ase_pt_b8bb8ab33f7c4861,2026-08-21
542,ase_pt_fd8f510a65cb426a,2026-08-21
543,ase_pt_fd8f510a65cb426a,2026-08-21
544,ase_pt_fd8f510a65cb426a,2026-08-21
545,ase_pt_fd8f510a65cb426a,2026-08-21
546,ase_pt_8fdcc3627c754690,2026-08-21
547,ase_pt_8fdcc3627c754690,2026-08-21
548,ase_pt_8fdcc3627c754690,2026-08-21
549,ase_pt_8fdcc3627c754690,2026-08-21
550,ase_pt_390ae52392654d73,2026-08-21
551,ase_pt_390ae52392654d73,2026-09-18
552,ase_pt_390ae52392654d73,2026-08-21
553,ase_pt_390ae52392654d73,2026-09-18
554,ase_pt_2890588a8d2f4473,2026-09-18
555,ase_pt_2890588a8d2f4473,2026-08-21
556,ase_pt_2890588a8d2f4473,2026-09-18
557,ase_pt_2890588a8d2f4473,2026-08-21
558,ase_pt_873a7401af7c499b,2026-08-21
559,ase_pt_873a7401af7c499b,2026-08-21
560,ase_pt_873a7401af7c499b,2026-08-21
561,ase_pt_c8310c4a33604a82,2026-08-21
562,ase_pt_c8310c4a33604a82,2026-08-21
563,ase_pt_c8310c4a33604a82,2026-08-21
564,ase_pt_d416f4b7532c415c,2026-08-21
565,ase_pt_d416f4b7532c415c,2026-08-21
566,ase_pt_d416f4b7532c415c,2026-08-21
567,ase_pt_d416f4b7532c415c,2026-08-21
568,ase_pt_56d2d5d48d5b4236,2026-08-21
569,ase_pt_56d2d5d48d5b4236,2026-08-21
570,ase_pt_56d2d5d48d5b4236,2026-08-21
571,ase_pt_5f8707ca4cb44569,2026-08-21
572,ase_pt_5f8707ca4cb44569,2026-08-21
573,ase_pt_5f8707ca4cb44569,2026-08-21
574,ase_pt_aeb5d4d092ea48cc,2026-08-21
575,ase_pt_aeb5d4d092ea48cc,2026-08-21
576,ase_pt_aeb5d4d092ea48cc,2026-08-21
577,ase_pt_aa91c2601a534cca,2026-08-21
578,ase_pt_aa91c2601a534cca,2026-08-21
579,ase_pt_aa91c2601a534cca,2026-08-21
580,ase_pt_795a4febeaa54a0d,2026-08-21
581,ase_pt_795a4febeaa54a0d,2026-08-21
582,ase_pt_795a4febeaa54a0d,2026-08-21
583,ase_pt_df79891422ec4bf6,2026-08-21
584,ase_pt_df79891422ec4bf6,2026-08-21
585,ase_pt_df79891422ec4bf6,2026-08-21
586,ase_pt_0dc88f03b7564659,2026-08-21
587,ase_pt_0dc88f03b7564659,2026-08-21
588,ase_pt_0dc88f03b7564659,2026-08-21
589,ase_pt_0dc88f03b7564659,2026-08-21
590,ase_pt_0dc88f03b7564659,2026-08-21
591,ase_pt_0dc88f03b7564659,2026-08-21
592,ase_pt_946b75d084744dd5,2026-09-18
593,ase_pt_946b75d084744dd5,2026-08-21
594,ase_pt_946b75d084744dd5,2026-10-16
595,ase_pt_3f0dc8b2a4fd4917,2026-08-21
596,ase_pt_3f0dc8b2a4fd4917,2026-08-21
597,ase_pt_3f0dc8b2a4fd4917,2026-08-21
598,ase_pt_731523d79fb84a33,2026-08-21
599,ase_pt_731523d79fb84a33,2026-08-21
600,ase_pt_731523d79fb84a33,2026-08-21
601,ase_pt_731523d79fb84a33,2026-08-21
602,ase_pt_bb9a1f6f28054353,2026-08-21
603,ase_pt_bb9a1f6f28054353,2026-08-21
604,ase_pt_bb9a1f6f28054353,2026-08-21
605,ase_pt_bb9a1f6f28054353,2026-08-21
606,ase_pt_efa0f89d97a54617,2026-08-21
607,ase_pt_efa0f89d97a54617,2026-08-21
608,ase_pt_efa0f89d97a54617,2026-08-21
609,ase_pt_efa0f89d97a54617,2026-08-21
610,ase_pt_f250e712b2084bc1,2026-08-21
611,ase_pt_f250e712b2084bc1,2026-08-21
612,ase_pt_f250e712b2084bc1,2026-08-21
613,ase_pt_f250e712b2084bc1,2026-08-21
614,ase_pt_a8b9f5ecf5284755,2026-08-21
615,ase_pt_a8b9f5ecf5284755,2026-08-21
616,ase_pt_a8b9f5ecf5284755,2026-08-21
617,ase_pt_a8b9f5ecf5284755,2026-08-21
618,ase_pt_7de534e9fe6345cb,2026-08-21
619,ase_pt_7de534e9fe6345cb,2026-08-21
620,ase_pt_7de534e9fe6345cb,2026-08-21
621,ase_pt_7de534e9fe6345cb,2026-08-21
622,ase_pt_0e9c0584c7a24633,2026-08-21
623,ase_pt_0e9c0584c7a24633,2026-08-21
624,ase_pt_0e9c0584c7a24633,2026-08-21
625,ase_pt_0e9c0584c7a24633,2026-08-21
626,ase_pt_0e9c0584c7a24633,2026-08-21
627,ase_pt_0e9c0584c7a24633,2026-08-21
628,ase_pt_0e9c0584c7a24633,2026-08-21
629,ase_pt_0e9c0584c7a24633,2026-08-21
630,ase_pt_e89c1dfca5f44779,2026-08-21
631,ase_pt_e89c1dfca5f44779,2026-08-21
632,ase_pt_e89c1dfca5f44779,2026-08-21
633,ase_pt_e89c1dfca5f44779,2026-08-21
634,ase_pt_ee9d189d54294c8a,2026-08-21
635,ase_pt_ee9d189d54294c8a,2026-08-21
636,ase_pt_ee9d189d54294c8a,2026-08-21
637,ase_pt_ee9d189d54294c8a,2026-08-21
638,ase_pt_949f8a36d9124d7b,2026-08-21
639,ase_pt_949f8a36d9124d7b,2026-08-21
640,ase_pt_949f8a36d9124d7b,2026-08-21
641,ase_pt_949f8a36d9124d7b,2026-08-21
642,ase_pt_84bcc42a04404c1d,2026-08-21
643,ase_pt_84bcc42a04404c1d,2026-08-21
644,ase_pt_84bcc42a04404c1d,2026-08-21
645,ase_pt_84bcc42a04404c1d,2026-08-21
646,ase_pt_df0a266b5a764677,2026-08-21
647,ase_pt_df0a266b5a764677,2026-08-21
648,ase_pt_df0a266b5a764677,2026-08-21
649,ase_pt_df0a266b5a764677,2026-08-21
650,ase_pt_b6c5e61a736a4625,2026-08-21
651,ase_pt_b6c5e61a736a4625,2026-08-21
652,ase_pt_626ffd58b34e45ec,2026-08-21
653,ase_pt_626ffd58b34e45ec,2026-08-21
654,ase_pt_cab5b30e65814c46,2026-08-21
655,ase_pt_cab5b30e65814c46,2026-08-21
656,ase_pt_cab5b30e65814c46,2026-08-21
657,ase_pt_c3b3676b3dca4053,2026-08-21
658,ase_pt_c3b3676b3dca4053,2026-08-21
659,ase_pt_c3b3676b3dca4053,2026-08-21
660,ase_pt_cdcfed298b1248b7,2026-08-21
661,ase_pt_cdcfed298b1248b7,2026-08-21
662,ase_pt_cdcfed298b1248b7,2026-08-21
663,ase_pt_cdcfed298b1248b7,2026-08-21
664,ase_pt_f22e95e154d94408,2026-08-21
665,ase_pt_f22e95e154d94408,2026-08-21
666,ase_pt_f22e95e154d94408,2026-08-21
667,ase_pt_f22e95e154d94408,2026-08-21
668,ase_pt_6238c50e54c64833,2026-08-21
669,ase_pt_6238c50e54c64833,2026-08-21
670,ase_pt_6238c50e54c64833,2026-08-21
671,ase_pt_6238c50e54c64833,2026-08-21
672,ase_pt_186926e1febe450d,2026-08-21
673,ase_pt_186926e1febe450d,2026-08-21
674,ase_pt_14f0366b84ad46a1,2026-08-21
675,ase_pt_14f0366b84ad46a1,2026-08-21
676,ase_pt_3c868bba84d748be,2026-08-21
677,ase_pt_3c868bba84d748be,2026-08-21
678,ase_pt_3c868bba84d748be,2026-08-21
679,ase_pt_3c868bba84d748be,2026-08-21
680,ase_pt_4e16f998994a497a,2026-08-21
681,ase_pt_4e16f998994a497a,2026-08-21
682,ase_pt_4e16f998994a497a,2026-08-21
683,ase_pt_4e16f998994a497a,2026-08-21
684,ase_pt_51e1bd8493af4532,2026-08-21
685,ase_pt_51e1bd8493af4532,2026-08-21
686,ase_pt_bbfe78136a6145df,2026-09-18
687,ase_pt_bbfe78136a6145df,2026-08-21
688,ase_pt_ec5bbbcd384d43e0,2026-08-21
689,ase_pt_ec5bbbcd384d43e0,2026-08-21
690,ase_pt_e0dcd7cfa0434bf4,2026-08-21
691,ase_pt_e0dcd7cfa0434bf4,2026-08-21
692,ase_pt_96c335fbcd3f4c4f,2026-08-21
693,ase_pt_96c335fbcd3f4c4f,2026-08-21
694,ase_pt_96c335fbcd3f4c4f,2026-08-21
695,ase_pt_071c68cb9fa54058,2026-08-21
696,ase_pt_071c68cb9fa54058,2026-08-21
697,ase_pt_071c68cb9fa54058,2026-08-21
698,ase_pt_071c68cb9fa54058,2026-08-21
699,ase_pt_004a747141f34b53,2026-09-18
700,ase_pt_004a747141f34b53,2026-08-21
701,ase_pt_b17fef4b11414c67,2026-08-21
702,ase_pt_b17fef4b11414c67,2026-08-21
703,ase_pt_b17fef4b11414c67,2026-08-21
704,ase_pt_b17fef4b11414c67,2026-08-21
705,ase_pt_52db46c029b748f6,2026-08-21
706,ase_pt_52db46c029b748f6,2026-08-21
707,ase_pt_9ae3a43abb114bb3,2026-08-21
708,ase_pt_9ae3a43abb114bb3,2026-08-21
709,ase_pt_9ae3a43abb114bb3,2026-08-21
710,ase_pt_3c3d96cd00fa4b9f,2026-08-21
711,ase_pt_3c3d96cd00fa4b9f,2026-08-21
712,ase_pt_3c3d96cd00fa4b9f,2026-08-21
713,ase_pt_3c3d96cd00fa4b9f,2026-08-21
714,ase_pt_e2d687d64f954cd6,2026-08-21
715,ase_pt_e2d687d64f954cd6,2026-08-21
716,ase_pt_e2d687d64f954cd6,2026-08-21
717,ase_pt_e2d687d64f954cd6,2026-08-21
718,ase_pt_b0bae41a8b684f02,2026-08-21
719,ase_pt_b0bae41a8b684f02,2026-08-21
720,ase_pt_007d3f1af7e84a77,2026-08-21
721,ase_pt_007d3f1af7e84a77,2026-08-21
722,ase_pt_0e212e6ad17744d0,2026-08-07
723,ase_pt_d9ff3f43e29b426f,2026-08-21
724,ase_pt_d9ff3f43e29b426f,2026-08-21
725,ase_pt_752066dea78b41bf,2026-08-21
726,ase_pt_752066dea78b41bf,2026-08-21
727,ase_pt_752066dea78b41bf,2026-08-21
728,ase_pt_752066dea78b41bf,2026-08-21
729,ase_pt_e99a1c0bac7a44b8,2026-08-21
730,ase_pt_e99a1c0bac7a44b8,2026-08-21
731,ase_pt_e99a1c0bac7a44b8,2026-08-21
732,ase_pt_e99a1c0bac7a44b8,2026-08-21
733,ase_pt_e99a1c0bac7a44b8,2026-08-21
734,ase_pt_23c047592c864aa6,2026-08-21
735,ase_pt_23c047592c864aa6,2026-08-21
736,ase_pt_23c047592c864aa6,2026-08-21
737,ase_pt_23c047592c864aa6,2026-08-21
738,ase_pt_23c047592c864aa6,2026-08-21
739,ase_pt_23c047592c864aa6,2026-08-21
740,ase_pt_5a58675379e94007,2026-08-21
741,ase_pt_5a58675379e94007,2026-08-21
742,ase_pt_5a58675379e94007,2026-08-21
743,ase_pt_5a58675379e94007,2026-08-21
744,ase_pt_5a58675379e94007,2026-08-21
745,ase_pt_5a58675379e94007,2026-08-21
746,ase_pt_5a58675379e94007,2026-08-21
747,ase_pt_5a58675379e94007,2026-08-21
748,ase_pt_374d35422d344aa3,2026-08-21
749,ase_pt_d290c1a0e61b449f,2026-08-21
750,ase_pt_172a972a10174266,2027-07-16
751,ase_pt_e7789d15879a45eb,2027-07-16
752,ase_pt_1b16a124b3174a1d,2026-08-21
753,ase_pt_c985351fe54449c8,2026-08-21
754,ase_pt_26b9a78175254dcd,2027-07-16
755,ase_pt_26b9a78175254dcd,2026-08-21
756,ase_pt_a786e2c48589413f,2027-07-16
757,ase_pt_a786e2c48589413f,2026-08-21
758,ase_pt_ff4857b9ca1e4f31,2026-08-21
759,ase_pt_ff4857b9ca1e4f31,2026-08-21
760,ase_pt_07bdcfff5f604dac,2026-08-21
761,ase_pt_07bdcfff5f604dac,2026-08-21
762,ase_pt_9c6a842c94f74f0c,2026-08-21
763,ase_pt_9c6a842c94f74f0c,2026-08-21
764,ase_pt_a0f182a9ba75429b,2026-08-21
765,ase_pt_a0f182a9ba75429b,2026-08-21
766,ase_pt_00b9fcf63ec84443,2026-08-21
767,ase_pt_00b9fcf63ec84443,2026-08-21
768,ase_pt_89e9a7a206094b5d,2026-08-21
769,ase_pt_89e9a7a206094b5d,2026-08-21
770,ase_pt_9221343a8ff442c1,2026-08-21
771,ase_pt_9221343a8ff442c1,2026-08-21
772,ase_pt_2be32f47df1f4199,2027-07-16
773,ase_pt_2be32f47df1f4199,2027-07-16
774,ase_pt_3a461d2fa135461e,2026-08-21
775,ase_pt_3a461d2fa135461e,2026-08-21
776,ase_pt_8b344752f60546a1,2026-08-21
777,ase_pt_8b344752f60546a1,2026-09-18
778,ase_pt_9b4f4bfe915d486c,2026-08-21
779,ase_pt_9b4f4bfe915d486c,2026-08-21
780,ase_pt_d66365d89f08431d,2026-08-21
781,ase_pt_d66365d89f08431d,2026-08-21
782,ase_pt_36c1bab4acbe416d,2026-08-21
783,ase_pt_36c1bab4acbe416d,2026-08-21
784,ase_pt_072d99d8825b437b,2026-08-21
785,ase_pt_072d99d8825b437b,2026-08-21
786,ase_pt_13ff268f37fb45d6,2026-08-21
787,ase_pt_13ff268f37fb45d6,2026-08-21
788,ase_pt_824858ba1134432d,2026-08-21
789,ase_pt_824858ba1134432d,2026-08-21
790,ase_pt_81456c16dc9141dc,2026-08-21
791,ase_pt_81456c16dc9141dc,2026-08-21
792,ase_pt_68dedcd545444fa1,2027-07-16
793,ase_pt_68dedcd545444fa1,2027-07-16
794,ase_pt_5dd2701e8ad6448e,2026-08-21
795,ase_pt_5dd2701e8ad6448e,2026-08-21
796,ase_pt_d4b58757814f4b80,2026-08-21
797,ase_pt_d4b58757814f4b80,2026-09-18
798,ase_pt_5dc715014dd84a43,2026-08-21
799,ase_pt_5dc715014dd84a43,2026-08-21
800,ase_pt_5dc715014dd84a43,2026-08-21
801,ase_pt_5dc715014dd84a43,2026-08-21
802,ase_pt_29707c7594b24de3,2026-08-21
803,ase_pt_29707c7594b24de3,2026-08-21
804,ase_pt_29707c7594b24de3,2026-08-21
805,ase_pt_29707c7594b24de3,2026-08-21
806,ase_pt_7f4cbe9e07c348b3,2026-08-21
807,ase_pt_7f4cbe9e07c348b3,2026-09-18
808,ase_pt_e0843e5730d14f6a,2026-08-21
809,ase_pt_e0843e5730d14f6a,2026-09-18
810,ase_pt_24c4ba6f47cb4240,2026-08-21
811,ase_pt_24c4ba6f47cb4240,2026-09-18
812,ase_pt_55f2879c9c234ae8,2026-08-21
813,ase_pt_55f2879c9c234ae8,2026-09-18
814,ase_pt_7904fd855b78444d,2026-08-21
815,ase_pt_7904fd855b78444d,2026-09-18
816,ase_pt_7904fd855b78444d,2026-08-21
817,ase_pt_7904fd855b78444d,2026-09-18
818,ase_pt_53fd94a5236f4933,2026-08-21
819,ase_pt_53fd94a5236f4933,2026-09-18
820,ase_pt_04f4c3ecbe4a4039,2026-09-18
821,ase_pt_04f4c3ecbe4a4039,2027-07-16
822,ase_pt_b70d6af2f94d4814,2026-09-18
823,ase_pt_b70d6af2f94d4814,2027-07-16
824,ase_pt_a36cd5a474524c44,2026-09-18
825,ase_pt_a36cd5a474524c44,2026-08-21
826,ase_pt_94869ecb05004e5d,2026-09-18
827,ase_pt_94869ecb05004e5d,2026-08-21
828,ase_pt_68eeb4f5c58f48cd,2026-09-18
829,ase_pt_68eeb4f5c58f48cd,2026-08-21
830,ase_pt_3fea564c077e49df,2026-09-18
831,ase_pt_3fea564c077e49df,2026-08-21
832,ase_pt_751823b026db4dd0,2026-09-18
833,ase_pt_751823b026db4dd0,2026-08-21
834,ase_pt_34b7749cae3b494d,2026-09-18
835,ase_pt_34b7749cae3b494d,2026-08-21
836,ase_pt_34b7749cae3b494d,2026-09-18
837,ase_pt_34b7749cae3b494d,2026-08-21
838,ase_pt_6bb95b5aa7244b82,2027-07-16
839,ase_pt_6bb95b5aa7244b82,2026-08-21
840,ase_pt_df9ef3680a77413b,2027-07-16
841,ase_pt_df9ef3680a77413b,2026-08-21
842,ase_pt_0fd2fff6f13649d5,2026-09-18
843,ase_pt_0fd2fff6f13649d5,2026-08-21
844,ase_pt_0ec22af1f8694c35,2026-09-18
845,ase_pt_0ec22af1f8694c35,2026-08-21
846,ase_pt_78bec6a96d964fd6,2026-09-18
847,ase_pt_78bec6a96d964fd6,2026-08-21
848,ase_pt_f524316759cb4ded,2026-09-18
849,ase_pt_f524316759cb4ded,2026-08-21
850,ase_pt_f524316759cb4ded,2026-09-18
851,ase_pt_f524316759cb4ded,2026-08-21
852,ase_pt_155673414d9c4237,2026-10-16
853,ase_pt_155673414d9c4237,2026-08-21
854,ase_pt_492673dfeb9d4bb4,2026-08-21
855,ase_pt_492673dfeb9d4bb4,2026-08-21
856,ase_pt_e8daada75c2d4937,2026-08-21
857,ase_pt_e8daada75c2d4937,2026-08-21
858,ase_pt_bb16728c9ab74c57,2026-08-21
859,ase_pt_bb16728c9ab74c57,2026-08-21
860,ase_pt_dda2c92bd3bf4532,2026-08-21
861,ase_pt_dda2c92bd3bf4532,2026-08-21
862,ase_pt_6380627d787b417b,2026-08-21
863,ase_pt_6380627d787b417b,2026-08-21
864,ase_pt_6380627d787b417b,2026-08-21
865,ase_pt_6380627d787b417b,2026-08-21
866,ase_pt_989392eefb9541f2,2026-08-21
867,ase_pt_989392eefb9541f2,2026-08-21
868,ase_pt_989392eefb9541f2,2026-08-21
869,ase_pt_989392eefb9541f2,2026-08-21
870,ase_pt_c15348efbf064e5a,2026-08-21
871,ase_pt_c15348efbf064e5a,2026-09-18
872,ase_pt_c15348efbf064e5a,2026-08-21
873,ase_pt_c15348efbf064e5a,2026-09-18
874,ase_pt_1efc5e19f4d2470b,2026-09-18
875,ase_pt_1efc5e19f4d2470b,2026-08-21
876,ase_pt_1efc5e19f4d2470b,2026-09-18
877,ase_pt_1efc5e19f4d2470b,2026-08-21
878,ase_pt_83d56a0a0f0f40a3,2026-08-21
879,ase_pt_83d56a0a0f0f40a3,2026-08-21
880,ase_pt_83d56a0a0f0f40a3,2026-08-21
881,ase_pt_7d604ae2b8b84008,2026-08-21
882,ase_pt_7d604ae2b8b84008,2026-08-21
883,ase_pt_7d604ae2b8b84008,2026-08-21
884,ase_pt_5531bb51b3f046e0,2026-08-21
885,ase_pt_5531bb51b3f046e0,2026-08-21
886,ase_pt_5531bb51b3f046e0,2026-08-21
887,ase_pt_5531bb51b3f046e0,2026-08-21
888,ase_pt_bb138449b1884e36,2026-08-21
889,ase_pt_bb138449b1884e36,2026-08-21
890,ase_pt_bb138449b1884e36,2026-08-21
891,ase_pt_848e090753ce4b78,2026-08-21
892,ase_pt_848e090753ce4b78,2026-08-21
893,ase_pt_848e090753ce4b78,2026-08-21
894,ase_pt_c7352c9de31649d5,2026-08-21
895,ase_pt_c7352c9de31649d5,2026-08-21
896,ase_pt_c7352c9de31649d5,2026-08-21
897,ase_pt_63167d95b92d46a9,2026-08-21
898,ase_pt_63167d95b92d46a9,2026-08-21
899,ase_pt_63167d95b92d46a9,2026-08-21
900,ase_pt_4e005621b9684abd,2026-08-21
901,ase_pt_4e005621b9684abd,2026-08-21
902,ase_pt_4e005621b9684abd,2026-08-21
903,ase_pt_03849d666efe4824,2026-08-21
904,ase_pt_03849d666efe4824,2026-08-21
905,ase_pt_03849d666efe4824,2026-08-21
906,ase_pt_e7742d0825944040,2026-08-21
907,ase_pt_e7742d0825944040,2026-08-21
908,ase_pt_e7742d0825944040,2026-08-21
909,ase_pt_e7742d0825944040,2026-08-21
910,ase_pt_e7742d0825944040,2026-08-21
911,ase_pt_e7742d0825944040,2026-08-21
912,ase_pt_8dbc75e418544b88,2026-09-18
913,ase_pt_8dbc75e418544b88,2026-08-21
914,ase_pt_8dbc75e418544b88,2026-10-16
915,ase_pt_c45fec7c13434445,2026-08-21
916,ase_pt_c45fec7c13434445,2026-08-21
917,ase_pt_c45fec7c13434445,2026-08-21
918,ase_pt_0e5e83ab54cb4538,2026-08-21
919,ase_pt_0e5e83ab54cb4538,2026-08-21
920,ase_pt_0e5e83ab54cb4538,2026-08-21
921,ase_pt_0e5e83ab54cb4538,2026-08-21
922,ase_pt_ff3f24f24b8e45f4,2026-08-21
923,ase_pt_ff3f24f24b8e45f4,2026-08-21
924,ase_pt_ff3f24f24b8e45f4,2026-08-21
925,ase_pt_ff3f24f24b8e45f4,2026-08-21
926,ase_pt_762319e20bcf4980,2026-08-21
927,ase_pt_762319e20bcf4980,2026-08-21
928,ase_pt_762319e20bcf4980,2026-08-21
929,ase_pt_762319e20bcf4980,2026-08-21
930,ase_pt_c5e54d1c2fad41cc,2026-08-21
931,ase_pt_c5e54d1c2fad41cc,2026-08-21
932,ase_pt_c5e54d1c2fad41cc,2026-08-21
933,ase_pt_c5e54d1c2fad41cc,2026-08-21
934,ase_pt_bfcfa9b74a7841ec,2026-08-21
935,ase_pt_bfcfa9b74a7841ec,2026-08-21
936,ase_pt_bfcfa9b74a7841ec,2026-08-21
937,ase_pt_bfcfa9b74a7841ec,2026-08-21
938,ase_pt_6902ab81fd5c473c,2026-08-21
939,ase_pt_6902ab81fd5c473c,2026-08-21
940,ase_pt_6902ab81fd5c473c,2026-08-21
941,ase_pt_6902ab81fd5c473c,2026-08-21
942,ase_pt_1ec92c1858a942b5,2026-08-21
943,ase_pt_1ec92c1858a942b5,2026-08-21
944,ase_pt_1ec92c1858a942b5,2026-08-21
945,ase_pt_1ec92c1858a942b5,2026-08-21
946,ase_pt_1ec92c1858a942b5,2026-08-21
947,ase_pt_1ec92c1858a942b5,2026-08-21
948,ase_pt_1ec92c1858a942b5,2026-08-21
949,ase_pt_1ec92c1858a942b5,2026-08-21
950,ase_pt_c985b0ea78c349bf,2026-08-21
951,ase_pt_c985b0ea78c349bf,2026-08-21
952,ase_pt_c985b0ea78c349bf,2026-08-21
953,ase_pt_c985b0ea78c349bf,2026-08-21
954,ase_pt_725a2fc7d4474ae9,2026-08-21
955,ase_pt_725a2fc7d4474ae9,2026-08-21
956,ase_pt_725a2fc7d4474ae9,2026-08-21
957,ase_pt_725a2fc7d4474ae9,2026-08-21
958,ase_pt_10e90105a8cd4fd0,2026-08-21
959,ase_pt_10e90105a8cd4fd0,2026-08-21
960,ase_pt_10e90105a8cd4fd0,2026-08-21
961,ase_pt_10e90105a8cd4fd0,2026-08-21
962,ase_pt_d742e132255243af,2026-08-21
963,ase_pt_d742e132255243af,2026-08-21
964,ase_pt_d742e132255243af,2026-08-21
965,ase_pt_d742e132255243af,2026-08-21
966,ase_pt_630c5bfba91c45a1,2026-08-21
967,ase_pt_630c5bfba91c45a1,2026-08-21
968,ase_pt_630c5bfba91c45a1,2026-08-21
969,ase_pt_630c5bfba91c45a1,2026-08-21
970,ase_pt_bb4541f2bdfc46ca,2026-08-21
971,ase_pt_bb4541f2bdfc46ca,2026-08-21
972,ase_pt_d8dc2fb768cf4d72,2026-08-21
973,ase_pt_d8dc2fb768cf4d72,2026-08-21
974,ase_pt_2b1cb0acde8a4d2a,2026-08-21
975,ase_pt_2b1cb0acde8a4d2a,2026-08-21
976,ase_pt_2b1cb0acde8a4d2a,2026-08-21
977,ase_pt_98a9900391574b3c,2026-08-21
978,ase_pt_98a9900391574b3c,2026-08-21
979,ase_pt_98a9900391574b3c,2026-08-21
980,ase_pt_df0d1012524347fb,2026-08-21
981,ase_pt_df0d1012524347fb,2026-08-21
982,ase_pt_df0d1012524347fb,2026-08-21
983,ase_pt_df0d1012524347fb,2026-08-21
984,ase_pt_963783dd4e834ad5,2026-08-21
985,ase_pt_963783dd4e834ad5,2026-08-21
986,ase_pt_963783dd4e834ad5,2026-08-21
987,ase_pt_963783dd4e834ad5,2026-08-21
988,ase_pt_3f620ebb349a4df9,2026-08-21
989,ase_pt_3f620ebb349a4df9,2026-08-21
990,ase_pt_3f620ebb349a4df9,2026-08-21
991,ase_pt_3f620ebb349a4df9,2026-08-21
992,ase_pt_bf9746964617425a,2026-08-21
993,ase_pt_bf9746964617425a,2026-08-21
994,ase_pt_305c8be299544ad0,2026-08-21
995,ase_pt_305c8be299544ad0,2026-08-21
996,ase_pt_dea8aa2dc202496f,2026-08-21
997,ase_pt_dea8aa2dc202496f,2026-08-21
998,ase_pt_dea8aa2dc202496f,2026-08-21
999,ase_pt_dea8aa2dc202496f,2026-08-21
1000,ase_pt_f3afc3f4ede84b03,2026-08-21
1001,ase_pt_f3afc3f4ede84b03,2026-08-21
1002,ase_pt_f3afc3f4ede84b03,2026-08-21
1003,ase_pt_f3afc3f4ede84b03,2026-08-21
1004,ase_pt_a2df9c7deeea4407,2026-08-21
1005,ase_pt_a2df9c7deeea4407,2026-08-21
1006,ase_pt_c8bf85c6ede2488b,2026-09-18
1007,ase_pt_c8bf85c6ede2488b,2026-08-21
1008,ase_pt_5e1802c0f78045cb,2026-08-21
1009,ase_pt_5e1802c0f78045cb,2026-08-21
1010,ase_pt_c8dd09199fb94cf3,2026-08-21
1011,ase_pt_c8dd09199fb94cf3,2026-08-21
1012,ase_pt_f352a5bb0a3845c7,2026-08-21
1013,ase_pt_f352a5bb0a3845c7,2026-08-21
1014,ase_pt_f352a5bb0a3845c7,2026-08-21
1015,ase_pt_496875cb2f7d476e,2026-08-21
1016,ase_pt_496875cb2f7d476e,2026-08-21
1017,ase_pt_496875cb2f7d476e,2026-08-21
1018,ase_pt_496875cb2f7d476e,2026-08-21
1019,ase_pt_d8d2ea56d692462f,2026-09-18
1020,ase_pt_d8d2ea56d692462f,2026-08-21
1021,ase_pt_bed69d2bf32e4b21,2026-08-21
1022,ase_pt_bed69d2bf32e4b21,2026-08-21
1023,ase_pt_bed69d2bf32e4b21,2026-08-21
1024,ase_pt_bed69d2bf32e4b21,2026-08-21
1025,ase_pt_ea93f5edcbd049a6,2026-08-21
1026,ase_pt_ea93f5edcbd049a6,2026-08-21
1027,ase_pt_16cf6d806ea34cdc,2026-08-21
1028,ase_pt_16cf6d806ea34cdc,2026-08-21
1029,ase_pt_16cf6d806ea34cdc,2026-08-21
1030,ase_pt_d3b5f2da35984057,2026-08-21
1031,ase_pt_d3b5f2da35984057,2026-08-21
1032,ase_pt_d3b5f2da35984057,2026-08-21
1033,ase_pt_d3b5f2da35984057,2026-08-21
1034,ase_pt_8d400ce6441c4402,2026-08-21
1035,ase_pt_8d400ce6441c4402,2026-08-21
1036,ase_pt_8d400ce6441c4402,2026-08-21
1037,ase_pt_8d400ce6441c4402,2026-08-21
1038,ase_pt_854cdbc63d0e4302,2026-08-21
1039,ase_pt_854cdbc63d0e4302,2026-08-21
1040,ase_pt_e7d78e583530476c,2026-08-21
1041,ase_pt_e7d78e583530476c,2026-08-21
1042,ase_pt_eb69c5f8d45a4cea,2026-08-07
1043,ase_pt_08179cf977334df3,2026-08-21
1044,ase_pt_08179cf977334df3,2026-08-21
1045,ase_pt_8b9f1e603d544491,2026-08-21
1046,ase_pt_8b9f1e603d544491,2026-08-21
1047,ase_pt_8b9f1e603d544491,2026-08-21
1048,ase_pt_8b9f1e603d544491,2026-08-21
1049,ase_pt_0c9b4327f85a4179,2026-08-21
1050,ase_pt_0c9b4327f85a4179,2026-08-21
1051,ase_pt_0c9b4327f85a4179,2026-08-21
1052,ase_pt_0c9b4327f85a4179,2026-08-21
1053,ase_pt_0c9b4327f85a4179,2026-08-21
1054,ase_pt_b217288663e64abf,2026-08-21
1055,ase_pt_b217288663e64abf,2026-08-21
1056,ase_pt_b217288663e64abf,2026-08-21
1057,ase_pt_b217288663e64abf,2026-08-21
1058,ase_pt_b217288663e64abf,2026-08-21
1059,ase_pt_b217288663e64abf,2026-08-21
1060,ase_pt_eacf187fc03e42a8,2026-08-21
1061,ase_pt_eacf187fc03e42a8,2026-08-21
1062,ase_pt_eacf187fc03e42a8,2026-08-21
1063,ase_pt_eacf187fc03e42a8,2026-08-21
1064,ase_pt_eacf187fc03e42a8,2026-08-21
1065,ase_pt_eacf187fc03e42a8,2026-08-21
1066,ase_pt_eacf187fc03e42a8,2026-08-21
1067,ase_pt_eacf187fc03e42a8,2026-08-21
1068,ase_pt_6d5376710e84479f,2026-08-21
1069,ase_pt_3ca0620c4cef4d6f,2026-08-21
1070,ase_pt_974bac188a97487c,2027-07-16
1071,ase_pt_1c95fb9bd5194ab1,2027-07-16
1072,ase_pt_bbb2af4febbf44fa,2026-08-21
1073,ase_pt_df836ccb480e43ac,2026-08-21
1074,ase_pt_baad41bd56d44e0e,2027-07-16
1075,ase_pt_baad41bd56d44e0e,2026-08-21
1076,ase_pt_8b3c4ae687964a70,2027-07-16
1077,ase_pt_8b3c4ae687964a70,2026-08-21
1078,ase_pt_cf555e7bab05428c,2026-08-21
1079,ase_pt_cf555e7bab05428c,2026-08-21
1080,ase_pt_341ee9bd107947a6,2026-08-21
1081,ase_pt_341ee9bd107947a6,2026-08-21
1082,ase_pt_48e071537e064f17,2026-08-21
1083,ase_pt_48e071537e064f17,2026-08-21
1084,ase_pt_774ec411f0664b5e,2026-08-21
1085,ase_pt_774ec411f0664b5e,2026-08-21
1086,ase_pt_9ce40b1112c2482f,2026-08-21
1087,ase_pt_9ce40b1112c2482f,2026-08-21
1088,ase_pt_c6a51fd7f76347fe,2026-08-21
1089,ase_pt_c6a51fd7f76347fe,2026-08-21
1090,ase_pt_f5dd6dc35bb846d9,2026-08-21
1091,ase_pt_f5dd6dc35bb846d9,2026-08-21
1092,ase_pt_a1fcb5049d0f413b,2027-07-16
1093,ase_pt_a1fcb5049d0f413b,2027-07-16
1094,ase_pt_8f481826e0ff4f9b,2026-08-21
1095,ase_pt_8f481826e0ff4f9b,2026-08-21
1096,ase_pt_364e2c86c1d6469d,2026-08-21
1097,ase_pt_364e2c86c1d6469d,2026-09-18
1098,ase_pt_5451fd35cf2d40c9,2026-08-21
1099,ase_pt_5451fd35cf2d40c9,2026-08-21
1100,ase_pt_304246ad516046d6,2026-08-21
1101,ase_pt_304246ad516046d6,2026-08-21
1102,ase_pt_63b79671045a4aa2,2026-08-21
1103,ase_pt_63b79671045a4aa2,2026-08-21
1104,ase_pt_44cb1b0418044113,2026-08-21
1105,ase_pt_44cb1b0418044113,2026-08-21
1106,ase_pt_4ef17b0e1c6546f6,2026-08-21
1107,ase_pt_4ef17b0e1c6546f6,2026-08-21
1108,ase_pt_bcbabed4ff834d64,2026-08-21
1109,ase_pt_bcbabed4ff834d64,2026-08-21
1110,ase_pt_0a828b9ce657480c,2026-08-21
1111,ase_pt_0a828b9ce657480c,2026-08-21
1112,ase_pt_7c1b674006aa4427,2027-07-16
1113,ase_pt_7c1b674006aa4427,2027-07-16
1114,ase_pt_80b9c058175a4c61,2026-08-21
1115,ase_pt_80b9c058175a4c61,2026-08-21
1116,ase_pt_e3723739cd9c4db8,2026-08-21
1117,ase_pt_e3723739cd9c4db8,2026-09-18
1118,ase_pt_dcf739fea6c346c2,2026-08-21
1119,ase_pt_dcf739fea6c346c2,2026-08-21
1120,ase_pt_dcf739fea6c346c2,2026-08-21
1121,ase_pt_dcf739fea6c346c2,2026-08-21
1122,ase_pt_297066db97404b77,2026-08-21
1123,ase_pt_297066db97404b77,2026-08-21
1124,ase_pt_297066db97404b77,2026-08-21
1125,ase_pt_297066db97404b77,2026-08-21
1126,ase_pt_ffc319cbdcb547bd,2026-08-21
1127,ase_pt_ffc319cbdcb547bd,2026-09-18
1128,ase_pt_b56a1c5009bc48ba,2026-08-21
1129,ase_pt_b56a1c5009bc48ba,2026-09-18
1130,ase_pt_c22a27dc84f148ae,2026-08-21
1131,ase_pt_c22a27dc84f148ae,2026-09-18
1132,ase_pt_b62d17470e3d4853,2026-08-21
1133,ase_pt_b62d17470e3d4853,2026-09-18
1134,ase_pt_1acdccfce30940ea,2026-08-21
1135,ase_pt_1acdccfce30940ea,2026-09-18
1136,ase_pt_1acdccfce30940ea,2026-08-21
1137,ase_pt_1acdccfce30940ea,2026-09-18
1138,ase_pt_3e339a7a3cdc4e44,2026-08-21
1139,ase_pt_3e339a7a3cdc4e44,2026-09-18
1140,ase_pt_f663d57759104da1,2026-09-18
1141,ase_pt_f663d57759104da1,2027-07-16
1142,ase_pt_8bb5c04c7e374521,2026-09-18
1143,ase_pt_8bb5c04c7e374521,2027-07-16
1144,ase_pt_14bbea05d32a4a64,2026-09-18
1145,ase_pt_14bbea05d32a4a64,2026-08-21
1146,ase_pt_e9c5adc89a694700,2026-09-18
1147,ase_pt_e9c5adc89a694700,2026-08-21
1148,ase_pt_2e78f09475d34b9c,2026-09-18
1149,ase_pt_2e78f09475d34b9c,2026-08-21
1150,ase_pt_7321ce7d9a704a8b,2026-09-18
1151,ase_pt_7321ce7d9a704a8b,2026-08-21
1152,ase_pt_5e8f0d60fbd54fb2,2026-09-18
1153,ase_pt_5e8f0d60fbd54fb2,2026-08-21
1154,ase_pt_3ba61bac1a2f4d53,2026-09-18
1155,ase_pt_3ba61bac1a2f4d53,2026-08-21
1156,ase_pt_3ba61bac1a2f4d53,2026-09-18
1157,ase_pt_3ba61bac1a2f4d53,2026-08-21
1158,ase_pt_16c1472721674c76,2027-07-16
1159,ase_pt_16c1472721674c76,2026-08-21
1160,ase_pt_a56d6cd8ff234e19,2027-07-16
1161,ase_pt_a56d6cd8ff234e19,2026-08-21
1162,ase_pt_0f75b5e82d514193,2026-09-18
1163,ase_pt_0f75b5e82d514193,2026-08-21
1164,ase_pt_937155f971934804,2026-09-18
1165,ase_pt_937155f971934804,2026-08-21
1166,ase_pt_b73e0508eca949e8,2026-09-18
1167,ase_pt_b73e0508eca949e8,2026-08-21
1168,ase_pt_532c902bfb4748ee,2026-09-18
1169,ase_pt_532c902bfb4748ee,2026-08-21
1170,ase_pt_532c902bfb4748ee,2026-09-18
1171,ase_pt_532c902bfb4748ee,2026-08-21
1172,ase_pt_de9a1dd6531e46d8,2026-10-16
1173,ase_pt_de9a1dd6531e46d8,2026-08-21
1174,ase_pt_c62db28384754bcc,2026-08-21
1175,ase_pt_c62db28384754bcc,2026-08-21
1176,ase_pt_488e81b05e3546f2,2026-08-21
1177,ase_pt_488e81b05e3546f2,2026-08-21
1178,ase_pt_a46af2f3109f4baf,2026-08-21
1179,ase_pt_a46af2f3109f4baf,2026-08-21
1180,ase_pt_4b4633b31af942dc,2026-08-21
1181,ase_pt_4b4633b31af942dc,2026-08-21
1182,ase_pt_2b871389c3f94b23,2026-08-21
1183,ase_pt_2b871389c3f94b23,2026-08-21
1184,ase_pt_2b871389c3f94b23,2026-08-21
1185,ase_pt_2b871389c3f94b23,2026-08-21
1186,ase_pt_256ccb2dec9a44b2,2026-08-21
1187,ase_pt_256ccb2dec9a44b2,2026-08-21
1188,ase_pt_256ccb2dec9a44b2,2026-08-21
1189,ase_pt_256ccb2dec9a44b2,2026-08-21
1190,ase_pt_90fdbdd9ef814faa,2026-08-21
1191,ase_pt_90fdbdd9ef814faa,2026-09-18
1192,ase_pt_90fdbdd9ef814faa,2026-08-21
1193,ase_pt_90fdbdd9ef814faa,2026-09-18
1194,ase_pt_c1cb14c33f0a40db,2026-09-18
1195,ase_pt_c1cb14c33f0a40db,2026-08-21
1196,ase_pt_c1cb14c33f0a40db,2026-09-18
1197,ase_pt_c1cb14c33f0a40db,2026-08-21
1198,ase_pt_2f51cdd5a4bc4ffd,2026-08-21
1199,ase_pt_2f51cdd5a4bc4ffd,2026-08-21
1200,ase_pt_2f51cdd5a4bc4ffd,2026-08-21
1201,ase_pt_9685e32cd4cc4f00,2026-08-21
1202,ase_pt_9685e32cd4cc4f00,2026-08-21
1203,ase_pt_9685e32cd4cc4f00,2026-08-21
1204,ase_pt_7c3ef7e616e149da,2026-08-21
1205,ase_pt_7c3ef7e616e149da,2026-08-21
1206,ase_pt_7c3ef7e616e149da,2026-08-21
1207,ase_pt_7c3ef7e616e149da,2026-08-21
1208,ase_pt_ae12830c35754db8,2026-08-21
1209,ase_pt_ae12830c35754db8,2026-08-21
1210,ase_pt_ae12830c35754db8,2026-08-21
1211,ase_pt_7de3ce6fbc8845a0,2026-08-21
1212,ase_pt_7de3ce6fbc8845a0,2026-08-21
1213,ase_pt_7de3ce6fbc8845a0,2026-08-21
1214,ase_pt_335da21099bf469e,2026-08-21
1215,ase_pt_335da21099bf469e,2026-08-21
1216,ase_pt_335da21099bf469e,2026-08-21
1217,ase_pt_02d0d9913754443c,2026-08-21
1218,ase_pt_02d0d9913754443c,2026-08-21
1219,ase_pt_02d0d9913754443c,2026-08-21
1220,ase_pt_c6e58215b6bc4846,2026-08-21
1221,ase_pt_c6e58215b6bc4846,2026-08-21
1222,ase_pt_c6e58215b6bc4846,2026-08-21
1223,ase_pt_e56739d70d014172,2026-08-21
1224,ase_pt_e56739d70d014172,2026-08-21
1225,ase_pt_e56739d70d014172,2026-08-21
1226,ase_pt_d98382cd2b4f4c2d,2026-08-21
1227,ase_pt_d98382cd2b4f4c2d,2026-08-21
1228,ase_pt_d98382cd2b4f4c2d,2026-08-21
1229,ase_pt_d98382cd2b4f4c2d,2026-08-21
1230,ase_pt_d98382cd2b4f4c2d,2026-08-21
1231,ase_pt_d98382cd2b4f4c2d,2026-08-21
1232,ase_pt_559d9e7244b542ea,2026-09-18
1233,ase_pt_559d9e7244b542ea,2026-08-21
1234,ase_pt_559d9e7244b542ea,2026-10-16
1235,ase_pt_bf3cd83403654aef,2026-08-21
1236,ase_pt_bf3cd83403654aef,2026-08-21
1237,ase_pt_bf3cd83403654aef,2026-08-21
1238,ase_pt_f22691ef3d444fab,2026-08-21
1239,ase_pt_f22691ef3d444fab,2026-08-21
1240,ase_pt_f22691ef3d444fab,2026-08-21
1241,ase_pt_f22691ef3d444fab,2026-08-21
1242,ase_pt_cc496e3791394bdd,2026-08-21
1243,ase_pt_cc496e3791394bdd,2026-08-21
1244,ase_pt_cc496e3791394bdd,2026-08-21
1245,ase_pt_cc496e3791394bdd,2026-08-21
1246,ase_pt_64f79423f4d24f3e,2026-08-21
1247,ase_pt_64f79423f4d24f3e,2026-08-21
1248,ase_pt_64f79423f4d24f3e,2026-08-21
1249,ase_pt_64f79423f4d24f3e,2026-08-21
1250,ase_pt_24bc62692c964244,2026-08-21
1251,ase_pt_24bc62692c964244,2026-08-21
1252,ase_pt_24bc62692c964244,2026-08-21
1253,ase_pt_24bc62692c964244,2026-08-21
1254,ase_pt_3bcc9c0b31ff49f3,2026-08-21
1255,ase_pt_3bcc9c0b31ff49f3,2026-08-21
1256,ase_pt_3bcc9c0b31ff49f3,2026-08-21
1257,ase_pt_3bcc9c0b31ff49f3,2026-08-21
1258,ase_pt_e78a52d34182482d,2026-08-21
1259,ase_pt_e78a52d34182482d,2026-08-21
1260,ase_pt_e78a52d34182482d,2026-08-21
1261,ase_pt_e78a52d34182482d,2026-08-21
1262,ase_pt_70ff8734f7804dad,2026-08-21
1263,ase_pt_70ff8734f7804dad,2026-08-21
1264,ase_pt_70ff8734f7804dad,2026-08-21
1265,ase_pt_70ff8734f7804dad,2026-08-21
1266,ase_pt_70ff8734f7804dad,2026-08-21
1267,ase_pt_70ff8734f7804dad,2026-08-21
1268,ase_pt_70ff8734f7804dad,2026-08-21
1269,ase_pt_70ff8734f7804dad,2026-08-21
1270,ase_pt_6a6f8dd6d8d04180,2026-08-21
1271,ase_pt_6a6f8dd6d8d04180,2026-08-21
1272,ase_pt_6a6f8dd6d8d04180,2026-08-21
1273,ase_pt_6a6f8dd6d8d04180,2026-08-21
1274,ase_pt_52d55444d36747a0,2026-08-21
1275,ase_pt_52d55444d36747a0,2026-08-21
1276,ase_pt_52d55444d36747a0,2026-08-21
1277,ase_pt_52d55444d36747a0,2026-08-21
1278,ase_pt_d63b61e91c314a4f,2026-08-21
1279,ase_pt_d63b61e91c314a4f,2026-08-21
1280,ase_pt_d63b61e91c314a4f,2026-08-21
1281,ase_pt_d63b61e91c314a4f,2026-08-21
1282,ase_pt_4ed0eedc2d0047dd,2026-08-21
1283,ase_pt_4ed0eedc2d0047dd,2026-08-21
1284,ase_pt_4ed0eedc2d0047dd,2026-08-21
1285,ase_pt_4ed0eedc2d0047dd,2026-08-21
1286,ase_pt_00ab5dd704f449f7,2026-08-21
1287,ase_pt_00ab5dd704f449f7,2026-08-21
1288,ase_pt_00ab5dd704f449f7,2026-08-21
1289,ase_pt_00ab5dd704f449f7,2026-08-21
1290,ase_pt_fff14c0d833a43a4,2026-08-21
1291,ase_pt_fff14c0d833a43a4,2026-08-21
1292,ase_pt_6eecd7dc53e44088,2026-08-21
1293,ase_pt_6eecd7dc53e44088,2026-08-21
1294,ase_pt_5df56406e676421f,2026-08-21
1295,ase_pt_5df56406e676421f,2026-08-21
1296,ase_pt_5df56406e676421f,2026-08-21
1297,ase_pt_5b1ade8a47a2427c,2026-08-21
1298,ase_pt_5b1ade8a47a2427c,2026-08-21
1299,ase_pt_5b1ade8a47a2427c,2026-08-21
1300,ase_pt_4a42f6e79939477c,2026-08-21
1301,ase_pt_4a42f6e79939477c,2026-08-21
1302,ase_pt_4a42f6e79939477c,2026-08-21
1303,ase_pt_4a42f6e79939477c,2026-08-21
1304,ase_pt_5208c296a9d047a4,2026-08-21
1305,ase_pt_5208c296a9d047a4,2026-08-21
1306,ase_pt_5208c296a9d047a4,2026-08-21
1307,ase_pt_5208c296a9d047a4,2026-08-21
1308,ase_pt_c90f2d4483524cf3,2026-08-21
1309,ase_pt_c90f2d4483524cf3,2026-08-21
1310,ase_pt_c90f2d4483524cf3,2026-08-21
1311,ase_pt_c90f2d4483524cf3,2026-08-21
1312,ase_pt_43c4c77038f3406c,2026-08-21
1313,ase_pt_43c4c77038f3406c,2026-08-21
1314,ase_pt_40bdf8a07f154dda,2026-08-21
1315,ase_pt_40bdf8a07f154dda,2026-08-21
1316,ase_pt_8d272733b82b486a,2026-08-21
1317,ase_pt_8d272733b82b486a,2026-08-21
1318,ase_pt_8d272733b82b486a,2026-08-21
1319,ase_pt_8d272733b82b486a,2026-08-21
1320,ase_pt_24e97ff0df5b4982,2026-08-21
1321,ase_pt_24e97ff0df5b4982,2026-08-21
1322,ase_pt_24e97ff0df5b4982,2026-08-21
1323,ase_pt_24e97ff0df5b4982,2026-08-21
1324,ase_pt_feffd623b601459d,2026-08-21
1325,ase_pt_feffd623b601459d,2026-08-21
1326,ase_pt_d339d8eab1824973,2026-09-18
1327,ase_pt_d339d8eab1824973,2026-08-21
1328,ase_pt_cfeb044893794459,2026-08-21
1329,ase_pt_cfeb044893794459,2026-08-21
1330,ase_pt_236c6d4d2d11491a,2026-08-21
1331,ase_pt_236c6d4d2d11491a,2026-08-21
1332,ase_pt_5ad3da4131714e30,2026-08-21
1333,ase_pt_5ad3da4131714e30,2026-08-21
1334,ase_pt_5ad3da4131714e30,2026-08-21
1335,ase_pt_c5be21acb3394fec,2026-08-21
1336,ase_pt_c5be21acb3394fec,2026-08-21
1337,ase_pt_c5be21acb3394fec,2026-08-21
1338,ase_pt_c5be21acb3394fec,2026-08-21
1339,ase_pt_420f5395718a4e36,2026-09-18
1340,ase_pt_420f5395718a4e36,2026-08-21
1341,ase_pt_241e62fb9dec48f7,2026-08-21
1342,ase_pt_241e62fb9dec48f7,2026-08-21
1343,ase_pt_241e62fb9dec48f7,2026-08-21
1344,ase_pt_241e62fb9dec48f7,2026-08-21
1345,ase_pt_d6ed352fe4334e51,2026-08-21
1346,ase_pt_d6ed352fe4334e51,2026-08-21
1347,ase_pt_687d43cfbe23447f,2026-08-21
1348,ase_pt_687d43cfbe23447f,2026-08-21
1349,ase_pt_687d43cfbe23447f,2026-08-21
1350,ase_pt_1dfa879e84f34a36,2026-08-21
1351,ase_pt_1dfa879e84f34a36,2026-08-21
1352,ase_pt_1dfa879e84f34a36,2026-08-21
1353,ase_pt_1dfa879e84f34a36,2026-08-21
1354,ase_pt_6a0fee0e6c994c43,2026-08-21
1355,ase_pt_6a0fee0e6c994c43,2026-08-21
1356,ase_pt_6a0fee0e6c994c43,2026-08-21
1357,ase_pt_6a0fee0e6c994c43,2026-08-21
1358,ase_pt_ea4be73d23ee4956,2026-08-21
1359,ase_pt_ea4be73d23ee4956,2026-08-21
1360,ase_pt_a81db8b53b0a4269,2026-08-21
1361,ase_pt_a81db8b53b0a4269,2026-08-21
1362,ase_pt_02879b05ff214e47,2026-08-07
1363,ase_pt_e2544b55d07e46a3,2026-08-21
1364,ase_pt_e2544b55d07e46a3,2026-08-21
1365,ase_pt_01eead446acc456b,2026-08-21
1366,ase_pt_01eead446acc456b,2026-08-21
1367,ase_pt_01eead446acc456b,2026-08-21
1368,ase_pt_01eead446acc456b,2026-08-21
1369,ase_pt_43b493247bb548cc,2026-08-21
1370,ase_pt_43b493247bb548cc,2026-08-21
1371,ase_pt_43b493247bb548cc,2026-08-21
1372,ase_pt_43b493247bb548cc,2026-08-21
1373,ase_pt_43b493247bb548cc,2026-08-21
1374,ase_pt_eb98d0776e8e4c2b,2026-08-21
1375,ase_pt_eb98d0776e8e4c2b,2026-08-21
1376,ase_pt_eb98d0776e8e4c2b,2026-08-21
1377,ase_pt_eb98d0776e8e4c2b,2026-08-21
1378,ase_pt_eb98d0776e8e4c2b,2026-08-21
1379,ase_pt_eb98d0776e8e4c2b,2026-08-21
1380,ase_pt_e2570da6158e4bf8,2026-08-21
1381,ase_pt_e2570da6158e4bf8,2026-08-21
1382,ase_pt_e2570da6158e4bf8,2026-08-21
1383,ase_pt_e2570da6158e4bf8,2026-08-21
1384,ase_pt_e2570da6158e4bf8,2026-08-21
1385,ase_pt_e2570da6158e4bf8,2026-08-21
1386,ase_pt_e2570da6158e4bf8,2026-08-21
1387,ase_pt_e2570da6158e4bf8,2026-08-21
1388,ase_pt_a81f2a870e1640c5,2026-08-21
1389,ase_pt_90567077eb144619,2026-08-21
1390,ase_pt_45331c229b7c4d18,2027-07-16
1391,ase_pt_9ac53dd86a4a49db,2026-08-21
1392,ase_pt_b143fca2d6684ea9,2026-08-21
1393,ase_pt_1353d127f4e04c38,2027-07-16
1394,ase_pt_feb277e4ceee4a33,2027-07-16
1395,ase_pt_d2121d0c26e647d3,2026-08-21
1396,ase_pt_8f07b5e253e84aac,2026-08-21
1397,ase_pt_e2f99181fe884443,2027-07-16
1398,ase_pt_e2f99181fe884443,2026-08-21
1399,ase_pt_f7783f7e02854358,2027-07-16
1400,ase_pt_f7783f7e02854358,2026-08-21
1401,ase_pt_7179b9b59f2946e7,2026-08-21
1402,ase_pt_7179b9b59f2946e7,2026-08-21
1403,ase_pt_5838a244a64d48a7,2026-08-21
1404,ase_pt_5838a244a64d48a7,2026-08-21
1405,ase_pt_4eee96fe9fd74603,2026-08-21
1406,ase_pt_4eee96fe9fd74603,2026-08-21
1407,ase_pt_938199d6acd74eb5,2026-08-21
1408,ase_pt_938199d6acd74eb5,2026-08-21
1409,ase_pt_6c0852ff34cc4914,2026-08-21
1410,ase_pt_6c0852ff34cc4914,2026-08-21
1411,ase_pt_e549a8e66b504915,2026-08-21
1412,ase_pt_e549a8e66b504915,2026-08-21
1413,ase_pt_5b867797cbbb4df8,2026-08-21
1414,ase_pt_5b867797cbbb4df8,2026-08-21
1415,ase_pt_2e6843beba754b18,2027-07-16
1416,ase_pt_2e6843beba754b18,2027-07-16
1417,ase_pt_d41318d96c0c4c43,2026-08-21
1418,ase_pt_d41318d96c0c4c43,2026-08-21
1419,ase_pt_b0cb97a05fe0422f,2026-08-21
1420,ase_pt_b0cb97a05fe0422f,2026-09-18
1421,ase_pt_c95aee18709e452c,2026-08-21
1422,ase_pt_c95aee18709e452c,2026-08-21
1423,ase_pt_80ab7cc88064422c,2026-08-21
1424,ase_pt_80ab7cc88064422c,2026-08-21
1425,ase_pt_7867db8a72a541c5,2026-08-21
1426,ase_pt_7867db8a72a541c5,2026-08-21
1427,ase_pt_26a9bf53b4d14255,2026-08-21
1428,ase_pt_26a9bf53b4d14255,2026-08-21
1429,ase_pt_1a6d7d2e47dd4ead,2026-08-21
1430,ase_pt_1a6d7d2e47dd4ead,2026-08-21
1431,ase_pt_e3b8f1a59f6440b9,2026-08-21
1432,ase_pt_e3b8f1a59f6440b9,2026-08-21
1433,ase_pt_0e064b32f2734d4b,2026-08-21
1434,ase_pt_0e064b32f2734d4b,2026-08-21
1435,ase_pt_f19a297d7ecc4a07,2027-07-16
1436,ase_pt_f19a297d7ecc4a07,2027-07-16
1437,ase_pt_73e78dcd567f42e4,2026-08-21
1438,ase_pt_73e78dcd567f42e4,2026-08-21
1439,ase_pt_83538519e8064a9e,2026-08-21
1440,ase_pt_83538519e8064a9e,2026-09-18
1441,ase_pt_b561dca737e64954,2026-08-21
1442,ase_pt_b561dca737e64954,2026-08-21
1443,ase_pt_b561dca737e64954,2026-08-21
1444,ase_pt_b561dca737e64954,2026-08-21
1445,ase_pt_7a913eaa2e034493,2026-08-21
1446,ase_pt_7a913eaa2e034493,2026-08-21
1447,ase_pt_7a913eaa2e034493,2026-08-21
1448,ase_pt_7a913eaa2e034493,2026-08-21
1449,ase_pt_3e3127f519aa4b36,2026-08-21
1450,ase_pt_3e3127f519aa4b36,2026-09-18
1451,ase_pt_6edd6080f1904229,2026-08-21
1452,ase_pt_6edd6080f1904229,2026-09-18
1453,ase_pt_27fb95998a56415b,2026-08-21
1454,ase_pt_27fb95998a56415b,2026-09-18
1455,ase_pt_96afe39b761e4ad1,2026-08-21
1456,ase_pt_96afe39b761e4ad1,2026-09-18
1457,ase_pt_06138b3b65da4af9,2026-08-21
1458,ase_pt_06138b3b65da4af9,2026-09-18
1459,ase_pt_06138b3b65da4af9,2026-08-21
1460,ase_pt_06138b3b65da4af9,2026-09-18
1461,ase_pt_6474cf69996b4496,2026-08-21
1462,ase_pt_6474cf69996b4496,2026-09-18
1463,ase_pt_25308f99b8a44dab,2026-09-18
1464,ase_pt_25308f99b8a44dab,2027-07-16
1465,ase_pt_c8a9b9a5f23c4a02,2026-09-18
1466,ase_pt_c8a9b9a5f23c4a02,2027-07-16
1467,ase_pt_af7b9105f1b44a39,2026-09-18
1468,ase_pt_af7b9105f1b44a39,2026-08-21
1469,ase_pt_7c98961ed462420e,2026-09-18
1470,ase_pt_7c98961ed462420e,2026-08-21
1471,ase_pt_1ca9d2bc3c954aa1,2026-09-18
1472,ase_pt_1ca9d2bc3c954aa1,2026-08-21
1473,ase_pt_ddcc6f854e4843f4,2026-09-18
1474,ase_pt_ddcc6f854e4843f4,2026-08-21
1475,ase_pt_476a12c189d04554,2026-09-18
1476,ase_pt_476a12c189d04554,2026-08-21
1477,ase_pt_d1c575613d644f6d,2026-09-18
1478,ase_pt_d1c575613d644f6d,2026-08-21
1479,ase_pt_d1c575613d644f6d,2026-09-18
1480,ase_pt_d1c575613d644f6d,2026-08-21
1481,ase_pt_7535e14a6e124d94,2027-07-16
1482,ase_pt_7535e14a6e124d94,2026-08-21
1483,ase_pt_c467febe9f4646de,2027-07-16
1484,ase_pt_c467febe9f4646de,2026-08-21
1485,ase_pt_771678d014254c74,2026-09-18
1486,ase_pt_771678d014254c74,2026-08-21
1487,ase_pt_27770dc5a81e4e91,2026-09-18
1488,ase_pt_27770dc5a81e4e91,2026-08-21
1489,ase_pt_4ddf72645e174fe1,2026-09-18
1490,ase_pt_4ddf72645e174fe1,2026-08-21
1491,ase_pt_23ef28daf9cb47a1,2026-09-18
1492,ase_pt_23ef28daf9cb47a1,2026-08-21
1493,ase_pt_23ef28daf9cb47a1,2026-09-18
1494,ase_pt_23ef28daf9cb47a1,2026-08-21
1495,ase_pt_0e252cbba9094a72,2026-10-16
1496,ase_pt_0e252cbba9094a72,2026-08-21
1497,ase_pt_6c50347440d247b4,2026-08-21
1498,ase_pt_6c50347440d247b4,2026-08-21
1499,ase_pt_ba7fa2bd655642a4,2026-08-21
1500,ase_pt_ba7fa2bd655642a4,2026-08-21
1501,ase_pt_c1b18ab884d94247,2026-08-21
1502,ase_pt_c1b18ab884d94247,2026-08-21
1503,ase_pt_03e63508f3af489f,2026-08-21
1504,ase_pt_03e63508f3af489f,2026-08-21
1505,ase_pt_57db029c27af45e3,2026-08-21
1506,ase_pt_57db029c27af45e3,2026-08-21
1507,ase_pt_57db029c27af45e3,2026-08-21
1508,ase_pt_57db029c27af45e3,2026-08-21
1509,ase_pt_32186d8d86644d8a,2026-08-21
1510,ase_pt_32186d8d86644d8a,2026-08-21
1511,ase_pt_32186d8d86644d8a,2026-08-21
1512,ase_pt_32186d8d86644d8a,2026-08-21
1513,ase_pt_8cea473fdd8847ee,2026-08-21
1514,ase_pt_8cea473fdd8847ee,2026-09-18
1515,ase_pt_8cea473fdd8847ee,2026-08-21
1516,ase_pt_8cea473fdd8847ee,2026-09-18
1517,ase_pt_44e3a8804a2a4988,2026-09-18
1518,ase_pt_44e3a8804a2a4988,2026-08-21
1519,ase_pt_44e3a8804a2a4988,2026-09-18
1520,ase_pt_44e3a8804a2a4988,2026-08-21
1521,ase_pt_713d53f998734c95,2026-08-21
1522,ase_pt_713d53f998734c95,2026-08-21
1523,ase_pt_713d53f998734c95,2026-08-21
1524,ase_pt_5949f93a17d240ae,2026-08-21
1525,ase_pt_5949f93a17d240ae,2026-08-21
1526,ase_pt_5949f93a17d240ae,2026-08-21
1527,ase_pt_eae220cc91eb49ee,2026-08-21
1528,ase_pt_eae220cc91eb49ee,2026-08-21
1529,ase_pt_eae220cc91eb49ee,2026-08-21
1530,ase_pt_eae220cc91eb49ee,2026-08-21
1531,ase_pt_873fee4ef10f4d1e,2026-08-21
1532,ase_pt_873fee4ef10f4d1e,2026-08-21
1533,ase_pt_873fee4ef10f4d1e,2026-08-21
1534,ase_pt_6fbaf19c00b54f5a,2026-08-21
1535,ase_pt_6fbaf19c00b54f5a,2026-08-21
1536,ase_pt_6fbaf19c00b54f5a,2026-08-21
1537,ase_pt_78d7474730e741f4,2026-08-21
1538,ase_pt_78d7474730e741f4,2026-08-21
1539,ase_pt_78d7474730e741f4,2026-08-21
1540,ase_pt_3e1833f415fd414f,2026-08-21
1541,ase_pt_3e1833f415fd414f,2026-08-21
1542,ase_pt_3e1833f415fd414f,2026-08-21
1543,ase_pt_d44e9670399c408a,2026-08-21
1544,ase_pt_d44e9670399c408a,2026-08-21
1545,ase_pt_d44e9670399c408a,2026-08-21
1546,ase_pt_f033ed36fcef4965,2026-08-21
1547,ase_pt_9ac2841b15404bcd,2026-08-21
1548,ase_pt_2eb7fcfa021b40e9,2027-07-16
1549,ase_pt_0410e0d5f8af4361,2027-07-16
1550,ase_pt_4e6c3823a6db41fb,2026-08-21
1551,ase_pt_5cd9914d28294eaa,2026-08-21
1552,ase_pt_c9cf1e5947bb4752,2027-07-16
1553,ase_pt_c9cf1e5947bb4752,2026-08-21
1554,ase_pt_145e7e156a714c6b,2027-07-16
1555,ase_pt_145e7e156a714c6b,2026-08-21
1556,ase_pt_e66149ee488d4111,2026-08-21
1557,ase_pt_e66149ee488d4111,2026-08-21
1558,ase_pt_5a6ff0d6be8e48cc,2026-08-21
1559,ase_pt_5a6ff0d6be8e48cc,2026-08-21
1560,ase_pt_112c1a8d5dc94d21,2026-08-21
1561,ase_pt_112c1a8d5dc94d21,2026-08-21
1562,ase_pt_9bf39c88fddc4d28,2026-08-21
1563,ase_pt_9bf39c88fddc4d28,2026-08-21
1564,ase_pt_3364009d64af4768,2026-08-21
1565,ase_pt_3364009d64af4768,2026-08-21
1566,ase_pt_4c06105a01794947,2026-08-21
1567,ase_pt_4c06105a01794947,2026-08-21
1568,ase_pt_d6f552806c264371,2026-08-21
1569,ase_pt_d6f552806c264371,2026-08-21
1570,ase_pt_f4ab0354b1194755,2027-07-16
1571,ase_pt_f4ab0354b1194755,2027-07-16
1572,ase_pt_35adba2d503446d4,2026-08-21
1573,ase_pt_35adba2d503446d4,2026-08-21
1574,ase_pt_f0718fd916934cfe,2026-08-21
1575,ase_pt_f0718fd916934cfe,2026-09-18
1576,ase_pt_046547bd9a204f91,2026-08-21
1577,ase_pt_046547bd9a204f91,2026-08-21
1578,ase_pt_cb4bcbf8a2d84d5f,2026-08-21
1579,ase_pt_cb4bcbf8a2d84d5f,2026-08-21
1580,ase_pt_5d475d0436df49e3,2026-08-21
1581,ase_pt_5d475d0436df49e3,2026-08-21
1582,ase_pt_90b15fbbc1784cbe,2026-08-21
1583,ase_pt_90b15fbbc1784cbe,2026-08-21
1584,ase_pt_4a739bd10d40478e,2026-08-21
1585,ase_pt_4a739bd10d40478e,2026-08-21
1586,ase_pt_adbf72e54bee4e93,2026-08-21
1587,ase_pt_adbf72e54bee4e93,2026-08-21
1588,ase_pt_51aca08bd0af4f10,2026-08-21
1589,ase_pt_51aca08bd0af4f10,2026-08-21
1590,ase_pt_25af5afd3fb64392,2027-07-16
1591,ase_pt_25af5afd3fb64392,2027-07-16
1592,ase_pt_9718d1dd9d2d406c,2026-08-21
1593,ase_pt_9718d1dd9d2d406c,2026-08-21
1594,ase_pt_b3196782bca54c2f,2026-08-21
1595,ase_pt_b3196782bca54c2f,2026-09-18
1596,ase_pt_1a312a5f3dae490c,2026-08-21
1597,ase_pt_1a312a5f3dae490c,2026-08-21
1598,ase_pt_1a312a5f3dae490c,2026-08-21
1599,ase_pt_1a312a5f3dae490c,2026-08-21
1600,ase_pt_b78de49d410c4b6a,2026-08-21
1601,ase_pt_b78de49d410c4b6a,2026-08-21
1602,ase_pt_b78de49d410c4b6a,2026-08-21
1603,ase_pt_b78de49d410c4b6a,2026-08-21
1604,ase_pt_eaf300904a6b46b0,2026-08-21
1605,ase_pt_eaf300904a6b46b0,2026-09-18
1606,ase_pt_9c7a74fa838e4e13,2026-08-21
1607,ase_pt_9c7a74fa838e4e13,2026-09-18
1608,ase_pt_8b4dd53a96554dfd,2026-08-21
1609,ase_pt_8b4dd53a96554dfd,2026-09-18
1610,ase_pt_1ecbc30e80024867,2026-08-21
1611,ase_pt_1ecbc30e80024867,2026-09-18
1612,ase_pt_b0b1fcb3e5e440bf,2026-08-21
1613,ase_pt_b0b1fcb3e5e440bf,2026-09-18
1614,ase_pt_b0b1fcb3e5e440bf,2026-08-21
1615,ase_pt_b0b1fcb3e5e440bf,2026-09-18
1616,ase_pt_e94e06bd9ba64a13,2026-08-21
1617,ase_pt_e94e06bd9ba64a13,2026-09-18
1618,ase_pt_9f6f3232705d4af8,2026-09-18
1619,ase_pt_9f6f3232705d4af8,2027-07-16
1620,ase_pt_d9415203c20b46f6,2026-09-18
1621,ase_pt_d9415203c20b46f6,2027-07-16
1622,ase_pt_12552ba816c647a6,2026-09-18
1623,ase_pt_12552ba816c647a6,2026-08-21
1624,ase_pt_8c79bccb949e4c7e,2026-09-18
1625,ase_pt_8c79bccb949e4c7e,2026-08-21
1626,ase_pt_4a733320cf6c430b,2026-09-18
1627,ase_pt_4a733320cf6c430b,2026-08-21
1628,ase_pt_9c780403c45a475f,2026-09-18
1629,ase_pt_9c780403c45a475f,2026-08-21
1630,ase_pt_95154129d2f04501,2026-09-18
1631,ase_pt_95154129d2f04501,2026-08-21
1632,ase_pt_9d28f94eaeaf4126,2026-09-18
1633,ase_pt_9d28f94eaeaf4126,2026-08-21
1634,ase_pt_9d28f94eaeaf4126,2026-09-18
1635,ase_pt_9d28f94eaeaf4126,2026-08-21
1636,ase_pt_c66cffc7f7554a9e,2027-07-16
1637,ase_pt_c66cffc7f7554a9e,2026-08-21
1638,ase_pt_685e2dc764044b0a,2027-07-16
1639,ase_pt_685e2dc764044b0a,2026-08-21
1640,ase_pt_abd22434ae404043,2026-09-18
1641,ase_pt_abd22434ae404043,2026-08-21
1642,ase_pt_071dfaed07c840a7,2026-09-18
1643,ase_pt_071dfaed07c840a7,2026-08-21
1644,ase_pt_f02c2b0e4ea846d5,2026-09-18
1645,ase_pt_f02c2b0e4ea846d5,2026-08-21
1646,ase_pt_ad40ee17f4b24319,2026-09-18
1647,ase_pt_ad40ee17f4b24319,2026-08-21
1648,ase_pt_ad40ee17f4b24319,2026-09-18
1649,ase_pt_ad40ee17f4b24319,2026-08-21
1650,ase_pt_25c87bb09bcb4d9e,2026-10-16
1651,ase_pt_25c87bb09bcb4d9e,2026-08-21
1652,ase_pt_a177f80b7b324348,2026-08-21
1653,ase_pt_a177f80b7b324348,2026-08-21
1654,ase_pt_5f73e4e368ee4c19,2026-08-21
1655,ase_pt_5f73e4e368ee4c19,2026-08-21
1656,ase_pt_0dc66601fbd449ff,2026-08-21
1657,ase_pt_0dc66601fbd449ff,2026-08-21
1658,ase_pt_693ad4c178f244e6,2026-08-21
1659,ase_pt_693ad4c178f244e6,2026-08-21
1660,ase_pt_9ad847fa6c644d6e,2026-08-21
1661,ase_pt_9ad847fa6c644d6e,2026-08-21
1662,ase_pt_9ad847fa6c644d6e,2026-08-21
1663,ase_pt_9ad847fa6c644d6e,2026-08-21
1664,ase_pt_9304bdbefbc643c7,2026-08-21
1665,ase_pt_9304bdbefbc643c7,2026-08-21
1666,ase_pt_9304bdbefbc643c7,2026-08-21
1667,ase_pt_9304bdbefbc643c7,2026-08-21
1668,ase_pt_4bc71f3c83f84bc1,2026-08-21
1669,ase_pt_4bc71f3c83f84bc1,2026-09-18
1670,ase_pt_4bc71f3c83f84bc1,2026-08-21
1671,ase_pt_4bc71f3c83f84bc1,2026-09-18
1672,ase_pt_971b825f23974ec3,2026-09-18
1673,ase_pt_971b825f23974ec3,2026-08-21
1674,ase_pt_971b825f23974ec3,2026-09-18
1675,ase_pt_971b825f23974ec3,2026-08-21
1676,ase_pt_23883886b1684ced,2026-08-21
1677,ase_pt_23883886b1684ced,2026-08-21
1678,ase_pt_23883886b1684ced,2026-08-21
1679,ase_pt_7fdb187c20744630,2026-08-21
1680,ase_pt_7fdb187c20744630,2026-08-21
1681,ase_pt_7fdb187c20744630,2026-08-21
1682,ase_pt_75bb9bbffddc42a9,2026-08-21
1683,ase_pt_75bb9bbffddc42a9,2026-08-21
1684,ase_pt_75bb9bbffddc42a9,2026-08-21
1685,ase_pt_75bb9bbffddc42a9,2026-08-21
1686,ase_pt_48c41c48d3a14ba2,2026-08-21
1687,ase_pt_48c41c48d3a14ba2,2026-08-21
1688,ase_pt_48c41c48d3a14ba2,2026-08-21
1689,ase_pt_f13c06fdca6c4252,2026-08-21
1690,ase_pt_f13c06fdca6c4252,2026-08-21
1691,ase_pt_f13c06fdca6c4252,2026-08-21
1692,ase_pt_0b933a575f704d7e,2026-08-21
1693,ase_pt_0b933a575f704d7e,2026-08-21
1694,ase_pt_0b933a575f704d7e,2026-08-21
1695,ase_pt_ddaaad97b7254e99,2026-08-21
1696,ase_pt_ddaaad97b7254e99,2026-08-21
1697,ase_pt_ddaaad97b7254e99,2026-08-21
1698,ase_pt_857897d4d0ff4f19,2026-08-21
1699,ase_pt_857897d4d0ff4f19,2026-08-21
1700,ase_pt_857897d4d0ff4f19,2026-08-21
1701,ase_pt_758e90c2983f47df,2026-08-21
1702,ase_pt_758e90c2983f47df,2026-08-21
1703,ase_pt_758e90c2983f47df,2026-08-21
1704,ase_pt_19fd1a1afed14598,2026-08-21
1705,ase_pt_19fd1a1afed14598,2026-08-21
1706,ase_pt_19fd1a1afed14598,2026-08-21
1707,ase_pt_19fd1a1afed14598,2026-08-21
1708,ase_pt_19fd1a1afed14598,2026-08-21
1709,ase_pt_19fd1a1afed14598,2026-08-21
1710,ase_pt_a1d17b4de5fb4ab9,2026-09-18
1711,ase_pt_a1d17b4de5fb4ab9,2026-08-21
1712,ase_pt_a1d17b4de5fb4ab9,2026-10-16
1713,ase_pt_69d1459f2919466e,2026-08-21
1714,ase_pt_69d1459f2919466e,2026-08-21
1715,ase_pt_69d1459f2919466e,2026-08-21
1716,ase_pt_e1b41c6235bb41f8,2026-08-21
1717,ase_pt_e1b41c6235bb41f8,2026-08-21
1718,ase_pt_e1b41c6235bb41f8,2026-08-21
1719,ase_pt_e1b41c6235bb41f8,2026-08-21
1720,ase_pt_2611a56fa69b4883,2026-08-21
1721,ase_pt_2611a56fa69b4883,2026-08-21
1722,ase_pt_2611a56fa69b4883,2026-08-21
1723,ase_pt_2611a56fa69b4883,2026-08-21
1724,ase_pt_7551bc0b96784b8d,2026-08-21
1725,ase_pt_7551bc0b96784b8d,2026-08-21
1726,ase_pt_7551bc0b96784b8d,2026-08-21
1727,ase_pt_7551bc0b96784b8d,2026-08-21
1728,ase_pt_06edc199b341480c,2026-08-21
1729,ase_pt_06edc199b341480c,2026-08-21
1730,ase_pt_06edc199b341480c,2026-08-21
1731,ase_pt_06edc199b341480c,2026-08-21
1732,ase_pt_c13e4aa9be584415,2026-08-21
1733,ase_pt_c13e4aa9be584415,2026-08-21
1734,ase_pt_c13e4aa9be584415,2026-08-21
1735,ase_pt_c13e4aa9be584415,2026-08-21
1736,ase_pt_8f40bc8450a040f2,2026-08-21
1737,ase_pt_8f40bc8450a040f2,2026-08-21
1738,ase_pt_8f40bc8450a040f2,2026-08-21
1739,ase_pt_8f40bc8450a040f2,2026-08-21
1740,ase_pt_937913978a7345bf,2026-08-21
1741,ase_pt_937913978a7345bf,2026-08-21
1742,ase_pt_937913978a7345bf,2026-08-21
1743,ase_pt_937913978a7345bf,2026-08-21
1744,ase_pt_937913978a7345bf,2026-08-21
1745,ase_pt_937913978a7345bf,2026-08-21
1746,ase_pt_937913978a7345bf,2026-08-21
1747,ase_pt_937913978a7345bf,2026-08-21
1748,ase_pt_f44fe45a5946442a,2026-08-21
1749,ase_pt_f44fe45a5946442a,2026-08-21
1750,ase_pt_f44fe45a5946442a,2026-08-21
1751,ase_pt_f44fe45a5946442a,2026-08-21
1752,ase_pt_458f750d5f74431b,2026-08-21
1753,ase_pt_458f750d5f74431b,2026-08-21
1754,ase_pt_458f750d5f74431b,2026-08-21
1755,ase_pt_458f750d5f74431b,2026-08-21
1756,ase_pt_01cb82e33a8c4e04,2026-08-21
1757,ase_pt_01cb82e33a8c4e04,2026-08-21
1758,ase_pt_01cb82e33a8c4e04,2026-08-21
1759,ase_pt_01cb82e33a8c4e04,2026-08-21
1760,ase_pt_bfcbb0e9be454d9a,2026-08-21
1761,ase_pt_bfcbb0e9be454d9a,2026-08-21
1762,ase_pt_bfcbb0e9be454d9a,2026-08-21
1763,ase_pt_bfcbb0e9be454d9a,2026-08-21
1764,ase_pt_856dbff788e84c4c,2026-08-21
1765,ase_pt_856dbff788e84c4c,2026-08-21
1766,ase_pt_856dbff788e84c4c,2026-08-21
1767,ase_pt_856dbff788e84c4c,2026-08-21
1768,ase_pt_a14c917b2b5f4bac,2026-08-21
1769,ase_pt_a14c917b2b5f4bac,2026-08-21
1770,ase_pt_19ab29c2e07f4f23,2026-08-21
1771,ase_pt_19ab29c2e07f4f23,2026-08-21
1772,ase_pt_9e412b9c46f64e91,2026-08-21
1773,ase_pt_9e412b9c46f64e91,2026-08-21
1774,ase_pt_9e412b9c46f64e91,2026-08-21
1775,ase_pt_d5cd7abcf3714a9e,2026-08-21
1776,ase_pt_d5cd7abcf3714a9e,2026-08-21
1777,ase_pt_d5cd7abcf3714a9e,2026-08-21
1778,ase_pt_5d288026450343df,2026-08-21
1779,ase_pt_5d288026450343df,2026-08-21
1780,ase_pt_5d288026450343df,2026-08-21
1781,ase_pt_5d288026450343df,2026-08-21
1782,ase_pt_471b2b947e7240f9,2026-08-21
1783,ase_pt_471b2b947e7240f9,2026-08-21
1784,ase_pt_471b2b947e7240f9,2026-08-21
1785,ase_pt_471b2b947e7240f9,2026-08-21
1786,ase_pt_efb8edaa521b47e8,2026-08-21
1787,ase_pt_efb8edaa521b47e8,2026-08-21
1788,ase_pt_efb8edaa521b47e8,2026-08-21
1789,ase_pt_efb8edaa521b47e8,2026-08-21
1790,ase_pt_c1e850d101f94cfc,2026-08-21
1791,ase_pt_c1e850d101f94cfc,2026-08-21
1792,ase_pt_c1c2c821260347b3,2026-08-21
1793,ase_pt_c1c2c821260347b3,2026-08-21
1794,ase_pt_102122e7c9aa4c81,2026-08-21
1795,ase_pt_102122e7c9aa4c81,2026-08-21
1796,ase_pt_102122e7c9aa4c81,2026-08-21
1797,ase_pt_102122e7c9aa4c81,2026-08-21
1798,ase_pt_da861c9b34664bdb,2026-08-21
1799,ase_pt_da861c9b34664bdb,2026-08-21
1800,ase_pt_da861c9b34664bdb,2026-08-21
1801,ase_pt_da861c9b34664bdb,2026-08-21
1802,ase_pt_c5fdce8b34414e05,2026-08-21
1803,ase_pt_c5fdce8b34414e05,2026-08-21
1804,ase_pt_afb8e8c13d074159,2026-09-18
1805,ase_pt_afb8e8c13d074159,2026-08-21
1806,ase_pt_1bc8f735bf054b14,2026-08-21
1807,ase_pt_1bc8f735bf054b14,2026-08-21
1808,ase_pt_e765019aac214b30,2026-08-21
1809,ase_pt_e765019aac214b30,2026-08-21
1810,ase_pt_11a533f7ddb84c21,2026-08-21
1811,ase_pt_11a533f7ddb84c21,2026-08-21
1812,ase_pt_11a533f7ddb84c21,2026-08-21
1813,ase_pt_44733944cf074383,2026-08-21
1814,ase_pt_44733944cf074383,2026-08-21
1815,ase_pt_44733944cf074383,2026-08-21
1816,ase_pt_44733944cf074383,2026-08-21
1817,ase_pt_87f340e043e5485d,2026-09-18
1818,ase_pt_87f340e043e5485d,2026-08-21
1819,ase_pt_f3bb6a0a294543f3,2026-08-21
1820,ase_pt_f3bb6a0a294543f3,2026-08-21
1821,ase_pt_f3bb6a0a294543f3,2026-08-21
1822,ase_pt_f3bb6a0a294543f3,2026-08-21
1823,ase_pt_f1c574b9890e4d08,2026-08-21
1824,ase_pt_f1c574b9890e4d08,2026-08-21
1825,ase_pt_7c3c312e45784293,2026-08-21
1826,ase_pt_7c3c312e45784293,2026-08-21
1827,ase_pt_7c3c312e45784293,2026-08-21
1828,ase_pt_8866dcbf077e4891,2026-08-21
1829,ase_pt_8866dcbf077e4891,2026-08-21
1830,ase_pt_8866dcbf077e4891,2026-08-21
1831,ase_pt_8866dcbf077e4891,2026-08-21
1832,ase_pt_ae94e90407ed4ee8,2026-08-21
1833,ase_pt_ae94e90407ed4ee8,2026-08-21
1834,ase_pt_ae94e90407ed4ee8,2026-08-21
1835,ase_pt_ae94e90407ed4ee8,2026-08-21
1836,ase_pt_6e3199cc0c054c4a,2026-08-21
1837,ase_pt_6e3199cc0c054c4a,2026-08-21
1838,ase_pt_82b4b4830f9b44d1,2026-08-21
1839,ase_pt_82b4b4830f9b44d1,2026-08-21
1840,ase_pt_085f5f6f88514de6,2026-08-07
1841,ase_pt_f850c3bdc79c409b,2026-08-21
1842,ase_pt_f850c3bdc79c409b,2026-08-21
1843,ase_pt_e0d7f801595e436e,2026-08-21
1844,ase_pt_e0d7f801595e436e,2026-08-21
1845,ase_pt_e0d7f801595e436e,2026-08-21
1846,ase_pt_e0d7f801595e436e,2026-08-21
1847,ase_pt_5512d71f7e0c419d,2026-08-21
1848,ase_pt_5512d71f7e0c419d,2026-08-21
1849,ase_pt_5512d71f7e0c419d,2026-08-21
1850,ase_pt_5512d71f7e0c419d,2026-08-21
1851,ase_pt_5512d71f7e0c419d,2026-08-21
1852,ase_pt_9193accc15f84997,2026-08-21
1853,ase_pt_9193accc15f84997,2026-08-21
1854,ase_pt_9193accc15f84997,2026-08-21
1855,ase_pt_9193accc15f84997,2026-08-21
1856,ase_pt_9193accc15f84997,2026-08-21
1857,ase_pt_9193accc15f84997,2026-08-21
1858,ase_pt_0910e43b7e134256,2026-08-21
1859,ase_pt_0910e43b7e134256,2026-08-21
1860,ase_pt_0910e43b7e134256,2026-08-21
1861,ase_pt_0910e43b7e134256,2026-08-21
1862,ase_pt_0910e43b7e134256,2026-08-21
1863,ase_pt_0910e43b7e134256,2026-08-21
1864,ase_pt_0910e43b7e134256,2026-08-21
1865,ase_pt_0910e43b7e134256,2026-08-21
1866,ase_pt_d65d6f9ae7c349d2,2026-08-21
1867,ase_pt_32ac03879c054b1d,2026-08-21
1868,ase_pt_b52bfbe48bc7409c,2027-07-16
1869,ase_pt_1ea1196300224d4b,2027-07-16
1870,ase_pt_6c35449f5e404fff,2026-08-21
1871,ase_pt_2c74697a3b3b4846,2026-08-21
1872,ase_pt_835d7f1f28f84c85,2027-07-16
1873,ase_pt_835d7f1f28f84c85,2026-08-21
1874,ase_pt_b19c89664d8d4c91,2027-07-16
1875,ase_pt_b19c89664d8d4c91,2026-08-21
1876,ase_pt_c10d6a979ce8484c,2026-08-21
1877,ase_pt_c10d6a979ce8484c,2026-08-21
1878,ase_pt_8dc0c46744d64953,2026-08-21
1879,ase_pt_8dc0c46744d64953,2026-08-21
1880,ase_pt_e27c631c24c34820,2026-08-21
1881,ase_pt_e27c631c24c34820,2026-08-21
1882,ase_pt_7973611a7c8d4405,2026-08-21
1883,ase_pt_7973611a7c8d4405,2026-08-21
1884,ase_pt_78a93830b36e4989,2026-08-21
1885,ase_pt_78a93830b36e4989,2026-08-21
1886,ase_pt_40a66873201c42c8,2026-08-21
1887,ase_pt_40a66873201c42c8,2026-08-21
1888,ase_pt_6cbd35962d814902,2026-08-21
1889,ase_pt_6cbd35962d814902,2026-08-21
1890,ase_pt_90ec6ab58d4a433f,2027-07-16
1891,ase_pt_90ec6ab58d4a433f,2027-07-16
1892,ase_pt_745a857919564dfc,2026-08-21
1893,ase_pt_745a857919564dfc,2026-08-21
1894,ase_pt_952d56fbc7614422,2026-08-21
1895,ase_pt_952d56fbc7614422,2026-09-18
1896,ase_pt_36e8e261e3e1469f,2026-08-21
1897,ase_pt_36e8e261e3e1469f,2026-08-21
1898,ase_pt_5b47757a95a44adf,2026-08-21
1899,ase_pt_5b47757a95a44adf,2026-08-21
1900,ase_pt_4ee635f1de7648c7,2026-08-21
1901,ase_pt_4ee635f1de7648c7,2026-08-21
1902,ase_pt_24a77f31cca74e21,2026-08-21
1903,ase_pt_24a77f31cca74e21,2026-08-21
1904,ase_pt_45c6ec985311418b,2026-08-21
1905,ase_pt_45c6ec985311418b,2026-08-21
1906,ase_pt_11864dfe6e164f25,2026-08-21
1907,ase_pt_11864dfe6e164f25,2026-08-21
1908,ase_pt_f57567ca8d45430f,2026-08-21
1909,ase_pt_f57567ca8d45430f,2026-08-21
1910,ase_pt_d69231f049ab4610,2027-07-16
1911,ase_pt_d69231f049ab4610,2027-07-16
1912,ase_pt_f3ac3c34466c4fa7,2026-08-21
1913,ase_pt_f3ac3c34466c4fa7,2026-08-21
1914,ase_pt_fc496f6591134f0d,2026-08-21
1915,ase_pt_fc496f6591134f0d,2026-09-18
1916,ase_pt_c319fad03c394a4c,2026-08-21
1917,ase_pt_c319fad03c394a4c,2026-08-21
1918,ase_pt_c319fad03c394a4c,2026-08-21
1919,ase_pt_c319fad03c394a4c,2026-08-21
1920,ase_pt_3159c7198f9847ca,2026-08-21
1921,ase_pt_3159c7198f9847ca,2026-08-21
1922,ase_pt_3159c7198f9847ca,2026-08-21
1923,ase_pt_3159c7198f9847ca,2026-08-21
1924,ase_pt_8ed093812bf24ba3,2026-08-21
1925,ase_pt_8ed093812bf24ba3,2026-09-18
1926,ase_pt_d87d772111f84a26,2026-08-21
1927,ase_pt_d87d772111f84a26,2026-09-18
1928,ase_pt_0341f5cb79124671,2026-08-21
1929,ase_pt_0341f5cb79124671,2026-09-18
1930,ase_pt_14dcb91297be4845,2026-08-21
1931,ase_pt_14dcb91297be4845,2026-09-18
1932,ase_pt_705b599905dc4225,2026-08-21
1933,ase_pt_705b599905dc4225,2026-09-18
1934,ase_pt_705b599905dc4225,2026-08-21
1935,ase_pt_705b599905dc4225,2026-09-18
1936,ase_pt_192d57c47a354464,2026-08-21
1937,ase_pt_192d57c47a354464,2026-09-18
1938,ase_pt_0ba8a78cd5cc44df,2026-09-18
1939,ase_pt_0ba8a78cd5cc44df,2027-07-16
1940,ase_pt_284fd697de8f4add,2026-09-18
1941,ase_pt_284fd697de8f4add,2027-07-16
1942,ase_pt_5d0d01f3280c46b1,2026-09-18
1943,ase_pt_5d0d01f3280c46b1,2026-08-21
1944,ase_pt_fadfe86140af455a,2026-09-18
1945,ase_pt_fadfe86140af455a,2026-08-21
1946,ase_pt_4be2cf80d3624f25,2026-09-18
1947,ase_pt_4be2cf80d3624f25,2026-08-21
1948,ase_pt_cf1c0cd326094aec,2026-09-18
1949,ase_pt_cf1c0cd326094aec,2026-08-21
1950,ase_pt_b02668e8ecc4498d,2026-09-18
1951,ase_pt_b02668e8ecc4498d,2026-08-21
1952,ase_pt_c940efd2a9954b9d,2026-09-18
1953,ase_pt_c940efd2a9954b9d,2026-08-21
1954,ase_pt_c940efd2a9954b9d,2026-09-18
1955,ase_pt_c940efd2a9954b9d,2026-08-21
1956,ase_pt_6c43af51552e48ae,2027-07-16
1957,ase_pt_6c43af51552e48ae,2026-08-21
1958,ase_pt_490447f9a8614b5a,2027-07-16
1959,ase_pt_490447f9a8614b5a,2026-08-21
1960,ase_pt_7f0e2dbd0444465a,2026-09-18
1961,ase_pt_7f0e2dbd0444465a,2026-08-21
1962,ase_pt_24be3ac5a5824fcf,2026-09-18
1963,ase_pt_24be3ac5a5824fcf,2026-08-21
1964,ase_pt_97bde6ee96964044,2026-09-18
1965,ase_pt_97bde6ee96964044,2026-08-21
1966,ase_pt_e027cb165fd34219,2026-09-18
1967,ase_pt_e027cb165fd34219,2026-08-21
1968,ase_pt_e027cb165fd34219,2026-09-18
1969,ase_pt_e027cb165fd34219,2026-08-21
1970,ase_pt_3cb297ccec4d4a6f,2026-10-16
1971,ase_pt_3cb297ccec4d4a6f,2026-08-21
1972,ase_pt_cecf9ac515e84f97,2026-08-21
1973,ase_pt_cecf9ac515e84f97,2026-08-21
1974,ase_pt_9c0bca498cd943c1,2026-08-21
1975,ase_pt_9c0bca498cd943c1,2026-08-21
1976,ase_pt_47b045d3637a422d,2026-08-21
1977,ase_pt_47b045d3637a422d,2026-08-21
1978,ase_pt_f718bcf91c2f4cf6,2026-08-21
1979,ase_pt_f718bcf91c2f4cf6,2026-08-21
1980,ase_pt_cc391a931e4f47f4,2026-08-21
1981,ase_pt_cc391a931e4f47f4,2026-08-21
1982,ase_pt_cc391a931e4f47f4,2026-08-21
1983,ase_pt_cc391a931e4f47f4,2026-08-21
1984,ase_pt_77eb0b5360724f38,2026-08-21
1985,ase_pt_77eb0b5360724f38,2026-08-21
1986,ase_pt_77eb0b5360724f38,2026-08-21
1987,ase_pt_77eb0b5360724f38,2026-08-21
1988,ase_pt_6aca195c5bfb4fb8,2026-08-21
1989,ase_pt_6aca195c5bfb4fb8,2026-09-18
1990,ase_pt_6aca195c5bfb4fb8,2026-08-21
1991,ase_pt_6aca195c5bfb4fb8,2026-09-18
1992,ase_pt_07b1b4e5014545b3,2026-09-18
1993,ase_pt_07b1b4e5014545b3,2026-08-21
1994,ase_pt_07b1b4e5014545b3,2026-09-18
1995,ase_pt_07b1b4e5014545b3,2026-08-21
1996,ase_pt_63310aeadd5649cd,2026-08-21
1997,ase_pt_63310aeadd5649cd,2026-08-21
1998,ase_pt_63310aeadd5649cd,2026-08-21
1999,ase_pt_28328029a7f34d5d,2026-08-21
2000,ase_pt_28328029a7f34d5d,2026-08-21
2001,ase_pt_28328029a7f34d5d,2026-08-21
2002,ase_pt_e9774f4255124adc,2026-08-21
2003,ase_pt_e9774f4255124adc,2026-08-21
2004,ase_pt_e9774f4255124adc,2026-08-21
2005,ase_pt_e9774f4255124adc,2026-08-21
2006,ase_pt_138b12dca04a4839,2026-08-21
2007,ase_pt_138b12dca04a4839,2026-08-21
2008,ase_pt_138b12dca04a4839,2026-08-21
2009,ase_pt_a9ede8c2b6164324,2026-08-21
2010,ase_pt_a9ede8c2b6164324,2026-08-21
2011,ase_pt_a9ede8c2b6164324,2026-08-21
2012,ase_pt_9179e74a98ee4988,2026-08-21
2013,ase_pt_9179e74a98ee4988,2026-08-21
2014,ase_pt_9179e74a98ee4988,2026-08-21
2015,ase_pt_2d62d52019a541bb,2026-08-21
2016,ase_pt_2d62d52019a541bb,2026-08-21
2017,ase_pt_2d62d52019a541bb,2026-08-21
2018,ase_pt_80b5cd91d5bc4242,2026-08-21
2019,ase_pt_80b5cd91d5bc4242,2026-08-21
2020,ase_pt_80b5cd91d5bc4242,2026-08-21
2021,ase_pt_61d345b280ce4300,2026-08-21
2022,ase_pt_61d345b280ce4300,2026-08-21
2023,ase_pt_61d345b280ce4300,2026-08-21
2024,ase_pt_7306e190b47841d5,2026-08-21
2025,ase_pt_7306e190b47841d5,2026-08-21
2026,ase_pt_7306e190b47841d5,2026-08-21
2027,ase_pt_7306e190b47841d5,2026-08-21
2028,ase_pt_7306e190b47841d5,2026-08-21
2029,ase_pt_7306e190b47841d5,2026-08-21
2030,ase_pt_00aa4dfd26224440,2026-09-18
2031,ase_pt_00aa4dfd26224440,2026-08-21
2032,ase_pt_00aa4dfd26224440,2026-10-16
2033,ase_pt_3632906f3796405f,2026-08-21
2034,ase_pt_3632906f3796405f,2026-08-21
2035,ase_pt_3632906f3796405f,2026-08-21
2036,ase_pt_793e28749bc24fce,2026-08-21
2037,ase_pt_793e28749bc24fce,2026-08-21
2038,ase_pt_793e28749bc24fce,2026-08-21
2039,ase_pt_793e28749bc24fce,2026-08-21
2040,ase_pt_b0eeb4319ad54360,2026-08-21
2041,ase_pt_b0eeb4319ad54360,2026-08-21
2042,ase_pt_b0eeb4319ad54360,2026-08-21
2043,ase_pt_b0eeb4319ad54360,2026-08-21
2044,ase_pt_19b4607ee28b4e4b,2026-08-21
2045,ase_pt_19b4607ee28b4e4b,2026-08-21
2046,ase_pt_19b4607ee28b4e4b,2026-08-21
2047,ase_pt_19b4607ee28b4e4b,2026-08-21
2048,ase_pt_bfac9a1717b7484c,2026-08-21
2049,ase_pt_bfac9a1717b7484c,2026-08-21
2050,ase_pt_bfac9a1717b7484c,2026-08-21
2051,ase_pt_bfac9a1717b7484c,2026-08-21
2052,ase_pt_a84f030dddc84b5c,2026-08-21
2053,ase_pt_a84f030dddc84b5c,2026-08-21
2054,ase_pt_a84f030dddc84b5c,2026-08-21
2055,ase_pt_a84f030dddc84b5c,2026-08-21
2056,ase_pt_f0cf4e295eb34ac4,2026-08-21
2057,ase_pt_f0cf4e295eb34ac4,2026-08-21
2058,ase_pt_f0cf4e295eb34ac4,2026-08-21
2059,ase_pt_f0cf4e295eb34ac4,2026-08-21
2060,ase_pt_a41cbde2d94b40f5,2026-08-21
2061,ase_pt_a41cbde2d94b40f5,2026-08-21
2062,ase_pt_a41cbde2d94b40f5,2026-08-21
2063,ase_pt_a41cbde2d94b40f5,2026-08-21
2064,ase_pt_a41cbde2d94b40f5,2026-08-21
2065,ase_pt_a41cbde2d94b40f5,2026-08-21
2066,ase_pt_a41cbde2d94b40f5,2026-08-21
2067,ase_pt_a41cbde2d94b40f5,2026-08-21
2068,ase_pt_c693893a29cf4a5c,2026-08-21
2069,ase_pt_c693893a29cf4a5c,2026-08-21
2070,ase_pt_c693893a29cf4a5c,2026-08-21
2071,ase_pt_c693893a29cf4a5c,2026-08-21
2072,ase_pt_17a87aa5b5ef41d5,2026-08-21
2073,ase_pt_17a87aa5b5ef41d5,2026-08-21
2074,ase_pt_17a87aa5b5ef41d5,2026-08-21
2075,ase_pt_17a87aa5b5ef41d5,2026-08-21
2076,ase_pt_daf29f93819041a8,2026-08-21
2077,ase_pt_daf29f93819041a8,2026-08-21
2078,ase_pt_daf29f93819041a8,2026-08-21
2079,ase_pt_daf29f93819041a8,2026-08-21
2080,ase_pt_5060831c6ba74a92,2026-08-21
2081,ase_pt_5060831c6ba74a92,2026-08-21
2082,ase_pt_5060831c6ba74a92,2026-08-21
2083,ase_pt_5060831c6ba74a92,2026-08-21
2084,ase_pt_b5a80c476a354e47,2026-08-21
2085,ase_pt_b5a80c476a354e47,2026-08-21
2086,ase_pt_b5a80c476a354e47,2026-08-21
2087,ase_pt_b5a80c476a354e47,2026-08-21
2088,ase_pt_b82b26af17754238,2026-08-21
2089,ase_pt_b82b26af17754238,2026-08-21
2090,ase_pt_392c2cc71b23483b,2026-08-21
2091,ase_pt_392c2cc71b23483b,2026-08-21
2092,ase_pt_ba89af7af8ba4e0a,2026-08-21
2093,ase_pt_ba89af7af8ba4e0a,2026-08-21
2094,ase_pt_ba89af7af8ba4e0a,2026-08-21
2095,ase_pt_c63b5ebecfbb40ba,2026-08-21
2096,ase_pt_c63b5ebecfbb40ba,2026-08-21
2097,ase_pt_c63b5ebecfbb40ba,2026-08-21
2098,ase_pt_41a973774616430c,2026-08-21
2099,ase_pt_41a973774616430c,2026-08-21
2100,ase_pt_41a973774616430c,2026-08-21
2101,ase_pt_41a973774616430c,2026-08-21
2102,ase_pt_b18fa90299b1435f,2026-08-21
2103,ase_pt_b18fa90299b1435f,2026-08-21
2104,ase_pt_b18fa90299b1435f,2026-08-21
2105,ase_pt_b18fa90299b1435f,2026-08-21
2106,ase_pt_afbccbf809824372,2026-08-21
2107,ase_pt_afbccbf809824372,2026-08-21
2108,ase_pt_afbccbf809824372,2026-08-21
2109,ase_pt_afbccbf809824372,2026-08-21
2110,ase_pt_98831dcb66714fbe,2026-08-21
2111,ase_pt_98831dcb66714fbe,2026-08-21
2112,ase_pt_52ee7c4cf21442b2,2026-08-21
2113,ase_pt_52ee7c4cf21442b2,2026-08-21
2114,ase_pt_13f1551ef56f423a,2026-08-21
2115,ase_pt_13f1551ef56f423a,2026-08-21
2116,ase_pt_13f1551ef56f423a,2026-08-21
2117,ase_pt_13f1551ef56f423a,2026-08-21
2118,ase_pt_668c2de047b24014,2026-08-21
2119,ase_pt_668c2de047b24014,2026-08-21
2120,ase_pt_668c2de047b24014,2026-08-21
2121,ase_pt_668c2de047b24014,2026-08-21
2122,ase_pt_01bff1e9f1a94d9b,2026-08-21
2123,ase_pt_01bff1e9f1a94d9b,2026-08-21
2124,ase_pt_deec57d13d8148c3,2026-09-18
2125,ase_pt_deec57d13d8148c3,2026-08-21
2126,ase_pt_323b41a676d94132,2026-08-21
2127,ase_pt_323b41a676d94132,2026-08-21
2128,ase_pt_c41a7642575b484e,2026-08-21
2129,ase_pt_c41a7642575b484e,2026-08-21
2130,ase_pt_3fc17c17f0ee41d0,2026-08-21
2131,ase_pt_3fc17c17f0ee41d0,2026-08-21
2132,ase_pt_3fc17c17f0ee41d0,2026-08-21
2133,ase_pt_8e69571ed93942dd,2026-08-21
2134,ase_pt_8e69571ed93942dd,2026-08-21
2135,ase_pt_8e69571ed93942dd,2026-08-21
2136,ase_pt_8e69571ed93942dd,2026-08-21
2137,ase_pt_ba237dbdad944b8b,2026-09-18
2138,ase_pt_ba237dbdad944b8b,2026-08-21
2139,ase_pt_8c37415feac34594,2026-08-21
2140,ase_pt_8c37415feac34594,2026-08-21
2141,ase_pt_8c37415feac34594,2026-08-21
2142,ase_pt_8c37415feac34594,2026-08-21
2143,ase_pt_e68147c53ad64379,2026-08-21
2144,ase_pt_e68147c53ad64379,2026-08-21
2145,ase_pt_ad101c6b69114db6,2026-08-21
2146,ase_pt_ad101c6b69114db6,2026-08-21
2147,ase_pt_ad101c6b69114db6,2026-08-21
2148,ase_pt_b816b72e7a2f46dc,2026-08-21
2149,ase_pt_b816b72e7a2f46dc,2026-08-21
2150,ase_pt_b816b72e7a2f46dc,2026-08-21
2151,ase_pt_b816b72e7a2f46dc,2026-08-21
2152,ase_pt_9403ce850be042b9,2026-08-21
2153,ase_pt_9403ce850be042b9,2026-08-21
2154,ase_pt_9403ce850be042b9,2026-08-21
2155,ase_pt_9403ce850be042b9,2026-08-21
2156,ase_pt_81f372c0b5194ee7,2026-08-21
2157,ase_pt_81f372c0b5194ee7,2026-08-21
2158,ase_pt_746387e359af4fd9,2026-08-21
2159,ase_pt_746387e359af4fd9,2026-08-21
2160,ase_pt_4d4e18373bcb40ef,2026-08-07
2161,ase_pt_4a4131e4b37349c8,2026-08-21
2162,ase_pt_4a4131e4b37349c8,2026-08-21
2163,ase_pt_a96a5356fe294b6a,2026-08-21
2164,ase_pt_a96a5356fe294b6a,2026-08-21
2165,ase_pt_a96a5356fe294b6a,2026-08-21
2166,ase_pt_a96a5356fe294b6a,2026-08-21
2167,ase_pt_0dd30d7452624163,2026-08-21
2168,ase_pt_0dd30d7452624163,2026-08-21
2169,ase_pt_0dd30d7452624163,2026-08-21
2170,ase_pt_0dd30d7452624163,2026-08-21
2171,ase_pt_0dd30d7452624163,2026-08-21
2172,ase_pt_9bb6a291e8394a63,2026-08-21
2173,ase_pt_9bb6a291e8394a63,2026-08-21
2174,ase_pt_9bb6a291e8394a63,2026-08-21
2175,ase_pt_9bb6a291e8394a63,2026-08-21
2176,ase_pt_9bb6a291e8394a63,2026-08-21
2177,ase_pt_9bb6a291e8394a63,2026-08-21
2178,ase_pt_3f2458b9297a4ad0,2026-08-21
2179,ase_pt_3f2458b9297a4ad0,2026-08-21
2180,ase_pt_3f2458b9297a4ad0,2026-08-21
2181,ase_pt_3f2458b9297a4ad0,2026-08-21
2182,ase_pt_3f2458b9297a4ad0,2026-08-21
2183,ase_pt_3f2458b9297a4ad0,2026-08-21
2184,ase_pt_3f2458b9297a4ad0,2026-08-21
2185,ase_pt_3f2458b9297a4ad0,2026-08-21
