id,paper_trade_id,asset_type,buy_or_sell,mid,strike,expiration
9,f7df3c4f-0f5a-4373-b3a1-4de21f8810af,OPTION,BUY,3.2000,95.0000,
11,1d29561d-5b13-4486-8cc9-f051b26656f9,OPTION,BUY,3.2000,95.0000,
13,36606418-e378-45a2-87b3-b2959cd9988f,OPTION,BUY,3.2000,95.0000,
15,7965de94-34d8-4491-81d7-0c88772f5308,OPTION,BUY,3.2000,95.0000,
17,84263723-68b6-4b8b-8829-238f462538aa,OPTION,BUY,3.2000,95.0000,
19,33a502ce-2ae8-43dc-8710-5ca457e9eee8,OPTION,BUY,3.2000,95.0000,
21,24ea4da9-5c39-4871-8f1d-7e0212849731,OPTION,BUY,3.2000,95.0000,
23,8089be1d-7f58-4384-8d00-cf16ee52359e,OPTION,BUY,3.2000,95.0000,
25,3944b42c-70ef-4058-badb-a64c343f05e2,OPTION,BUY,3.2000,95.0000,
27,ase_pt_426097d373aa4fbd,CALL,LONG,6.0000,95.0000,2026-09-19
29,ase_pt_6083b99595c94b37,CALL,LONG,6.0000,95.0000,2026-09-19
31,ase_pt_3bda863231e14809,CALL,LONG,6.0000,95.0000,2026-09-19
33,ase_pt_ecffd21d1e71478d,CALL,LONG,8.0000,170.0000,2026-08-21
35,ase_pt_99857ff17e444244,CALL,LONG,7.2500,175.0000,2026-08-21
36,ase_pt_9348885232d04d4e,CALL,LONG,9.7500,170.0000,2026-08-21
38,ase_pt_e93e30f16e154e46,PUT,LONG,8.3000,180.0000,2026-08-21
41,ase_pt_556516fdaa6346da,CALL,LONG,8.2500,175.0000,2026-09-18
43,ase_pt_50cee139dd5f4d1b,CALL,LONG,9.3000,170.0000,2026-09-18
44,ase_pt_dc09b5d14ef44603,CALL,LONG,12.7500,165.0000,2026-08-21
46,ase_pt_dc09b5d14ef44603,CALL,LONG,2.3000,185.0000,2026-08-21
48,ase_pt_341bcf3e6977437d,PUT,LONG,0.6800,145.0000,2026-08-21
50,ase_pt_341bcf3e6977437d,CALL,LONG,0.7300,205.0000,2026-08-21
51,ase_pt_f417c1e1b7594d6f,CALL,LONG,6.0000,175.0000,2026-08-21
52,ase_pt_f417c1e1b7594d6f,PUT,LONG,6.0000,175.0000,2026-08-21
54,ase_pt_fe5c39faa9ff45bb,CALL,LONG,2.2000,185.0000,2026-08-21
55,ase_pt_1c70e2ed36e748c0,CALL,LONG,1.0500,195.0000,2026-08-21
57,ase_pt_1c70e2ed36e748c0,PUT,LONG,1.1500,155.0000,2026-08-21
58,ase_pt_c07afef2857d49ed,CALL,LONG,8.0000,170.0000,2026-08-21
60,ase_pt_35fc776144e54a4b,CALL,LONG,7.2500,175.0000,2026-08-21
61,ase_pt_06792981111b4143,CALL,LONG,9.7500,170.0000,2026-08-21
63,ase_pt_f90caba5eb23474c,PUT,LONG,8.3000,180.0000,2026-08-21
66,ase_pt_117a109ec5dd4070,CALL,LONG,8.2500,175.0000,2026-09-18
68,ase_pt_16386550e4ec40a8,CALL,LONG,9.3000,170.0000,2026-09-18
69,ase_pt_bf1cf12068b3467c,CALL,LONG,12.7500,165.0000,2026-08-21
71,ase_pt_bf1cf12068b3467c,CALL,LONG,2.3000,185.0000,2026-08-21
73,ase_pt_bdd79945f43049f0,PUT,LONG,0.6800,145.0000,2026-08-21
75,ase_pt_bdd79945f43049f0,CALL,LONG,0.7300,205.0000,2026-08-21
76,ase_pt_c9285bac7ab4456a,CALL,LONG,6.0000,175.0000,2026-08-21
77,ase_pt_c9285bac7ab4456a,PUT,LONG,6.0000,175.0000,2026-08-21
79,ase_pt_f03d8213adaf4693,CALL,LONG,2.2000,185.0000,2026-08-21
80,ase_pt_6cb43827aca54901,CALL,LONG,1.0500,195.0000,2026-08-21
82,ase_pt_6cb43827aca54901,PUT,LONG,1.1500,155.0000,2026-08-21
83,ase_pt_425af45e774a4d75,CALL,LONG,8.0000,170.0000,2026-08-21
85,ase_pt_f81f75f7f93c45bd,CALL,LONG,7.2500,175.0000,2026-08-21
86,ase_pt_128484047a824332,CALL,LONG,9.7500,170.0000,2026-08-21
88,ase_pt_ea65248f920c4afd,PUT,LONG,8.3000,180.0000,2026-08-21
91,ase_pt_0b70f91107a2450c,CALL,LONG,8.2500,175.0000,2026-09-18
93,ase_pt_14f3d29356e1406e,CALL,LONG,9.3000,170.0000,2026-09-18
94,ase_pt_bacc84d4772d447c,CALL,LONG,12.7500,165.0000,2026-08-21
96,ase_pt_bacc84d4772d447c,CALL,LONG,2.3000,185.0000,2026-08-21
98,ase_pt_d08c204af0aa4d79,PUT,LONG,0.6800,145.0000,2026-08-21
100,ase_pt_d08c204af0aa4d79,CALL,LONG,0.7300,205.0000,2026-08-21
101,ase_pt_413ea62f4d2f4494,CALL,LONG,6.0000,175.0000,2026-08-21
102,ase_pt_413ea62f4d2f4494,PUT,LONG,6.0000,175.0000,2026-08-21
104,ase_pt_441256588f4a4d41,CALL,LONG,2.2000,185.0000,2026-08-21
105,ase_pt_e5231e71990f4568,CALL,LONG,1.0500,195.0000,2026-08-21
107,ase_pt_e5231e71990f4568,PUT,LONG,1.1500,155.0000,2026-08-21
108,ase_pt_31a61421b62646dc,CALL,LONG,2.3356,102.5800,2026-08-21
109,ase_pt_82123c62b1164c60,PUT,LONG,4.9156,102.5800,2026-08-21
110,ase_pt_3795820de110476a,CALL,LONG,17.3751,89.3800,2027-07-16
111,ase_pt_b81ee0040f7d4f04,PUT,LONG,6.7551,89.3800,2027-07-16
112,ase_pt_09120c21e9ab423c,CALL,LONG,7.6404,93.3600,2026-08-21
113,ase_pt_5777f328ee784956,PUT,LONG,1.0004,93.3600,2026-08-21
114,ase_pt_2131ca79b52849e6,CALL,LONG,17.3751,89.3800,2027-07-16
116,ase_pt_426a457a5c514b82,PUT,LONG,6.7551,89.3800,2027-07-16
118,ase_pt_ab7790faa1c546cf,CALL,LONG,3.2547,100.3700,2026-08-21
120,ase_pt_90aebf88d50e4c5e,CALL,LONG,5.0262,97.1000,2026-08-21
122,ase_pt_81d385620a0340d0,CALL,LONG,1.9345,103.7500,2026-08-21
125,ase_pt_259c9ec7c0bb44ad,CALL,LONG,0.9215,107.9100,2026-08-21
127,ase_pt_efe0d09f127f4b5e,CALL,LONG,0.6432,109.7300,2026-08-21
128,ase_pt_8fc139721c9c4d94,CALL,LONG,3.2547,100.3700,2026-08-21
130,ase_pt_3c7ddbca75b940eb,CALL,LONG,3.2547,100.3700,2026-08-21
132,ase_pt_0ee34056a5ba483e,CALL,LONG,13.3288,96.9500,2027-07-16
135,ase_pt_bda5c6e34e8646be,CALL,LONG,0.6432,109.7300,2026-08-21
136,ase_pt_549092c247454f84,CALL,LONG,3.2547,100.3700,2026-08-21
138,ase_pt_19d58ab0083c4d4e,PUT,LONG,3.6247,100.3700,2026-08-21
140,ase_pt_38c8440699ab4e45,PUT,LONG,2.1262,97.1000,2026-08-21
142,ase_pt_36741c707c0f4b62,PUT,LONG,5.6845,103.7500,2026-08-21
145,ase_pt_bf38b5588ca045ca,PUT,LONG,8.8315,107.9100,2026-08-21
147,ase_pt_40905bcdfaae4348,PUT,LONG,10.3732,109.7300,2026-08-21
148,ase_pt_1f5c6dbfe19748df,PUT,LONG,3.6247,100.3700,2026-08-21
150,ase_pt_1aeab363df7b46d9,PUT,LONG,3.6247,100.3700,2026-08-21
152,ase_pt_3a64d9fcbff1414d,PUT,LONG,10.2788,96.9500,2027-07-16
155,ase_pt_01fef25551624710,PUT,LONG,10.3732,109.7300,2026-08-21
156,ase_pt_9f12756001424bb1,PUT,LONG,3.6247,100.3700,2026-08-21
158,ase_pt_b31a4d1261f343e9,CALL,LONG,3.2547,100.3700,2026-08-21
161,ase_pt_b31a4d1261f343e9,PUT,LONG,8.8315,107.9100,2026-08-21
162,ase_pt_2b6fcc40f3494051,PUT,LONG,3.6247,100.3700,2026-08-21
165,ase_pt_2b6fcc40f3494051,CALL,LONG,0.9215,107.9100,2026-08-21
167,ase_pt_99cb0be7029b4a82,CALL,LONG,4.5063,100.7400,2026-09-18
169,ase_pt_922c42b2e24d4fb5,PUT,LONG,5.2463,100.7400,2026-09-18
171,ase_pt_30c9f7f099f04656,CALL,LONG,6.9385,96.1300,2026-09-18
173,ase_pt_e1b81c458fdd4e71,CALL,LONG,2.1747,107.3800,2026-09-18
175,ase_pt_76bbcd4f1f4f4321,CALL,LONG,2.1747,107.3800,2026-09-18
177,ase_pt_76bbcd4f1f4f4321,PUT,LONG,9.5547,107.3800,2026-09-18
179,ase_pt_348d05419ab448e7,CALL,LONG,4.5063,100.7400,2026-09-18
181,ase_pt_583071390312407f,CALL,LONG,10.0335,104.6000,2027-07-16
183,ase_pt_413893ee62984e99,PUT,LONG,14.6335,104.6000,2027-07-16
184,ase_pt_e11d456d41a84455,CALL,LONG,4.5063,100.7400,2026-09-18
186,ase_pt_d76fb2bccf7b4907,CALL,LONG,6.0365,97.6900,2026-09-18
188,ase_pt_1cdfe82457184b5e,PUT,LONG,3.7265,97.6900,2026-09-18
190,ase_pt_25965cdfc2b84bb7,CALL,LONG,4.5063,100.7400,2026-09-18
193,ase_pt_468a12d81bfa4bbe,CALL,LONG,1.5664,105.0000,2026-08-21
194,ase_pt_79e593a33bc8450e,CALL,LONG,2.6826,105.5800,2026-09-18
196,ase_pt_79e593a33bc8450e,PUT,LONG,8.2626,105.5800,2026-09-18
198,ase_pt_56ec12c833d3410d,CALL,LONG,17.3751,89.3800,2027-07-16
200,ase_pt_82ada73b5e58432a,PUT,LONG,6.7551,89.3800,2027-07-16
202,ase_pt_e24cb20825964481,CALL,LONG,4.5063,100.7400,2026-09-18
204,ase_pt_0696a7501e5a4b86,CALL,LONG,4.5063,100.7400,2026-09-18
206,ase_pt_aa854a4440c0485e,PUT,LONG,5.2463,100.7400,2026-09-18
208,ase_pt_28ea289d06244a2c,CALL,LONG,4.5063,100.7400,2026-09-18
210,ase_pt_28ea289d06244a2c,PUT,LONG,5.2463,100.7400,2026-09-18
212,ase_pt_328f936a7b994ec1,CALL,LONG,7.2678,97.3700,2026-10-16
214,ase_pt_00a319c736ae4b1d,CALL,LONG,3.2547,100.3700,2026-08-21
215,ase_pt_00a319c736ae4b1d,PUT,LONG,3.6247,100.3700,2026-08-21
216,ase_pt_072a3bfdbe32476a,CALL,LONG,1.2286,106.3700,2026-08-21
217,ase_pt_072a3bfdbe32476a,PUT,LONG,7.5986,106.3700,2026-08-21
218,ase_pt_61163c0323cd45fc,CALL,LONG,3.2547,100.3700,2026-08-21
219,ase_pt_61163c0323cd45fc,PUT,LONG,3.6247,100.3700,2026-08-21
220,ase_pt_7a7c2d1c8e31410e,CALL,LONG,3.2547,100.3700,2026-08-21
221,ase_pt_7a7c2d1c8e31410e,PUT,LONG,3.6247,100.3700,2026-08-21
224,ase_pt_bce325b6dbd949b5,CALL,LONG,0.9215,107.9100,2026-08-21
225,ase_pt_bce325b6dbd949b5,PUT,LONG,8.8315,107.9100,2026-08-21
226,ase_pt_57079b3931a14d23,CALL,LONG,3.2547,100.3700,2026-08-21
227,ase_pt_57079b3931a14d23,PUT,LONG,3.6247,100.3700,2026-08-21
231,ase_pt_b2ca50de093b4563,CALL,LONG,4.5063,100.7400,2026-09-18
233,ase_pt_b2ca50de093b4563,PUT,LONG,5.2463,100.7400,2026-09-18
234,ase_pt_c7a2f3b519e24441,CALL,LONG,2.1747,107.3800,2026-09-18
236,ase_pt_c7a2f3b519e24441,PUT,LONG,9.5547,107.3800,2026-09-18
238,ase_pt_2fc2f3bd813c4201,CALL,LONG,3.7847,99.2900,2026-08-21
240,ase_pt_2fc2f3bd813c4201,CALL,LONG,2.7741,101.4600,2026-08-21
241,ase_pt_001f7af9440e43f5,PUT,LONG,3.0747,99.2900,2026-08-21
243,ase_pt_001f7af9440e43f5,PUT,LONG,4.2341,101.4600,2026-08-21
244,ase_pt_f7e0e8d95161439f,CALL,LONG,1.2286,106.3700,2026-08-21
247,ase_pt_f7e0e8d95161439f,PUT,LONG,7.5986,106.3700,2026-08-21
248,ase_pt_61db83e800514e09,CALL,LONG,3.7847,99.2900,2026-08-21
250,ase_pt_61db83e800514e09,CALL,LONG,1.9345,103.7500,2026-08-21
251,ase_pt_6117d75ace464771,PUT,LONG,3.0747,99.2900,2026-08-21
253,ase_pt_6117d75ace464771,PUT,LONG,5.6845,103.7500,2026-08-21
254,ase_pt_713448510d67452d,CALL,LONG,3.7847,99.2900,2026-08-21
256,ase_pt_713448510d67452d,CALL,LONG,2.3356,102.5800,2026-08-21
257,ase_pt_5bab2972c84849cd,CALL,LONG,3.7847,99.2900,2026-08-21
259,ase_pt_5bab2972c84849cd,CALL,LONG,1.5664,105.0000,2026-08-21
260,ase_pt_d6e7b562298d4374,CALL,LONG,5.0262,97.1000,2026-08-21
262,ase_pt_d6e7b562298d4374,CALL,LONG,1.9345,103.7500,2026-08-21
263,ase_pt_b592a8277a61404c,CALL,LONG,3.4592,99.9400,2026-08-21
265,ase_pt_b592a8277a61404c,CALL,LONG,3.0586,100.8000,2026-08-21
266,ase_pt_071adb86c61641aa,CALL,LONG,3.7847,99.2900,2026-08-21
268,ase_pt_071adb86c61641aa,CALL,LONG,2.7741,101.4600,2026-08-21
269,ase_pt_071adb86c61641aa,PUT,LONG,3.0747,99.2900,2026-08-21
271,ase_pt_071adb86c61641aa,PUT,LONG,4.2341,101.4600,2026-08-21
272,ase_pt_81d56157029f4bbc,CALL,LONG,4.5063,100.7400,2026-09-18
274,ase_pt_81d56157029f4bbc,CALL,LONG,5.4274,101.1200,2026-10-16
275,ase_pt_48205beec76749a1,CALL,LONG,3.7847,99.2900,2026-08-21
277,ase_pt_48205beec76749a1,CALL,LONG,2.3356,102.5800,2026-08-21
278,ase_pt_0dd0cca698e3471b,PUT,LONG,10.3732,109.7300,2026-08-21
281,ase_pt_0dd0cca698e3471b,CALL,LONG,0.6432,109.7300,2026-08-21
282,ase_pt_32be02a6f8b348be,PUT,LONG,8.8315,107.9100,2026-08-21
285,ase_pt_32be02a6f8b348be,CALL,LONG,0.9215,107.9100,2026-08-21
286,ase_pt_2af95b3f1e834dbb,PUT,LONG,13.5617,113.2600,2026-08-21
289,ase_pt_2af95b3f1e834dbb,CALL,LONG,0.3017,113.2600,2026-08-21
291,ase_pt_24d5f67c97a24cf4,PUT,LONG,6.5664,105.0000,2026-08-21
292,ase_pt_24d5f67c97a24cf4,CALL,LONG,1.5664,105.0000,2026-08-21
294,ase_pt_651c3abf1f1f4b08,PUT,LONG,12.4628,112.0700,2026-08-21
297,ase_pt_651c3abf1f1f4b08,CALL,LONG,0.9215,107.9100,2026-08-21
298,ase_pt_e8ac703556ed4ca8,PUT,LONG,12.4628,112.0700,2026-08-21
301,ase_pt_e8ac703556ed4ca8,CALL,LONG,0.9215,107.9100,2026-08-21
302,ase_pt_5b48b5fc0a3f40de,PUT,LONG,12.4628,112.0700,2026-08-21
305,ase_pt_5b48b5fc0a3f40de,CALL,LONG,0.3928,112.0700,2026-08-21
306,ase_pt_5b48b5fc0a3f40de,PUT,LONG,6.5664,105.0000,2026-08-21
309,ase_pt_5b48b5fc0a3f40de,CALL,LONG,1.5664,105.0000,2026-08-21
310,ase_pt_41fa6adf243d4784,PUT,LONG,8.8315,107.9100,2026-08-21
313,ase_pt_41fa6adf243d4784,CALL,LONG,0.3928,112.0700,2026-08-21
314,ase_pt_033247baa7c14f4a,PUT,LONG,10.3732,109.7300,2026-08-21
317,ase_pt_033247baa7c14f4a,CALL,LONG,0.6432,109.7300,2026-08-21
318,ase_pt_0c5895db0d4c4a51,PUT,LONG,12.4628,112.0700,2026-08-21
321,ase_pt_0c5895db0d4c4a51,CALL,LONG,0.3928,112.0700,2026-08-21
322,ase_pt_2a71b6dad9324f42,PUT,LONG,12.4628,112.0700,2026-08-21
325,ase_pt_2a71b6dad9324f42,CALL,LONG,0.3928,112.0700,2026-08-21
328,ase_pt_64cba35090f74aaf,PUT,LONG,10.3732,109.7300,2026-08-21
329,ase_pt_64cba35090f74aaf,CALL,LONG,0.6432,109.7300,2026-08-21
331,ase_pt_e79f6d8cdfbc417d,CALL,LONG,1.5664,105.0000,2026-08-21
333,ase_pt_662b1d2e3f3b4a8c,PUT,LONG,6.5664,105.0000,2026-08-21
334,ase_pt_e2c2f6a10bdb4b99,CALL,LONG,3.7847,99.2900,2026-08-21
336,ase_pt_e2c2f6a10bdb4b99,CALL,LONG,0.9215,107.9100,2026-08-21
337,ase_pt_7c43d64b976b406e,PUT,LONG,3.0747,99.2900,2026-08-21
339,ase_pt_7c43d64b976b406e,PUT,LONG,8.8315,107.9100,2026-08-21
341,ase_pt_f8dc673d2e074d35,PUT,LONG,10.3732,109.7300,2026-08-21
343,ase_pt_f8dc673d2e074d35,CALL,LONG,0.6432,109.7300,2026-08-21
344,ase_pt_a1c8e3c5b81941d4,CALL,LONG,0.9215,107.9100,2026-08-21
347,ase_pt_a1c8e3c5b81941d4,PUT,LONG,8.8315,107.9100,2026-08-21
349,ase_pt_fb84854ccb4f40ab,CALL,LONG,3.2547,100.3700,2026-08-21
350,ase_pt_fb84854ccb4f40ab,PUT,LONG,3.6247,100.3700,2026-08-21
352,ase_pt_fe02671f0c3b4c14,PUT,LONG,12.4628,112.0700,2026-08-21
354,ase_pt_76488e2737934974,PUT,LONG,10.3732,109.7300,2026-08-21
356,ase_pt_52a1199441b842c2,CALL,LONG,3.2547,100.3700,2026-08-21
359,ase_pt_52a1199441b842c2,PUT,LONG,10.3732,109.7300,2026-08-21
362,ase_pt_3d55b52d40e74304,CALL,LONG,0.6432,109.7300,2026-08-21
363,ase_pt_3d55b52d40e74304,PUT,LONG,10.3732,109.7300,2026-08-21
364,ase_pt_aaac37a07a91407d,CALL,LONG,3.2547,100.3700,2026-08-21
365,ase_pt_aaac37a07a91407d,PUT,LONG,3.6247,100.3700,2026-08-21
366,ase_pt_7da7c3b4e64846b4,CALL,LONG,4.5063,100.7400,2026-09-18
368,ase_pt_0f937b112584409c,CALL,LONG,3.2547,100.3700,2026-08-21
369,ase_pt_0f937b112584409c,PUT,LONG,3.6247,100.3700,2026-08-21
370,ase_pt_1170d8dc89b04e2d,CALL,LONG,1.2286,106.3700,2026-08-21
371,ase_pt_1170d8dc89b04e2d,PUT,LONG,7.5986,106.3700,2026-08-21
372,ase_pt_93a3a93c4f9f4e12,CALL,LONG,3.7847,99.2900,2026-08-21
374,ase_pt_93a3a93c4f9f4e12,CALL,LONG,2.3356,102.5800,2026-08-21
375,ase_pt_e42209c2003d4359,PUT,LONG,12.4628,112.0700,2026-08-21
378,ase_pt_e42209c2003d4359,CALL,LONG,0.3928,112.0700,2026-08-21
379,ase_pt_57dc0fe985a24f4f,CALL,LONG,4.5063,100.7400,2026-09-18
381,ase_pt_e0a6c5ea0c7841ed,PUT,LONG,10.3732,109.7300,2026-08-21
384,ase_pt_e0a6c5ea0c7841ed,CALL,LONG,0.6432,109.7300,2026-08-21
385,ase_pt_d2435f0b6b9843e7,CALL,LONG,3.2547,100.3700,2026-08-21
387,ase_pt_02fefa8de1fa4313,CALL,LONG,3.7847,99.2900,2026-08-21
389,ase_pt_02fefa8de1fa4313,CALL,LONG,2.7741,101.4600,2026-08-21
390,ase_pt_9aa23c0340c74068,CALL,LONG,0.9215,107.9100,2026-08-21
393,ase_pt_9aa23c0340c74068,PUT,LONG,8.8315,107.9100,2026-08-21
394,ase_pt_6eeb91756b384821,PUT,LONG,12.4628,112.0700,2026-08-21
397,ase_pt_6eeb91756b384821,CALL,LONG,0.3928,112.0700,2026-08-21
398,ase_pt_f756f793419d420f,CALL,LONG,0.9215,107.9100,2026-08-21
399,ase_pt_f756f793419d420f,PUT,LONG,8.8315,107.9100,2026-08-21
400,ase_pt_931dd6df28c1477d,PUT,LONG,6.5664,105.0000,2026-08-21
402,ase_pt_4d0273c3681a4f01,CALL,LONG,1.0929,105.0000,2026-08-07
403,ase_pt_e2ba930eaa534393,CALL,LONG,4.4890,98.0000,2026-08-21
405,ase_pt_40462d8d32c14ee9,PUT,LONG,0.5665,91.0000,2026-08-21
408,ase_pt_40462d8d32c14ee9,CALL,LONG,0.7449,109.0000,2026-08-21
409,ase_pt_bbd9a12dae4b4160,CALL,LONG,5.0882,97.0000,2026-08-21
411,ase_pt_bbd9a12dae4b4160,CALL,LONG,2.1851,103.0000,2026-08-21
413,ase_pt_bbd9a12dae4b4160,PUT,LONG,3.4301,100.0000,2026-08-21
414,ase_pt_274b14eb2f984158,CALL,LONG,5.7329,96.0000,2026-08-21
416,ase_pt_274b14eb2f984158,CALL,LONG,1.8561,104.0000,2026-08-21
417,ase_pt_274b14eb2f984158,PUT,LONG,5.8561,104.0000,2026-08-21
419,ase_pt_274b14eb2f984158,PUT,LONG,1.7329,96.0000,2026-08-21
420,ase_pt_e4fbd56c2fba44d5,PUT,LONG,0.1781,87.0000,2026-08-21
423,ase_pt_e4fbd56c2fba44d5,CALL,LONG,0.3198,113.0000,2026-08-21
424,ase_pt_e4fbd56c2fba44d5,PUT,LONG,0.9219,93.0000,2026-08-21
427,ase_pt_e4fbd56c2fba44d5,CALL,LONG,1.0942,107.0000,2026-08-21
428,ase_pt_b4fa0790417d42e0,CALL,LONG,2.3356,102.5800,2026-08-21
429,ase_pt_9089a990edab441c,PUT,LONG,4.9156,102.5800,2026-08-21
430,ase_pt_a9753a5b1a1b4f5e,CALL,LONG,17.3751,89.3800,2027-07-16
431,ase_pt_6b35e0a20e884b30,PUT,LONG,6.7551,89.3800,2027-07-16
432,ase_pt_e5ccc8f977734766,CALL,LONG,7.6404,93.3600,2026-08-21
433,ase_pt_f8bf64f3692e4ea8,PUT,LONG,1.0004,93.3600,2026-08-21
434,ase_pt_3b1a8014c6fc4dd2,CALL,LONG,17.3751,89.3800,2027-07-16
436,ase_pt_3847e37dbe01457c,PUT,LONG,6.7551,89.3800,2027-07-16
438,ase_pt_bc60609866cf4c0f,CALL,LONG,3.2547,100.3700,2026-08-21
440,ase_pt_161362eb9c554659,CALL,LONG,5.0262,97.1000,2026-08-21
442,ase_pt_cbd5bf81793446d7,CALL,LONG,1.9345,103.7500,2026-08-21
445,ase_pt_e8d8f110ca2e46ea,CALL,LONG,0.9215,107.9100,2026-08-21
447,ase_pt_5e49d8edae1c4bb5,CALL,LONG,0.6432,109.7300,2026-08-21
448,ase_pt_b0a34de8bfd04d85,CALL,LONG,3.2547,100.3700,2026-08-21
450,ase_pt_d364f8772e634ea2,CALL,LONG,3.2547,100.3700,2026-08-21
452,ase_pt_9d1f3d6be1de42e7,CALL,LONG,13.3288,96.9500,2027-07-16
455,ase_pt_77c6e57b3a1446b9,CALL,LONG,0.6432,109.7300,2026-08-21
456,ase_pt_c83827516c75413d,CALL,LONG,3.2547,100.3700,2026-08-21
458,ase_pt_f5348162a2d24340,PUT,LONG,3.6247,100.3700,2026-08-21
460,ase_pt_e8185dd214344b3d,PUT,LONG,2.1262,97.1000,2026-08-21
462,ase_pt_1d7c0f90a07c44e7,PUT,LONG,5.6845,103.7500,2026-08-21
465,ase_pt_e80dd2b5c261433a,PUT,LONG,8.8315,107.9100,2026-08-21
467,ase_pt_dd6f5dcf3c9049ec,PUT,LONG,10.3732,109.7300,2026-08-21
468,ase_pt_ca738e7c12374252,PUT,LONG,3.6247,100.3700,2026-08-21
470,ase_pt_422c7e1be7ac41bc,PUT,LONG,3.6247,100.3700,2026-08-21
472,ase_pt_8779236ee5114ad7,PUT,LONG,10.2788,96.9500,2027-07-16
475,ase_pt_b544d413f1fa4fbe,PUT,LONG,10.3732,109.7300,2026-08-21
476,ase_pt_97126c75c93c44f0,PUT,LONG,3.6247,100.3700,2026-08-21
478,ase_pt_e182672b33fc4791,CALL,LONG,3.2547,100.3700,2026-08-21
481,ase_pt_e182672b33fc4791,PUT,LONG,8.8315,107.9100,2026-08-21
482,ase_pt_977ced069bc5425b,PUT,LONG,3.6247,100.3700,2026-08-21
485,ase_pt_977ced069bc5425b,CALL,LONG,0.9215,107.9100,2026-08-21
487,ase_pt_9e5cf737f8e74fa3,CALL,LONG,4.5063,100.7400,2026-09-18
489,ase_pt_2fb28aa0a20f49b3,PUT,LONG,5.2463,100.7400,2026-09-18
491,ase_pt_18be7899a17a4176,CALL,LONG,6.9385,96.1300,2026-09-18
493,ase_pt_b3dcd42cff494334,CALL,LONG,2.1747,107.3800,2026-09-18
495,ase_pt_4fd217eb3a5a4a32,CALL,LONG,2.1747,107.3800,2026-09-18
497,ase_pt_4fd217eb3a5a4a32,PUT,LONG,9.5547,107.3800,2026-09-18
499,ase_pt_56e7f9a96a7e4464,CALL,LONG,4.5063,100.7400,2026-09-18
501,ase_pt_f67e84675c5249a6,CALL,LONG,10.0335,104.6000,2027-07-16
503,ase_pt_b6be8e95c33a4553,PUT,LONG,14.6335,104.6000,2027-07-16
504,ase_pt_68e54ed88e4d421b,CALL,LONG,4.5063,100.7400,2026-09-18
506,ase_pt_e1ec5f6baa4d403d,CALL,LONG,6.0365,97.6900,2026-09-18
508,ase_pt_21edb5107520446d,PUT,LONG,3.7265,97.6900,2026-09-18
510,ase_pt_e4b1d239379943ff,CALL,LONG,4.5063,100.7400,2026-09-18
513,ase_pt_fada956def4e448a,CALL,LONG,1.5664,105.0000,2026-08-21
514,ase_pt_db747bae239b4a97,CALL,LONG,2.6826,105.5800,2026-09-18
516,ase_pt_db747bae239b4a97,PUT,LONG,8.2626,105.5800,2026-09-18
518,ase_pt_25ab7424444f4a89,CALL,LONG,17.3751,89.3800,2027-07-16
520,ase_pt_8e442eea96e1491f,PUT,LONG,6.7551,89.3800,2027-07-16
522,ase_pt_e97315119a354c76,CALL,LONG,4.5063,100.7400,2026-09-18
524,ase_pt_c36ecfd5501c47a4,CALL,LONG,4.5063,100.7400,2026-09-18
526,ase_pt_130a27a8cb9745ba,PUT,LONG,5.2463,100.7400,2026-09-18
528,ase_pt_e44634809c5544e3,CALL,LONG,4.5063,100.7400,2026-09-18
530,ase_pt_e44634809c5544e3,PUT,LONG,5.2463,100.7400,2026-09-18
532,ase_pt_b960fd2b68d648d3,CALL,LONG,7.2678,97.3700,2026-10-16
534,ase_pt_ea5c2ec694ed460f,CALL,LONG,3.2547,100.3700,2026-08-21
535,ase_pt_ea5c2ec694ed460f,PUT,LONG,3.6247,100.3700,2026-08-21
536,ase_pt_ff5e137172e74047,CALL,LONG,1.2286,106.3700,2026-08-21
537,ase_pt_ff5e137172e74047,PUT,LONG,7.5986,106.3700,2026-08-21
538,ase_pt_ac4b9034cd964425,CALL,LONG,3.2547,100.3700,2026-08-21
539,ase_pt_ac4b9034cd964425,PUT,LONG,3.6247,100.3700,2026-08-21
540,ase_pt_b8bb8ab33f7c4861,CALL,LONG,3.2547,100.3700,2026-08-21
541,ase_pt_b8bb8ab33f7c4861,PUT,LONG,3.6247,100.3700,2026-08-21
544,ase_pt_fd8f510a65cb426a,CALL,LONG,0.9215,107.9100,2026-08-21
545,ase_pt_fd8f510a65cb426a,PUT,LONG,8.8315,107.9100,2026-08-21
546,ase_pt_8fdcc3627c754690,CALL,LONG,3.2547,100.3700,2026-08-21
547,ase_pt_8fdcc3627c754690,PUT,LONG,3.6247,100.3700,2026-08-21
551,ase_pt_390ae52392654d73,CALL,LONG,4.5063,100.7400,2026-09-18
553,ase_pt_390ae52392654d73,PUT,LONG,5.2463,100.7400,2026-09-18
554,ase_pt_2890588a8d2f4473,CALL,LONG,2.1747,107.3800,2026-09-18
556,ase_pt_2890588a8d2f4473,PUT,LONG,9.5547,107.3800,2026-09-18
558,ase_pt_873a7401af7c499b,CALL,LONG,3.7847,99.2900,2026-08-21
560,ase_pt_873a7401af7c499b,CALL,LONG,2.7741,101.4600,2026-08-21
561,ase_pt_c8310c4a33604a82,PUT,LONG,3.0747,99.2900,2026-08-21
563,ase_pt_c8310c4a33604a82,PUT,LONG,4.2341,101.4600,2026-08-21
564,ase_pt_d416f4b7532c415c,CALL,LONG,1.2286,106.3700,2026-08-21
567,ase_pt_d416f4b7532c415c,PUT,LONG,7.5986,106.3700,2026-08-21
568,ase_pt_56d2d5d48d5b4236,CALL,LONG,3.7847,99.2900,2026-08-21
570,ase_pt_56d2d5d48d5b4236,CALL,LONG,1.9345,103.7500,2026-08-21
571,ase_pt_5f8707ca4cb44569,PUT,LONG,3.0747,99.2900,2026-08-21
573,ase_pt_5f8707ca4cb44569,PUT,LONG,5.6845,103.7500,2026-08-21
574,ase_pt_aeb5d4d092ea48cc,CALL,LONG,3.7847,99.2900,2026-08-21
576,ase_pt_aeb5d4d092ea48cc,CALL,LONG,2.3356,102.5800,2026-08-21
577,ase_pt_aa91c2601a534cca,CALL,LONG,3.7847,99.2900,2026-08-21
579,ase_pt_aa91c2601a534cca,CALL,LONG,1.5664,105.0000,2026-08-21
580,ase_pt_795a4febeaa54a0d,CALL,LONG,5.0262,97.1000,2026-08-21
582,ase_pt_795a4febeaa54a0d,CALL,LONG,1.9345,103.7500,2026-08-21
583,ase_pt_df79891422ec4bf6,CALL,LONG,3.4592,99.9400,2026-08-21
585,ase_pt_df79891422ec4bf6,CALL,LONG,3.0586,100.8000,2026-08-21
586,ase_pt_0dc88f03b7564659,CALL,LONG,3.7847,99.2900,2026-08-21
588,ase_pt_0dc88f03b7564659,CALL,LONG,2.7741,101.4600,2026-08-21
589,ase_pt_0dc88f03b7564659,PUT,LONG,3.0747,99.2900,2026-08-21
591,ase_pt_0dc88f03b7564659,PUT,LONG,4.2341,101.4600,2026-08-21
592,ase_pt_946b75d084744dd5,CALL,LONG,4.5063,100.7400,2026-09-18
594,ase_pt_946b75d084744dd5,CALL,LONG,5.4274,101.1200,2026-10-16
595,ase_pt_3f0dc8b2a4fd4917,CALL,LONG,3.7847,99.2900,2026-08-21
597,ase_pt_3f0dc8b2a4fd4917,CALL,LONG,2.3356,102.5800,2026-08-21
598,ase_pt_731523d79fb84a33,PUT,LONG,10.3732,109.7300,2026-08-21
601,ase_pt_731523d79fb84a33,CALL,LONG,0.6432,109.7300,2026-08-21
602,ase_pt_bb9a1f6f28054353,PUT,LONG,8.8315,107.9100,2026-08-21
605,ase_pt_bb9a1f6f28054353,CALL,LONG,0.9215,107.9100,2026-08-21
606,ase_pt_efa0f89d97a54617,PUT,LONG,13.5617,113.2600,2026-08-21
609,ase_pt_efa0f89d97a54617,CALL,LONG,0.3017,113.2600,2026-08-21
611,ase_pt_f250e712b2084bc1,PUT,LONG,6.5664,105.0000,2026-08-21
612,ase_pt_f250e712b2084bc1,CALL,LONG,1.5664,105.0000,2026-08-21
614,ase_pt_a8b9f5ecf5284755,PUT,LONG,12.4628,112.0700,2026-08-21
617,ase_pt_a8b9f5ecf5284755,CALL,LONG,0.9215,107.9100,2026-08-21
618,ase_pt_7de534e9fe6345cb,PUT,LONG,12.4628,112.0700,2026-08-21
621,ase_pt_7de534e9fe6345cb,CALL,LONG,0.9215,107.9100,2026-08-21
622,ase_pt_0e9c0584c7a24633,PUT,LONG,12.4628,112.0700,2026-08-21
625,ase_pt_0e9c0584c7a24633,CALL,LONG,0.3928,112.0700,2026-08-21
626,ase_pt_0e9c0584c7a24633,PUT,LONG,6.5664,105.0000,2026-08-21
629,ase_pt_0e9c0584c7a24633,CALL,LONG,1.5664,105.0000,2026-08-21
630,ase_pt_e89c1dfca5f44779,PUT,LONG,8.8315,107.9100,2026-08-21
633,ase_pt_e89c1dfca5f44779,CALL,LONG,0.3928,112.0700,2026-08-21
634,ase_pt_ee9d189d54294c8a,PUT,LONG,10.3732,109.7300,2026-08-21
637,ase_pt_ee9d189d54294c8a,CALL,LONG,0.6432,109.7300,2026-08-21
638,ase_pt_949f8a36d9124d7b,PUT,LONG,12.4628,112.0700,2026-08-21
641,ase_pt_949f8a36d9124d7b,CALL,LONG,0.3928,112.0700,2026-08-21
642,ase_pt_84bcc42a04404c1d,PUT,LONG,12.4628,112.0700,2026-08-21
645,ase_pt_84bcc42a04404c1d,CALL,LONG,0.3928,112.0700,2026-08-21
648,ase_pt_df0a266b5a764677,PUT,LONG,10.3732,109.7300,2026-08-21
649,ase_pt_df0a266b5a764677,CALL,LONG,0.6432,109.7300,2026-08-21
651,ase_pt_b6c5e61a736a4625,CALL,LONG,1.5664,105.0000,2026-08-21
653,ase_pt_626ffd58b34e45ec,PUT,LONG,6.5664,105.0000,2026-08-21
654,ase_pt_cab5b30e65814c46,CALL,LONG,3.7847,99.2900,2026-08-21
656,ase_pt_cab5b30e65814c46,CALL,LONG,0.9215,107.9100,2026-08-21
657,ase_pt_c3b3676b3dca4053,PUT,LONG,3.0747,99.2900,2026-08-21
659,ase_pt_c3b3676b3dca4053,PUT,LONG,8.8315,107.9100,2026-08-21
661,ase_pt_cdcfed298b1248b7,PUT,LONG,10.3732,109.7300,2026-08-21
663,ase_pt_cdcfed298b1248b7,CALL,LONG,0.6432,109.7300,2026-08-21
664,ase_pt_f22e95e154d94408,CALL,LONG,0.9215,107.9100,2026-08-21
667,ase_pt_f22e95e154d94408,PUT,LONG,8.8315,107.9100,2026-08-21
669,ase_pt_6238c50e54c64833,CALL,LONG,3.2547,100.3700,2026-08-21
670,ase_pt_6238c50e54c64833,PUT,LONG,3.6247,100.3700,2026-08-21
672,ase_pt_186926e1febe450d,PUT,LONG,12.4628,112.0700,2026-08-21
674,ase_pt_14f0366b84ad46a1,PUT,LONG,10.3732,109.7300,2026-08-21
676,ase_pt_3c868bba84d748be,CALL,LONG,3.2547,100.3700,2026-08-21
679,ase_pt_3c868bba84d748be,PUT,LONG,10.3732,109.7300,2026-08-21
682,ase_pt_4e16f998994a497a,CALL,LONG,0.6432,109.7300,2026-08-21
683,ase_pt_4e16f998994a497a,PUT,LONG,10.3732,109.7300,2026-08-21
684,ase_pt_51e1bd8493af4532,CALL,LONG,3.2547,100.3700,2026-08-21
685,ase_pt_51e1bd8493af4532,PUT,LONG,3.6247,100.3700,2026-08-21
686,ase_pt_bbfe78136a6145df,CALL,LONG,4.5063,100.7400,2026-09-18
688,ase_pt_ec5bbbcd384d43e0,CALL,LONG,3.2547,100.3700,2026-08-21
689,ase_pt_ec5bbbcd384d43e0,PUT,LONG,3.6247,100.3700,2026-08-21
690,ase_pt_e0dcd7cfa0434bf4,CALL,LONG,1.2286,106.3700,2026-08-21
691,ase_pt_e0dcd7cfa0434bf4,PUT,LONG,7.5986,106.3700,2026-08-21
692,ase_pt_96c335fbcd3f4c4f,CALL,LONG,3.7847,99.2900,2026-08-21
694,ase_pt_96c335fbcd3f4c4f,CALL,LONG,2.3356,102.5800,2026-08-21
695,ase_pt_071c68cb9fa54058,PUT,LONG,12.4628,112.0700,2026-08-21
698,ase_pt_071c68cb9fa54058,CALL,LONG,0.3928,112.0700,2026-08-21
699,ase_pt_004a747141f34b53,CALL,LONG,4.5063,100.7400,2026-09-18
701,ase_pt_b17fef4b11414c67,PUT,LONG,10.3732,109.7300,2026-08-21
704,ase_pt_b17fef4b11414c67,CALL,LONG,0.6432,109.7300,2026-08-21
705,ase_pt_52db46c029b748f6,CALL,LONG,3.2547,100.3700,2026-08-21
707,ase_pt_9ae3a43abb114bb3,CALL,LONG,3.7847,99.2900,2026-08-21
709,ase_pt_9ae3a43abb114bb3,CALL,LONG,2.7741,101.4600,2026-08-21
710,ase_pt_3c3d96cd00fa4b9f,CALL,LONG,0.9215,107.9100,2026-08-21
713,ase_pt_3c3d96cd00fa4b9f,PUT,LONG,8.8315,107.9100,2026-08-21
714,ase_pt_e2d687d64f954cd6,PUT,LONG,12.4628,112.0700,2026-08-21
717,ase_pt_e2d687d64f954cd6,CALL,LONG,0.3928,112.0700,2026-08-21
718,ase_pt_b0bae41a8b684f02,CALL,LONG,0.9215,107.9100,2026-08-21
719,ase_pt_b0bae41a8b684f02,PUT,LONG,8.8315,107.9100,2026-08-21
720,ase_pt_007d3f1af7e84a77,PUT,LONG,6.5664,105.0000,2026-08-21
722,ase_pt_0e212e6ad17744d0,CALL,LONG,1.0929,105.0000,2026-08-07
723,ase_pt_d9ff3f43e29b426f,CALL,LONG,4.4890,98.0000,2026-08-21
725,ase_pt_752066dea78b41bf,PUT,LONG,0.5665,91.0000,2026-08-21
728,ase_pt_752066dea78b41bf,CALL,LONG,0.7449,109.0000,2026-08-21
729,ase_pt_e99a1c0bac7a44b8,CALL,LONG,5.0882,97.0000,2026-08-21
731,ase_pt_e99a1c0bac7a44b8,CALL,LONG,2.1851,103.0000,2026-08-21
733,ase_pt_e99a1c0bac7a44b8,PUT,LONG,3.4301,100.0000,2026-08-21
734,ase_pt_23c047592c864aa6,CALL,LONG,5.7329,96.0000,2026-08-21
736,ase_pt_23c047592c864aa6,CALL,LONG,1.8561,104.0000,2026-08-21
737,ase_pt_23c047592c864aa6,PUT,LONG,5.8561,104.0000,2026-08-21
739,ase_pt_23c047592c864aa6,PUT,LONG,1.7329,96.0000,2026-08-21
740,ase_pt_5a58675379e94007,PUT,LONG,0.1781,87.0000,2026-08-21
743,ase_pt_5a58675379e94007,CALL,LONG,0.3198,113.0000,2026-08-21
744,ase_pt_5a58675379e94007,PUT,LONG,0.9219,93.0000,2026-08-21
747,ase_pt_5a58675379e94007,CALL,LONG,1.0942,107.0000,2026-08-21
748,ase_pt_374d35422d344aa3,CALL,LONG,2.3356,102.5800,2026-08-21
749,ase_pt_d290c1a0e61b449f,PUT,LONG,4.9156,102.5800,2026-08-21
750,ase_pt_172a972a10174266,CALL,LONG,17.3751,89.3800,2027-07-16
751,ase_pt_e7789d15879a45eb,PUT,LONG,6.7551,89.3800,2027-07-16
752,ase_pt_1b16a124b3174a1d,CALL,LONG,7.6404,93.3600,2026-08-21
753,ase_pt_c985351fe54449c8,PUT,LONG,1.0004,93.3600,2026-08-21
754,ase_pt_26b9a78175254dcd,CALL,LONG,17.3751,89.3800,2027-07-16
756,ase_pt_a786e2c48589413f,PUT,LONG,6.7551,89.3800,2027-07-16
758,ase_pt_ff4857b9ca1e4f31,CALL,LONG,3.2547,100.3700,2026-08-21
760,ase_pt_07bdcfff5f604dac,CALL,LONG,5.0262,97.1000,2026-08-21
762,ase_pt_9c6a842c94f74f0c,CALL,LONG,1.9345,103.7500,2026-08-21
765,ase_pt_a0f182a9ba75429b,CALL,LONG,0.9215,107.9100,2026-08-21
767,ase_pt_00b9fcf63ec84443,CALL,LONG,0.6432,109.7300,2026-08-21
768,ase_pt_89e9a7a206094b5d,CALL,LONG,3.2547,100.3700,2026-08-21
770,ase_pt_9221343a8ff442c1,CALL,LONG,3.2547,100.3700,2026-08-21
772,ase_pt_2be32f47df1f4199,CALL,LONG,13.3288,96.9500,2027-07-16
775,ase_pt_3a461d2fa135461e,CALL,LONG,0.6432,109.7300,2026-08-21
776,ase_pt_8b344752f60546a1,CALL,LONG,3.2547,100.3700,2026-08-21
778,ase_pt_9b4f4bfe915d486c,PUT,LONG,3.6247,100.3700,2026-08-21
780,ase_pt_d66365d89f08431d,PUT,LONG,2.1262,97.1000,2026-08-21
782,ase_pt_36c1bab4acbe416d,PUT,LONG,5.6845,103.7500,2026-08-21
785,ase_pt_072d99d8825b437b,PUT,LONG,8.8315,107.9100,2026-08-21
787,ase_pt_13ff268f37fb45d6,PUT,LONG,10.3732,109.7300,2026-08-21
788,ase_pt_824858ba1134432d,PUT,LONG,3.6247,100.3700,2026-08-21
790,ase_pt_81456c16dc9141dc,PUT,LONG,3.6247,100.3700,2026-08-21
792,ase_pt_68dedcd545444fa1,PUT,LONG,10.2788,96.9500,2027-07-16
795,ase_pt_5dd2701e8ad6448e,PUT,LONG,10.3732,109.7300,2026-08-21
796,ase_pt_d4b58757814f4b80,PUT,LONG,3.6247,100.3700,2026-08-21
798,ase_pt_5dc715014dd84a43,CALL,LONG,3.2547,100.3700,2026-08-21
801,ase_pt_5dc715014dd84a43,PUT,LONG,8.8315,107.9100,2026-08-21
802,ase_pt_29707c7594b24de3,PUT,LONG,3.6247,100.3700,2026-08-21
805,ase_pt_29707c7594b24de3,CALL,LONG,0.9215,107.9100,2026-08-21
807,ase_pt_7f4cbe9e07c348b3,CALL,LONG,4.5063,100.7400,2026-09-18
809,ase_pt_e0843e5730d14f6a,PUT,LONG,5.2463,100.7400,2026-09-18
811,ase_pt_24c4ba6f47cb4240,CALL,LONG,6.9385,96.1300,2026-09-18
813,ase_pt_55f2879c9c234ae8,CALL,LONG,2.1747,107.3800,2026-09-18
815,ase_pt_7904fd855b78444d,CALL,LONG,2.1747,107.3800,2026-09-18
817,ase_pt_7904fd855b78444d,PUT,LONG,9.5547,107.3800,2026-09-18
819,ase_pt_53fd94a5236f4933,CALL,LONG,4.5063,100.7400,2026-09-18
821,ase_pt_04f4c3ecbe4a4039,CALL,LONG,10.0335,104.6000,2027-07-16
823,ase_pt_b70d6af2f94d4814,PUT,LONG,14.6335,104.6000,2027-07-16
824,ase_pt_a36cd5a474524c44,CALL,LONG,4.5063,100.7400,2026-09-18
826,ase_pt_94869ecb05004e5d,CALL,LONG,6.0365,97.6900,2026-09-18
828,ase_pt_68eeb4f5c58f48cd,PUT,LONG,3.7265,97.6900,2026-09-18
830,ase_pt_3fea564c077e49df,CALL,LONG,4.5063,100.7400,2026-09-18
833,ase_pt_751823b026db4dd0,CALL,LONG,1.5664,105.0000,2026-08-21
834,ase_pt_34b7749cae3b494d,CALL,LONG,2.6826,105.5800,2026-09-18
836,ase_pt_34b7749cae3b494d,PUT,LONG,8.2626,105.5800,2026-09-18
838,ase_pt_6bb95b5aa7244b82,CALL,LONG,17.3751,89.3800,2027-07-16
840,ase_pt_df9ef3680a77413b,PUT,LONG,6.7551,89.3800,2027-07-16
842,ase_pt_0fd2fff6f13649d5,CALL,LONG,4.5063,100.7400,2026-09-18
844,ase_pt_0ec22af1f8694c35,CALL,LONG,4.5063,100.7400,2026-09-18
846,ase_pt_78bec6a96d964fd6,PUT,LONG,5.2463,100.7400,2026-09-18
848,ase_pt_f524316759cb4ded,CALL,LONG,4.5063,100.7400,2026-09-18
850,ase_pt_f524316759cb4ded,PUT,LONG,5.2463,100.7400,2026-09-18
852,ase_pt_155673414d9c4237,CALL,LONG,7.2678,97.3700,2026-10-16
854,ase_pt_492673dfeb9d4bb4,CALL,LONG,3.2547,100.3700,2026-08-21
855,ase_pt_492673dfeb9d4bb4,PUT,LONG,3.6247,100.3700,2026-08-21
856,ase_pt_e8daada75c2d4937,CALL,LONG,1.2286,106.3700,2026-08-21
857,ase_pt_e8daada75c2d4937,PUT,LONG,7.5986,106.3700,2026-08-21
858,ase_pt_bb16728c9ab74c57,CALL,LONG,3.2547,100.3700,2026-08-21
859,ase_pt_bb16728c9ab74c57,PUT,LONG,3.6247,100.3700,2026-08-21
860,ase_pt_dda2c92bd3bf4532,CALL,LONG,3.2547,100.3700,2026-08-21
861,ase_pt_dda2c92bd3bf4532,PUT,LONG,3.6247,100.3700,2026-08-21
864,ase_pt_6380627d787b417b,CALL,LONG,0.9215,107.9100,2026-08-21
865,ase_pt_6380627d787b417b,PUT,LONG,8.8315,107.9100,2026-08-21
866,ase_pt_989392eefb9541f2,CALL,LONG,3.2547,100.3700,2026-08-21
867,ase_pt_989392eefb9541f2,PUT,LONG,3.6247,100.3700,2026-08-21
871,ase_pt_c15348efbf064e5a,CALL,LONG,4.5063,100.7400,2026-09-18
873,ase_pt_c15348efbf064e5a,PUT,LONG,5.2463,100.7400,2026-09-18
874,ase_pt_1efc5e19f4d2470b,CALL,LONG,2.1747,107.3800,2026-09-18
876,ase_pt_1efc5e19f4d2470b,PUT,LONG,9.5547,107.3800,2026-09-18
878,ase_pt_83d56a0a0f0f40a3,CALL,LONG,3.7847,99.2900,2026-08-21
880,ase_pt_83d56a0a0f0f40a3,CALL,LONG,2.7741,101.4600,2026-08-21
881,ase_pt_7d604ae2b8b84008,PUT,LONG,3.0747,99.2900,2026-08-21
883,ase_pt_7d604ae2b8b84008,PUT,LONG,4.2341,101.4600,2026-08-21
884,ase_pt_5531bb51b3f046e0,CALL,LONG,1.2286,106.3700,2026-08-21
887,ase_pt_5531bb51b3f046e0,PUT,LONG,7.5986,106.3700,2026-08-21
888,ase_pt_bb138449b1884e36,CALL,LONG,3.7847,99.2900,2026-08-21
890,ase_pt_bb138449b1884e36,CALL,LONG,1.9345,103.7500,2026-08-21
891,ase_pt_848e090753ce4b78,PUT,LONG,3.0747,99.2900,2026-08-21
893,ase_pt_848e090753ce4b78,PUT,LONG,5.6845,103.7500,2026-08-21
894,ase_pt_c7352c9de31649d5,CALL,LONG,3.7847,99.2900,2026-08-21
896,ase_pt_c7352c9de31649d5,CALL,LONG,2.3356,102.5800,2026-08-21
897,ase_pt_63167d95b92d46a9,CALL,LONG,3.7847,99.2900,2026-08-21
899,ase_pt_63167d95b92d46a9,CALL,LONG,1.5664,105.0000,2026-08-21
900,ase_pt_4e005621b9684abd,CALL,LONG,5.0262,97.1000,2026-08-21
902,ase_pt_4e005621b9684abd,CALL,LONG,1.9345,103.7500,2026-08-21
903,ase_pt_03849d666efe4824,CALL,LONG,3.4592,99.9400,2026-08-21
905,ase_pt_03849d666efe4824,CALL,LONG,3.0586,100.8000,2026-08-21
906,ase_pt_e7742d0825944040,CALL,LONG,3.7847,99.2900,2026-08-21
908,ase_pt_e7742d0825944040,CALL,LONG,2.7741,101.4600,2026-08-21
909,ase_pt_e7742d0825944040,PUT,LONG,3.0747,99.2900,2026-08-21
911,ase_pt_e7742d0825944040,PUT,LONG,4.2341,101.4600,2026-08-21
912,ase_pt_8dbc75e418544b88,CALL,LONG,4.5063,100.7400,2026-09-18
914,ase_pt_8dbc75e418544b88,CALL,LONG,5.4274,101.1200,2026-10-16
915,ase_pt_c45fec7c13434445,CALL,LONG,3.7847,99.2900,2026-08-21
917,ase_pt_c45fec7c13434445,CALL,LONG,2.3356,102.5800,2026-08-21
918,ase_pt_0e5e83ab54cb4538,PUT,LONG,10.3732,109.7300,2026-08-21
921,ase_pt_0e5e83ab54cb4538,CALL,LONG,0.6432,109.7300,2026-08-21
922,ase_pt_ff3f24f24b8e45f4,PUT,LONG,8.8315,107.9100,2026-08-21
925,ase_pt_ff3f24f24b8e45f4,CALL,LONG,0.9215,107.9100,2026-08-21
926,ase_pt_762319e20bcf4980,PUT,LONG,13.5617,113.2600,2026-08-21
929,ase_pt_762319e20bcf4980,CALL,LONG,0.3017,113.2600,2026-08-21
931,ase_pt_c5e54d1c2fad41cc,PUT,LONG,6.5664,105.0000,2026-08-21
932,ase_pt_c5e54d1c2fad41cc,CALL,LONG,1.5664,105.0000,2026-08-21
934,ase_pt_bfcfa9b74a7841ec,PUT,LONG,12.4628,112.0700,2026-08-21
937,ase_pt_bfcfa9b74a7841ec,CALL,LONG,0.9215,107.9100,2026-08-21
938,ase_pt_6902ab81fd5c473c,PUT,LONG,12.4628,112.0700,2026-08-21
941,ase_pt_6902ab81fd5c473c,CALL,LONG,0.9215,107.9100,2026-08-21
942,ase_pt_1ec92c1858a942b5,PUT,LONG,12.4628,112.0700,2026-08-21
945,ase_pt_1ec92c1858a942b5,CALL,LONG,0.3928,112.0700,2026-08-21
946,ase_pt_1ec92c1858a942b5,PUT,LONG,6.5664,105.0000,2026-08-21
949,ase_pt_1ec92c1858a942b5,CALL,LONG,1.5664,105.0000,2026-08-21
950,ase_pt_c985b0ea78c349bf,PUT,LONG,8.8315,107.9100,2026-08-21
953,ase_pt_c985b0ea78c349bf,CALL,LONG,0.3928,112.0700,2026-08-21
954,ase_pt_725a2fc7d4474ae9,PUT,LONG,10.3732,109.7300,2026-08-21
957,ase_pt_725a2fc7d4474ae9,CALL,LONG,0.6432,109.7300,2026-08-21
958,ase_pt_10e90105a8cd4fd0,PUT,LONG,12.4628,112.0700,2026-08-21
961,ase_pt_10e90105a8cd4fd0,CALL,LONG,0.3928,112.0700,2026-08-21
962,ase_pt_d742e132255243af,PUT,LONG,12.4628,112.0700,2026-08-21
965,ase_pt_d742e132255243af,CALL,LONG,0.3928,112.0700,2026-08-21
968,ase_pt_630c5bfba91c45a1,PUT,LONG,10.3732,109.7300,2026-08-21
969,ase_pt_630c5bfba91c45a1,CALL,LONG,0.6432,109.7300,2026-08-21
971,ase_pt_bb4541f2bdfc46ca,CALL,LONG,1.5664,105.0000,2026-08-21
973,ase_pt_d8dc2fb768cf4d72,PUT,LONG,6.5664,105.0000,2026-08-21
974,ase_pt_2b1cb0acde8a4d2a,CALL,LONG,3.7847,99.2900,2026-08-21
976,ase_pt_2b1cb0acde8a4d2a,CALL,LONG,0.9215,107.9100,2026-08-21
977,ase_pt_98a9900391574b3c,PUT,LONG,3.0747,99.2900,2026-08-21
979,ase_pt_98a9900391574b3c,PUT,LONG,8.8315,107.9100,2026-08-21
981,ase_pt_df0d1012524347fb,PUT,LONG,10.3732,109.7300,2026-08-21
983,ase_pt_df0d1012524347fb,CALL,LONG,0.6432,109.7300,2026-08-21
984,ase_pt_963783dd4e834ad5,CALL,LONG,0.9215,107.9100,2026-08-21
987,ase_pt_963783dd4e834ad5,PUT,LONG,8.8315,107.9100,2026-08-21
989,ase_pt_3f620ebb349a4df9,CALL,LONG,3.2547,100.3700,2026-08-21
990,ase_pt_3f620ebb349a4df9,PUT,LONG,3.6247,100.3700,2026-08-21
992,ase_pt_bf9746964617425a,PUT,LONG,12.4628,112.0700,2026-08-21
994,ase_pt_305c8be299544ad0,PUT,LONG,10.3732,109.7300,2026-08-21
996,ase_pt_dea8aa2dc202496f,CALL,LONG,3.2547,100.3700,2026-08-21
999,ase_pt_dea8aa2dc202496f,PUT,LONG,10.3732,109.7300,2026-08-21
1002,ase_pt_f3afc3f4ede84b03,CALL,LONG,0.6432,109.7300,2026-08-21
1003,ase_pt_f3afc3f4ede84b03,PUT,LONG,10.3732,109.7300,2026-08-21
1004,ase_pt_a2df9c7deeea4407,CALL,LONG,3.2547,100.3700,2026-08-21
1005,ase_pt_a2df9c7deeea4407,PUT,LONG,3.6247,100.3700,2026-08-21
1006,ase_pt_c8bf85c6ede2488b,CALL,LONG,4.5063,100.7400,2026-09-18
1008,ase_pt_5e1802c0f78045cb,CALL,LONG,3.2547,100.3700,2026-08-21
1009,ase_pt_5e1802c0f78045cb,PUT,LONG,3.6247,100.3700,2026-08-21
1010,ase_pt_c8dd09199fb94cf3,CALL,LONG,1.2286,106.3700,2026-08-21
1011,ase_pt_c8dd09199fb94cf3,PUT,LONG,7.5986,106.3700,2026-08-21
1012,ase_pt_f352a5bb0a3845c7,CALL,LONG,3.7847,99.2900,2026-08-21
1014,ase_pt_f352a5bb0a3845c7,CALL,LONG,2.3356,102.5800,2026-08-21
1015,ase_pt_496875cb2f7d476e,PUT,LONG,12.4628,112.0700,2026-08-21
1018,ase_pt_496875cb2f7d476e,CALL,LONG,0.3928,112.0700,2026-08-21
1019,ase_pt_d8d2ea56d692462f,CALL,LONG,4.5063,100.7400,2026-09-18
1021,ase_pt_bed69d2bf32e4b21,PUT,LONG,10.3732,109.7300,2026-08-21
1024,ase_pt_bed69d2bf32e4b21,CALL,LONG,0.6432,109.7300,2026-08-21
1025,ase_pt_ea93f5edcbd049a6,CALL,LONG,3.2547,100.3700,2026-08-21
1027,ase_pt_16cf6d806ea34cdc,CALL,LONG,3.7847,99.2900,2026-08-21
1029,ase_pt_16cf6d806ea34cdc,CALL,LONG,2.7741,101.4600,2026-08-21
1030,ase_pt_d3b5f2da35984057,CALL,LONG,0.9215,107.9100,2026-08-21
1033,ase_pt_d3b5f2da35984057,PUT,LONG,8.8315,107.9100,2026-08-21
1034,ase_pt_8d400ce6441c4402,PUT,LONG,12.4628,112.0700,2026-08-21
1037,ase_pt_8d400ce6441c4402,CALL,LONG,0.3928,112.0700,2026-08-21
1038,ase_pt_854cdbc63d0e4302,CALL,LONG,0.9215,107.9100,2026-08-21
1039,ase_pt_854cdbc63d0e4302,PUT,LONG,8.8315,107.9100,2026-08-21
1040,ase_pt_e7d78e583530476c,PUT,LONG,6.5664,105.0000,2026-08-21
1042,ase_pt_eb69c5f8d45a4cea,CALL,LONG,1.0929,105.0000,2026-08-07
1043,ase_pt_08179cf977334df3,CALL,LONG,4.4890,98.0000,2026-08-21
1045,ase_pt_8b9f1e603d544491,PUT,LONG,0.5665,91.0000,2026-08-21
1048,ase_pt_8b9f1e603d544491,CALL,LONG,0.7449,109.0000,2026-08-21
1049,ase_pt_0c9b4327f85a4179,CALL,LONG,5.0882,97.0000,2026-08-21
1051,ase_pt_0c9b4327f85a4179,CALL,LONG,2.1851,103.0000,2026-08-21
1053,ase_pt_0c9b4327f85a4179,PUT,LONG,3.4301,100.0000,2026-08-21
1054,ase_pt_b217288663e64abf,CALL,LONG,5.7329,96.0000,2026-08-21
1056,ase_pt_b217288663e64abf,CALL,LONG,1.8561,104.0000,2026-08-21
1057,ase_pt_b217288663e64abf,PUT,LONG,5.8561,104.0000,2026-08-21
1059,ase_pt_b217288663e64abf,PUT,LONG,1.7329,96.0000,2026-08-21
1060,ase_pt_eacf187fc03e42a8,PUT,LONG,0.1781,87.0000,2026-08-21
1063,ase_pt_eacf187fc03e42a8,CALL,LONG,0.3198,113.0000,2026-08-21
1064,ase_pt_eacf187fc03e42a8,PUT,LONG,0.9219,93.0000,2026-08-21
1067,ase_pt_eacf187fc03e42a8,CALL,LONG,1.0942,107.0000,2026-08-21
1068,ase_pt_6d5376710e84479f,CALL,LONG,2.3356,102.5800,2026-08-21
1069,ase_pt_3ca0620c4cef4d6f,PUT,LONG,4.9156,102.5800,2026-08-21
1070,ase_pt_974bac188a97487c,CALL,LONG,17.3751,89.3800,2027-07-16
1071,ase_pt_1c95fb9bd5194ab1,PUT,LONG,6.7551,89.3800,2027-07-16
1072,ase_pt_bbb2af4febbf44fa,CALL,LONG,7.6404,93.3600,2026-08-21
1073,ase_pt_df836ccb480e43ac,PUT,LONG,1.0004,93.3600,2026-08-21
1074,ase_pt_baad41bd56d44e0e,CALL,LONG,17.3751,89.3800,2027-07-16
1076,ase_pt_8b3c4ae687964a70,PUT,LONG,6.7551,89.3800,2027-07-16
1078,ase_pt_cf555e7bab05428c,CALL,LONG,3.2547,100.3700,2026-08-21
1080,ase_pt_341ee9bd107947a6,CALL,LONG,5.0262,97.1000,2026-08-21
1082,ase_pt_48e071537e064f17,CALL,LONG,1.9345,103.7500,2026-08-21
1085,ase_pt_774ec411f0664b5e,CALL,LONG,0.9215,107.9100,2026-08-21
1087,ase_pt_9ce40b1112c2482f,CALL,LONG,0.6432,109.7300,2026-08-21
1088,ase_pt_c6a51fd7f76347fe,CALL,LONG,3.2547,100.3700,2026-08-21
1090,ase_pt_f5dd6dc35bb846d9,CALL,LONG,3.2547,100.3700,2026-08-21
1092,ase_pt_a1fcb5049d0f413b,CALL,LONG,13.3288,96.9500,2027-07-16
1095,ase_pt_8f481826e0ff4f9b,CALL,LONG,0.6432,109.7300,2026-08-21
1096,ase_pt_364e2c86c1d6469d,CALL,LONG,3.2547,100.3700,2026-08-21
1098,ase_pt_5451fd35cf2d40c9,PUT,LONG,3.6247,100.3700,2026-08-21
1100,ase_pt_304246ad516046d6,PUT,LONG,2.1262,97.1000,2026-08-21
1102,ase_pt_63b79671045a4aa2,PUT,LONG,5.6845,103.7500,2026-08-21
1105,ase_pt_44cb1b0418044113,PUT,LONG,8.8315,107.9100,2026-08-21
1107,ase_pt_4ef17b0e1c6546f6,PUT,LONG,10.3732,109.7300,2026-08-21
1108,ase_pt_bcbabed4ff834d64,PUT,LONG,3.6247,100.3700,2026-08-21
1110,ase_pt_0a828b9ce657480c,PUT,LONG,3.6247,100.3700,2026-08-21
1112,ase_pt_7c1b674006aa4427,PUT,LONG,10.2788,96.9500,2027-07-16
1115,ase_pt_80b9c058175a4c61,PUT,LONG,10.3732,109.7300,2026-08-21
1116,ase_pt_e3723739cd9c4db8,PUT,LONG,3.6247,100.3700,2026-08-21
1118,ase_pt_dcf739fea6c346c2,CALL,LONG,3.2547,100.3700,2026-08-21
1121,ase_pt_dcf739fea6c346c2,PUT,LONG,8.8315,107.9100,2026-08-21
1122,ase_pt_297066db97404b77,PUT,LONG,3.6247,100.3700,2026-08-21
1125,ase_pt_297066db97404b77,CALL,LONG,0.9215,107.9100,2026-08-21
1127,ase_pt_ffc319cbdcb547bd,CALL,LONG,4.5063,100.7400,2026-09-18
1129,ase_pt_b56a1c5009bc48ba,PUT,LONG,5.2463,100.7400,2026-09-18
1131,ase_pt_c22a27dc84f148ae,CALL,LONG,6.9385,96.1300,2026-09-18
1133,ase_pt_b62d17470e3d4853,CALL,LONG,2.1747,107.3800,2026-09-18
1135,ase_pt_1acdccfce30940ea,CALL,LONG,2.1747,107.3800,2026-09-18
1137,ase_pt_1acdccfce30940ea,PUT,LONG,9.5547,107.3800,2026-09-18
1139,ase_pt_3e339a7a3cdc4e44,CALL,LONG,4.5063,100.7400,2026-09-18
1141,ase_pt_f663d57759104da1,CALL,LONG,10.0335,104.6000,2027-07-16
1143,ase_pt_8bb5c04c7e374521,PUT,LONG,14.6335,104.6000,2027-07-16
1144,ase_pt_14bbea05d32a4a64,CALL,LONG,4.5063,100.7400,2026-09-18
1146,ase_pt_e9c5adc89a694700,CALL,LONG,6.0365,97.6900,2026-09-18
1148,ase_pt_2e78f09475d34b9c,PUT,LONG,3.7265,97.6900,2026-09-18
1150,ase_pt_7321ce7d9a704a8b,CALL,LONG,4.5063,100.7400,2026-09-18
1153,ase_pt_5e8f0d60fbd54fb2,CALL,LONG,1.5664,105.0000,2026-08-21
1154,ase_pt_3ba61bac1a2f4d53,CALL,LONG,2.6826,105.5800,2026-09-18
1156,ase_pt_3ba61bac1a2f4d53,PUT,LONG,8.2626,105.5800,2026-09-18
1158,ase_pt_16c1472721674c76,CALL,LONG,17.3751,89.3800,2027-07-16
1160,ase_pt_a56d6cd8ff234e19,PUT,LONG,6.7551,89.3800,2027-07-16
1162,ase_pt_0f75b5e82d514193,CALL,LONG,4.5063,100.7400,2026-09-18
1164,ase_pt_937155f971934804,CALL,LONG,4.5063,100.7400,2026-09-18
1166,ase_pt_b73e0508eca949e8,PUT,LONG,5.2463,100.7400,2026-09-18
1168,ase_pt_532c902bfb4748ee,CALL,LONG,4.5063,100.7400,2026-09-18
1170,ase_pt_532c902bfb4748ee,PUT,LONG,5.2463,100.7400,2026-09-18
1172,ase_pt_de9a1dd6531e46d8,CALL,LONG,7.2678,97.3700,2026-10-16
1174,ase_pt_c62db28384754bcc,CALL,LONG,3.2547,100.3700,2026-08-21
1175,ase_pt_c62db28384754bcc,PUT,LONG,3.6247,100.3700,2026-08-21
1176,ase_pt_488e81b05e3546f2,CALL,LONG,1.2286,106.3700,2026-08-21
1177,ase_pt_488e81b05e3546f2,PUT,LONG,7.5986,106.3700,2026-08-21
1178,ase_pt_a46af2f3109f4baf,CALL,LONG,3.2547,100.3700,2026-08-21
1179,ase_pt_a46af2f3109f4baf,PUT,LONG,3.6247,100.3700,2026-08-21
1180,ase_pt_4b4633b31af942dc,CALL,LONG,3.2547,100.3700,2026-08-21
1181,ase_pt_4b4633b31af942dc,PUT,LONG,3.6247,100.3700,2026-08-21
1184,ase_pt_2b871389c3f94b23,CALL,LONG,0.9215,107.9100,2026-08-21
1185,ase_pt_2b871389c3f94b23,PUT,LONG,8.8315,107.9100,2026-08-21
1186,ase_pt_256ccb2dec9a44b2,CALL,LONG,3.2547,100.3700,2026-08-21
1187,ase_pt_256ccb2dec9a44b2,PUT,LONG,3.6247,100.3700,2026-08-21
1191,ase_pt_90fdbdd9ef814faa,CALL,LONG,4.5063,100.7400,2026-09-18
1193,ase_pt_90fdbdd9ef814faa,PUT,LONG,5.2463,100.7400,2026-09-18
1194,ase_pt_c1cb14c33f0a40db,CALL,LONG,2.1747,107.3800,2026-09-18
1196,ase_pt_c1cb14c33f0a40db,PUT,LONG,9.5547,107.3800,2026-09-18
1198,ase_pt_2f51cdd5a4bc4ffd,CALL,LONG,3.7847,99.2900,2026-08-21
1200,ase_pt_2f51cdd5a4bc4ffd,CALL,LONG,2.7741,101.4600,2026-08-21
1201,ase_pt_9685e32cd4cc4f00,PUT,LONG,3.0747,99.2900,2026-08-21
1203,ase_pt_9685e32cd4cc4f00,PUT,LONG,4.2341,101.4600,2026-08-21
1204,ase_pt_7c3ef7e616e149da,CALL,LONG,1.2286,106.3700,2026-08-21
1207,ase_pt_7c3ef7e616e149da,PUT,LONG,7.5986,106.3700,2026-08-21
1208,ase_pt_ae12830c35754db8,CALL,LONG,3.7847,99.2900,2026-08-21
1210,ase_pt_ae12830c35754db8,CALL,LONG,1.9345,103.7500,2026-08-21
1211,ase_pt_7de3ce6fbc8845a0,PUT,LONG,3.0747,99.2900,2026-08-21
1213,ase_pt_7de3ce6fbc8845a0,PUT,LONG,5.6845,103.7500,2026-08-21
1214,ase_pt_335da21099bf469e,CALL,LONG,3.7847,99.2900,2026-08-21
1216,ase_pt_335da21099bf469e,CALL,LONG,2.3356,102.5800,2026-08-21
1217,ase_pt_02d0d9913754443c,CALL,LONG,3.7847,99.2900,2026-08-21
1219,ase_pt_02d0d9913754443c,CALL,LONG,1.5664,105.0000,2026-08-21
1220,ase_pt_c6e58215b6bc4846,CALL,LONG,5.0262,97.1000,2026-08-21
1222,ase_pt_c6e58215b6bc4846,CALL,LONG,1.9345,103.7500,2026-08-21
1223,ase_pt_e56739d70d014172,CALL,LONG,3.4592,99.9400,2026-08-21
1225,ase_pt_e56739d70d014172,CALL,LONG,3.0586,100.8000,2026-08-21
1226,ase_pt_d98382cd2b4f4c2d,CALL,LONG,3.7847,99.2900,2026-08-21
1228,ase_pt_d98382cd2b4f4c2d,CALL,LONG,2.7741,101.4600,2026-08-21
1229,ase_pt_d98382cd2b4f4c2d,PUT,LONG,3.0747,99.2900,2026-08-21
1231,ase_pt_d98382cd2b4f4c2d,PUT,LONG,4.2341,101.4600,2026-08-21
1232,ase_pt_559d9e7244b542ea,CALL,LONG,4.5063,100.7400,2026-09-18
1234,ase_pt_559d9e7244b542ea,CALL,LONG,5.4274,101.1200,2026-10-16
1235,ase_pt_bf3cd83403654aef,CALL,LONG,3.7847,99.2900,2026-08-21
1237,ase_pt_bf3cd83403654aef,CALL,LONG,2.3356,102.5800,2026-08-21
1238,ase_pt_f22691ef3d444fab,PUT,LONG,10.3732,109.7300,2026-08-21
1241,ase_pt_f22691ef3d444fab,CALL,LONG,0.6432,109.7300,2026-08-21
1242,ase_pt_cc496e3791394bdd,PUT,LONG,8.8315,107.9100,2026-08-21
1245,ase_pt_cc496e3791394bdd,CALL,LONG,0.9215,107.9100,2026-08-21
1246,ase_pt_64f79423f4d24f3e,PUT,LONG,13.5617,113.2600,2026-08-21
1249,ase_pt_64f79423f4d24f3e,CALL,LONG,0.3017,113.2600,2026-08-21
1251,ase_pt_24bc62692c964244,PUT,LONG,6.5664,105.0000,2026-08-21
1252,ase_pt_24bc62692c964244,CALL,LONG,1.5664,105.0000,2026-08-21
1254,ase_pt_3bcc9c0b31ff49f3,PUT,LONG,12.4628,112.0700,2026-08-21
1257,ase_pt_3bcc9c0b31ff49f3,CALL,LONG,0.9215,107.9100,2026-08-21
1258,ase_pt_e78a52d34182482d,PUT,LONG,12.4628,112.0700,2026-08-21
1261,ase_pt_e78a52d34182482d,CALL,LONG,0.9215,107.9100,2026-08-21
1262,ase_pt_70ff8734f7804dad,PUT,LONG,12.4628,112.0700,2026-08-21
1265,ase_pt_70ff8734f7804dad,CALL,LONG,0.3928,112.0700,2026-08-21
1266,ase_pt_70ff8734f7804dad,PUT,LONG,6.5664,105.0000,2026-08-21
1269,ase_pt_70ff8734f7804dad,CALL,LONG,1.5664,105.0000,2026-08-21
1270,ase_pt_6a6f8dd6d8d04180,PUT,LONG,8.8315,107.9100,2026-08-21
1273,ase_pt_6a6f8dd6d8d04180,CALL,LONG,0.3928,112.0700,2026-08-21
1274,ase_pt_52d55444d36747a0,PUT,LONG,10.3732,109.7300,2026-08-21
1277,ase_pt_52d55444d36747a0,CALL,LONG,0.6432,109.7300,2026-08-21
1278,ase_pt_d63b61e91c314a4f,PUT,LONG,12.4628,112.0700,2026-08-21
1281,ase_pt_d63b61e91c314a4f,CALL,LONG,0.3928,112.0700,2026-08-21
1282,ase_pt_4ed0eedc2d0047dd,PUT,LONG,12.4628,112.0700,2026-08-21
1285,ase_pt_4ed0eedc2d0047dd,CALL,LONG,0.3928,112.0700,2026-08-21
1288,ase_pt_00ab5dd704f449f7,PUT,LONG,10.3732,109.7300,2026-08-21
1289,ase_pt_00ab5dd704f449f7,CALL,LONG,0.6432,109.7300,2026-08-21
1291,ase_pt_fff14c0d833a43a4,CALL,LONG,1.5664,105.0000,2026-08-21
1293,ase_pt_6eecd7dc53e44088,PUT,LONG,6.5664,105.0000,2026-08-21
1294,ase_pt_5df56406e676421f,CALL,LONG,3.7847,99.2900,2026-08-21
1296,ase_pt_5df56406e676421f,CALL,LONG,0.9215,107.9100,2026-08-21
1297,ase_pt_5b1ade8a47a2427c,PUT,LONG,3.0747,99.2900,2026-08-21
1299,ase_pt_5b1ade8a47a2427c,PUT,LONG,8.8315,107.9100,2026-08-21
1301,ase_pt_4a42f6e79939477c,PUT,LONG,10.3732,109.7300,2026-08-21
1303,ase_pt_4a42f6e79939477c,CALL,LONG,0.6432,109.7300,2026-08-21
1304,ase_pt_5208c296a9d047a4,CALL,LONG,0.9215,107.9100,2026-08-21
1307,ase_pt_5208c296a9d047a4,PUT,LONG,8.8315,107.9100,2026-08-21
1309,ase_pt_c90f2d4483524cf3,CALL,LONG,3.2547,100.3700,2026-08-21
1310,ase_pt_c90f2d4483524cf3,PUT,LONG,3.6247,100.3700,2026-08-21
1312,ase_pt_43c4c77038f3406c,PUT,LONG,12.4628,112.0700,2026-08-21
1314,ase_pt_40bdf8a07f154dda,PUT,LONG,10.3732,109.7300,2026-08-21
1316,ase_pt_8d272733b82b486a,CALL,LONG,3.2547,100.3700,2026-08-21
1319,ase_pt_8d272733b82b486a,PUT,LONG,10.3732,109.7300,2026-08-21
1322,ase_pt_24e97ff0df5b4982,CALL,LONG,0.6432,109.7300,2026-08-21
1323,ase_pt_24e97ff0df5b4982,PUT,LONG,10.3732,109.7300,2026-08-21
1324,ase_pt_feffd623b601459d,CALL,LONG,3.2547,100.3700,2026-08-21
1325,ase_pt_feffd623b601459d,PUT,LONG,3.6247,100.3700,2026-08-21
1326,ase_pt_d339d8eab1824973,CALL,LONG,4.5063,100.7400,2026-09-18
1328,ase_pt_cfeb044893794459,CALL,LONG,3.2547,100.3700,2026-08-21
1329,ase_pt_cfeb044893794459,PUT,LONG,3.6247,100.3700,2026-08-21
1330,ase_pt_236c6d4d2d11491a,CALL,LONG,1.2286,106.3700,2026-08-21
1331,ase_pt_236c6d4d2d11491a,PUT,LONG,7.5986,106.3700,2026-08-21
1332,ase_pt_5ad3da4131714e30,CALL,LONG,3.7847,99.2900,2026-08-21
1334,ase_pt_5ad3da4131714e30,CALL,LONG,2.3356,102.5800,2026-08-21
1335,ase_pt_c5be21acb3394fec,PUT,LONG,12.4628,112.0700,2026-08-21
1338,ase_pt_c5be21acb3394fec,CALL,LONG,0.3928,112.0700,2026-08-21
1339,ase_pt_420f5395718a4e36,CALL,LONG,4.5063,100.7400,2026-09-18
1341,ase_pt_241e62fb9dec48f7,PUT,LONG,10.3732,109.7300,2026-08-21
1344,ase_pt_241e62fb9dec48f7,CALL,LONG,0.6432,109.7300,2026-08-21
1345,ase_pt_d6ed352fe4334e51,CALL,LONG,3.2547,100.3700,2026-08-21
1347,ase_pt_687d43cfbe23447f,CALL,LONG,3.7847,99.2900,2026-08-21
1349,ase_pt_687d43cfbe23447f,CALL,LONG,2.7741,101.4600,2026-08-21
1350,ase_pt_1dfa879e84f34a36,CALL,LONG,0.9215,107.9100,2026-08-21
1353,ase_pt_1dfa879e84f34a36,PUT,LONG,8.8315,107.9100,2026-08-21
1354,ase_pt_6a0fee0e6c994c43,PUT,LONG,12.4628,112.0700,2026-08-21
1357,ase_pt_6a0fee0e6c994c43,CALL,LONG,0.3928,112.0700,2026-08-21
1358,ase_pt_ea4be73d23ee4956,CALL,LONG,0.9215,107.9100,2026-08-21
1359,ase_pt_ea4be73d23ee4956,PUT,LONG,8.8315,107.9100,2026-08-21
1360,ase_pt_a81db8b53b0a4269,PUT,LONG,6.5664,105.0000,2026-08-21
1362,ase_pt_02879b05ff214e47,CALL,LONG,1.0929,105.0000,2026-08-07
1363,ase_pt_e2544b55d07e46a3,CALL,LONG,4.4890,98.0000,2026-08-21
1365,ase_pt_01eead446acc456b,PUT,LONG,0.5665,91.0000,2026-08-21
1368,ase_pt_01eead446acc456b,CALL,LONG,0.7449,109.0000,2026-08-21
1369,ase_pt_43b493247bb548cc,CALL,LONG,5.0882,97.0000,2026-08-21
1371,ase_pt_43b493247bb548cc,CALL,LONG,2.1851,103.0000,2026-08-21
1373,ase_pt_43b493247bb548cc,PUT,LONG,3.4301,100.0000,2026-08-21
1374,ase_pt_eb98d0776e8e4c2b,CALL,LONG,5.7329,96.0000,2026-08-21
1376,ase_pt_eb98d0776e8e4c2b,CALL,LONG,1.8561,104.0000,2026-08-21
1377,ase_pt_eb98d0776e8e4c2b,PUT,LONG,5.8561,104.0000,2026-08-21
1379,ase_pt_eb98d0776e8e4c2b,PUT,LONG,1.7329,96.0000,2026-08-21
1380,ase_pt_e2570da6158e4bf8,PUT,LONG,0.1781,87.0000,2026-08-21
1383,ase_pt_e2570da6158e4bf8,CALL,LONG,0.3198,113.0000,2026-08-21
1384,ase_pt_e2570da6158e4bf8,PUT,LONG,0.9219,93.0000,2026-08-21
1387,ase_pt_e2570da6158e4bf8,CALL,LONG,1.0942,107.0000,2026-08-21
1388,ase_pt_a81f2a870e1640c5,CALL,LONG,2.3356,102.5800,2026-08-21
1389,ase_pt_90567077eb144619,PUT,LONG,4.9156,102.5800,2026-08-21
1390,ase_pt_45331c229b7c4d18,CALL,LONG,17.3751,89.3800,2027-07-16
1391,ase_pt_9ac53dd86a4a49db,CALL,LONG,2.3356,102.5800,2026-08-21
1392,ase_pt_b143fca2d6684ea9,PUT,LONG,4.9156,102.5800,2026-08-21
1393,ase_pt_1353d127f4e04c38,CALL,LONG,17.3751,89.3800,2027-07-16
1394,ase_pt_feb277e4ceee4a33,PUT,LONG,6.7551,89.3800,2027-07-16
1395,ase_pt_d2121d0c26e647d3,CALL,LONG,7.6404,93.3600,2026-08-21
1396,ase_pt_8f07b5e253e84aac,PUT,LONG,1.0004,93.3600,2026-08-21
1397,ase_pt_e2f99181fe884443,CALL,LONG,17.3751,89.3800,2027-07-16
1399,ase_pt_f7783f7e02854358,PUT,LONG,6.7551,89.3800,2027-07-16
1401,ase_pt_7179b9b59f2946e7,CALL,LONG,3.2547,100.3700,2026-08-21
1403,ase_pt_5838a244a64d48a7,CALL,LONG,5.0262,97.1000,2026-08-21
1405,ase_pt_4eee96fe9fd74603,CALL,LONG,1.9345,103.7500,2026-08-21
1408,ase_pt_938199d6acd74eb5,CALL,LONG,0.9215,107.9100,2026-08-21
1410,ase_pt_6c0852ff34cc4914,CALL,LONG,0.6432,109.7300,2026-08-21
1411,ase_pt_e549a8e66b504915,CALL,LONG,3.2547,100.3700,2026-08-21
1413,ase_pt_5b867797cbbb4df8,CALL,LONG,3.2547,100.3700,2026-08-21
1415,ase_pt_2e6843beba754b18,CALL,LONG,13.3288,96.9500,2027-07-16
1418,ase_pt_d41318d96c0c4c43,CALL,LONG,0.6432,109.7300,2026-08-21
1419,ase_pt_b0cb97a05fe0422f,CALL,LONG,3.2547,100.3700,2026-08-21
1421,ase_pt_c95aee18709e452c,PUT,LONG,3.6247,100.3700,2026-08-21
1423,ase_pt_80ab7cc88064422c,PUT,LONG,2.1262,97.1000,2026-08-21
1425,ase_pt_7867db8a72a541c5,PUT,LONG,5.6845,103.7500,2026-08-21
1428,ase_pt_26a9bf53b4d14255,PUT,LONG,8.8315,107.9100,2026-08-21
1430,ase_pt_1a6d7d2e47dd4ead,PUT,LONG,10.3732,109.7300,2026-08-21
1431,ase_pt_e3b8f1a59f6440b9,PUT,LONG,3.6247,100.3700,2026-08-21
1433,ase_pt_0e064b32f2734d4b,PUT,LONG,3.6247,100.3700,2026-08-21
1435,ase_pt_f19a297d7ecc4a07,PUT,LONG,10.2788,96.9500,2027-07-16
1438,ase_pt_73e78dcd567f42e4,PUT,LONG,10.3732,109.7300,2026-08-21
1439,ase_pt_83538519e8064a9e,PUT,LONG,3.6247,100.3700,2026-08-21
1441,ase_pt_b561dca737e64954,CALL,LONG,3.2547,100.3700,2026-08-21
1444,ase_pt_b561dca737e64954,PUT,LONG,8.8315,107.9100,2026-08-21
1445,ase_pt_7a913eaa2e034493,PUT,LONG,3.6247,100.3700,2026-08-21
1448,ase_pt_7a913eaa2e034493,CALL,LONG,0.9215,107.9100,2026-08-21
1450,ase_pt_3e3127f519aa4b36,CALL,LONG,4.5063,100.7400,2026-09-18
1452,ase_pt_6edd6080f1904229,PUT,LONG,5.2463,100.7400,2026-09-18
1454,ase_pt_27fb95998a56415b,CALL,LONG,6.9385,96.1300,2026-09-18
1456,ase_pt_96afe39b761e4ad1,CALL,LONG,2.1747,107.3800,2026-09-18
1458,ase_pt_06138b3b65da4af9,CALL,LONG,2.1747,107.3800,2026-09-18
1460,ase_pt_06138b3b65da4af9,PUT,LONG,9.5547,107.3800,2026-09-18
1462,ase_pt_6474cf69996b4496,CALL,LONG,4.5063,100.7400,2026-09-18
1464,ase_pt_25308f99b8a44dab,CALL,LONG,10.0335,104.6000,2027-07-16
1466,ase_pt_c8a9b9a5f23c4a02,PUT,LONG,14.6335,104.6000,2027-07-16
1467,ase_pt_af7b9105f1b44a39,CALL,LONG,4.5063,100.7400,2026-09-18
1469,ase_pt_7c98961ed462420e,CALL,LONG,6.0365,97.6900,2026-09-18
1471,ase_pt_1ca9d2bc3c954aa1,PUT,LONG,3.7265,97.6900,2026-09-18
1473,ase_pt_ddcc6f854e4843f4,CALL,LONG,4.5063,100.7400,2026-09-18
1476,ase_pt_476a12c189d04554,CALL,LONG,1.5664,105.0000,2026-08-21
1477,ase_pt_d1c575613d644f6d,CALL,LONG,2.6826,105.5800,2026-09-18
1479,ase_pt_d1c575613d644f6d,PUT,LONG,8.2626,105.5800,2026-09-18
1481,ase_pt_7535e14a6e124d94,CALL,LONG,17.3751,89.3800,2027-07-16
1483,ase_pt_c467febe9f4646de,PUT,LONG,6.7551,89.3800,2027-07-16
1485,ase_pt_771678d014254c74,CALL,LONG,4.5063,100.7400,2026-09-18
1487,ase_pt_27770dc5a81e4e91,CALL,LONG,4.5063,100.7400,2026-09-18
1489,ase_pt_4ddf72645e174fe1,PUT,LONG,5.2463,100.7400,2026-09-18
1491,ase_pt_23ef28daf9cb47a1,CALL,LONG,4.5063,100.7400,2026-09-18
1493,ase_pt_23ef28daf9cb47a1,PUT,LONG,5.2463,100.7400,2026-09-18
1495,ase_pt_0e252cbba9094a72,CALL,LONG,7.2678,97.3700,2026-10-16
1497,ase_pt_6c50347440d247b4,CALL,LONG,3.2547,100.3700,2026-08-21
1498,ase_pt_6c50347440d247b4,PUT,LONG,3.6247,100.3700,2026-08-21
1499,ase_pt_ba7fa2bd655642a4,CALL,LONG,1.2286,106.3700,2026-08-21
1500,ase_pt_ba7fa2bd655642a4,PUT,LONG,7.5986,106.3700,2026-08-21
1501,ase_pt_c1b18ab884d94247,CALL,LONG,3.2547,100.3700,2026-08-21
1502,ase_pt_c1b18ab884d94247,PUT,LONG,3.6247,100.3700,2026-08-21
1503,ase_pt_03e63508f3af489f,CALL,LONG,3.2547,100.3700,2026-08-21
1504,ase_pt_03e63508f3af489f,PUT,LONG,3.6247,100.3700,2026-08-21
1507,ase_pt_57db029c27af45e3,CALL,LONG,0.9215,107.9100,2026-08-21
1508,ase_pt_57db029c27af45e3,PUT,LONG,8.8315,107.9100,2026-08-21
1509,ase_pt_32186d8d86644d8a,CALL,LONG,3.2547,100.3700,2026-08-21
1510,ase_pt_32186d8d86644d8a,PUT,LONG,3.6247,100.3700,2026-08-21
1514,ase_pt_8cea473fdd8847ee,CALL,LONG,4.5063,100.7400,2026-09-18
1516,ase_pt_8cea473fdd8847ee,PUT,LONG,5.2463,100.7400,2026-09-18
1517,ase_pt_44e3a8804a2a4988,CALL,LONG,2.1747,107.3800,2026-09-18
1519,ase_pt_44e3a8804a2a4988,PUT,LONG,9.5547,107.3800,2026-09-18
1521,ase_pt_713d53f998734c95,CALL,LONG,3.7847,99.2900,2026-08-21
1523,ase_pt_713d53f998734c95,CALL,LONG,2.7741,101.4600,2026-08-21
1524,ase_pt_5949f93a17d240ae,PUT,LONG,3.0747,99.2900,2026-08-21
1526,ase_pt_5949f93a17d240ae,PUT,LONG,4.2341,101.4600,2026-08-21
1527,ase_pt_eae220cc91eb49ee,CALL,LONG,1.2286,106.3700,2026-08-21
1530,ase_pt_eae220cc91eb49ee,PUT,LONG,7.5986,106.3700,2026-08-21
1531,ase_pt_873fee4ef10f4d1e,CALL,LONG,3.7847,99.2900,2026-08-21
1533,ase_pt_873fee4ef10f4d1e,CALL,LONG,1.9345,103.7500,2026-08-21
1534,ase_pt_6fbaf19c00b54f5a,PUT,LONG,3.0747,99.2900,2026-08-21
1536,ase_pt_6fbaf19c00b54f5a,PUT,LONG,5.6845,103.7500,2026-08-21
1537,ase_pt_78d7474730e741f4,CALL,LONG,3.7847,99.2900,2026-08-21
1539,ase_pt_78d7474730e741f4,CALL,LONG,2.3356,102.5800,2026-08-21
1540,ase_pt_3e1833f415fd414f,CALL,LONG,3.7847,99.2900,2026-08-21
1542,ase_pt_3e1833f415fd414f,CALL,LONG,1.5664,105.0000,2026-08-21
1543,ase_pt_d44e9670399c408a,CALL,LONG,5.0262,97.1000,2026-08-21
1545,ase_pt_d44e9670399c408a,CALL,LONG,1.9345,103.7500,2026-08-21
1546,ase_pt_f033ed36fcef4965,CALL,LONG,2.3356,102.5800,2026-08-21
1547,ase_pt_9ac2841b15404bcd,PUT,LONG,4.9156,102.5800,2026-08-21
1548,ase_pt_2eb7fcfa021b40e9,CALL,LONG,17.3751,89.3800,2027-07-16
1549,ase_pt_0410e0d5f8af4361,PUT,LONG,6.7551,89.3800,2027-07-16
1550,ase_pt_4e6c3823a6db41fb,CALL,LONG,7.6404,93.3600,2026-08-21
1551,ase_pt_5cd9914d28294eaa,PUT,LONG,1.0004,93.3600,2026-08-21
1552,ase_pt_c9cf1e5947bb4752,CALL,LONG,17.3751,89.3800,2027-07-16
1554,ase_pt_145e7e156a714c6b,PUT,LONG,6.7551,89.3800,2027-07-16
1556,ase_pt_e66149ee488d4111,CALL,LONG,3.2547,100.3700,2026-08-21
1558,ase_pt_5a6ff0d6be8e48cc,CALL,LONG,5.0262,97.1000,2026-08-21
1560,ase_pt_112c1a8d5dc94d21,CALL,LONG,1.9345,103.7500,2026-08-21
1563,ase_pt_9bf39c88fddc4d28,CALL,LONG,0.9215,107.9100,2026-08-21
1565,ase_pt_3364009d64af4768,CALL,LONG,0.6432,109.7300,2026-08-21
1566,ase_pt_4c06105a01794947,CALL,LONG,3.2547,100.3700,2026-08-21
1568,ase_pt_d6f552806c264371,CALL,LONG,3.2547,100.3700,2026-08-21
1570,ase_pt_f4ab0354b1194755,CALL,LONG,13.3288,96.9500,2027-07-16
1573,ase_pt_35adba2d503446d4,CALL,LONG,0.6432,109.7300,2026-08-21
1574,ase_pt_f0718fd916934cfe,CALL,LONG,3.2547,100.3700,2026-08-21
1576,ase_pt_046547bd9a204f91,PUT,LONG,3.6247,100.3700,2026-08-21
1578,ase_pt_cb4bcbf8a2d84d5f,PUT,LONG,2.1262,97.1000,2026-08-21
1580,ase_pt_5d475d0436df49e3,PUT,LONG,5.6845,103.7500,2026-08-21
1583,ase_pt_90b15fbbc1784cbe,PUT,LONG,8.8315,107.9100,2026-08-21
1585,ase_pt_4a739bd10d40478e,PUT,LONG,10.3732,109.7300,2026-08-21
1586,ase_pt_adbf72e54bee4e93,PUT,LONG,3.6247,100.3700,2026-08-21
1588,ase_pt_51aca08bd0af4f10,PUT,LONG,3.6247,100.3700,2026-08-21
1590,ase_pt_25af5afd3fb64392,PUT,LONG,10.2788,96.9500,2027-07-16
1593,ase_pt_9718d1dd9d2d406c,PUT,LONG,10.3732,109.7300,2026-08-21
1594,ase_pt_b3196782bca54c2f,PUT,LONG,3.6247,100.3700,2026-08-21
1596,ase_pt_1a312a5f3dae490c,CALL,LONG,3.2547,100.3700,2026-08-21
1599,ase_pt_1a312a5f3dae490c,PUT,LONG,8.8315,107.9100,2026-08-21
1600,ase_pt_b78de49d410c4b6a,PUT,LONG,3.6247,100.3700,2026-08-21
1603,ase_pt_b78de49d410c4b6a,CALL,LONG,0.9215,107.9100,2026-08-21
1605,ase_pt_eaf300904a6b46b0,CALL,LONG,4.5063,100.7400,2026-09-18
1607,ase_pt_9c7a74fa838e4e13,PUT,LONG,5.2463,100.7400,2026-09-18
1609,ase_pt_8b4dd53a96554dfd,CALL,LONG,6.9385,96.1300,2026-09-18
1611,ase_pt_1ecbc30e80024867,CALL,LONG,2.1747,107.3800,2026-09-18
1613,ase_pt_b0b1fcb3e5e440bf,CALL,LONG,2.1747,107.3800,2026-09-18
1615,ase_pt_b0b1fcb3e5e440bf,PUT,LONG,9.5547,107.3800,2026-09-18
1617,ase_pt_e94e06bd9ba64a13,CALL,LONG,4.5063,100.7400,2026-09-18
1619,ase_pt_9f6f3232705d4af8,CALL,LONG,10.0335,104.6000,2027-07-16
1621,ase_pt_d9415203c20b46f6,PUT,LONG,14.6335,104.6000,2027-07-16
1622,ase_pt_12552ba816c647a6,CALL,LONG,4.5063,100.7400,2026-09-18
1624,ase_pt_8c79bccb949e4c7e,CALL,LONG,6.0365,97.6900,2026-09-18
1626,ase_pt_4a733320cf6c430b,PUT,LONG,3.7265,97.6900,2026-09-18
1628,ase_pt_9c780403c45a475f,CALL,LONG,4.5063,100.7400,2026-09-18
1631,ase_pt_95154129d2f04501,CALL,LONG,1.5664,105.0000,2026-08-21
1632,ase_pt_9d28f94eaeaf4126,CALL,LONG,2.6826,105.5800,2026-09-18
1634,ase_pt_9d28f94eaeaf4126,PUT,LONG,8.2626,105.5800,2026-09-18
1636,ase_pt_c66cffc7f7554a9e,CALL,LONG,17.3751,89.3800,2027-07-16
1638,ase_pt_685e2dc764044b0a,PUT,LONG,6.7551,89.3800,2027-07-16
1640,ase_pt_abd22434ae404043,CALL,LONG,4.5063,100.7400,2026-09-18
1642,ase_pt_071dfaed07c840a7,CALL,LONG,4.5063,100.7400,2026-09-18
1644,ase_pt_f02c2b0e4ea846d5,PUT,LONG,5.2463,100.7400,2026-09-18
1646,ase_pt_ad40ee17f4b24319,CALL,LONG,4.5063,100.7400,2026-09-18
1648,ase_pt_ad40ee17f4b24319,PUT,LONG,5.2463,100.7400,2026-09-18
1650,ase_pt_25c87bb09bcb4d9e,CALL,LONG,7.2678,97.3700,2026-10-16
1652,ase_pt_a177f80b7b324348,CALL,LONG,3.2547,100.3700,2026-08-21
1653,ase_pt_a177f80b7b324348,PUT,LONG,3.6247,100.3700,2026-08-21
1654,ase_pt_5f73e4e368ee4c19,CALL,LONG,1.2286,106.3700,2026-08-21
1655,ase_pt_5f73e4e368ee4c19,PUT,LONG,7.5986,106.3700,2026-08-21
1656,ase_pt_0dc66601fbd449ff,CALL,LONG,3.2547,100.3700,2026-08-21
1657,ase_pt_0dc66601fbd449ff,PUT,LONG,3.6247,100.3700,2026-08-21
1658,ase_pt_693ad4c178f244e6,CALL,LONG,3.2547,100.3700,2026-08-21
1659,ase_pt_693ad4c178f244e6,PUT,LONG,3.6247,100.3700,2026-08-21
1662,ase_pt_9ad847fa6c644d6e,CALL,LONG,0.9215,107.9100,2026-08-21
1663,ase_pt_9ad847fa6c644d6e,PUT,LONG,8.8315,107.9100,2026-08-21
1664,ase_pt_9304bdbefbc643c7,CALL,LONG,3.2547,100.3700,2026-08-21
1665,ase_pt_9304bdbefbc643c7,PUT,LONG,3.6247,100.3700,2026-08-21
1669,ase_pt_4bc71f3c83f84bc1,CALL,LONG,4.5063,100.7400,2026-09-18
1671,ase_pt_4bc71f3c83f84bc1,PUT,LONG,5.2463,100.7400,2026-09-18
1672,ase_pt_971b825f23974ec3,CALL,LONG,2.1747,107.3800,2026-09-18
1674,ase_pt_971b825f23974ec3,PUT,LONG,9.5547,107.3800,2026-09-18
1676,ase_pt_23883886b1684ced,CALL,LONG,3.7847,99.2900,2026-08-21
1678,ase_pt_23883886b1684ced,CALL,LONG,2.7741,101.4600,2026-08-21
1679,ase_pt_7fdb187c20744630,PUT,LONG,3.0747,99.2900,2026-08-21
1681,ase_pt_7fdb187c20744630,PUT,LONG,4.2341,101.4600,2026-08-21
1682,ase_pt_75bb9bbffddc42a9,CALL,LONG,1.2286,106.3700,2026-08-21
1685,ase_pt_75bb9bbffddc42a9,PUT,LONG,7.5986,106.3700,2026-08-21
1686,ase_pt_48c41c48d3a14ba2,CALL,LONG,3.7847,99.2900,2026-08-21
1688,ase_pt_48c41c48d3a14ba2,CALL,LONG,1.9345,103.7500,2026-08-21
1689,ase_pt_f13c06fdca6c4252,PUT,LONG,3.0747,99.2900,2026-08-21
1691,ase_pt_f13c06fdca6c4252,PUT,LONG,5.6845,103.7500,2026-08-21
1692,ase_pt_0b933a575f704d7e,CALL,LONG,3.7847,99.2900,2026-08-21
1694,ase_pt_0b933a575f704d7e,CALL,LONG,2.3356,102.5800,2026-08-21
1695,ase_pt_ddaaad97b7254e99,CALL,LONG,3.7847,99.2900,2026-08-21
1697,ase_pt_ddaaad97b7254e99,CALL,LONG,1.5664,105.0000,2026-08-21
1698,ase_pt_857897d4d0ff4f19,CALL,LONG,5.0262,97.1000,2026-08-21
1700,ase_pt_857897d4d0ff4f19,CALL,LONG,1.9345,103.7500,2026-08-21
1701,ase_pt_758e90c2983f47df,CALL,LONG,3.4592,99.9400,2026-08-21
1703,ase_pt_758e90c2983f47df,CALL,LONG,3.0586,100.8000,2026-08-21
1704,ase_pt_19fd1a1afed14598,CALL,LONG,3.7847,99.2900,2026-08-21
1706,ase_pt_19fd1a1afed14598,CALL,LONG,2.7741,101.4600,2026-08-21
1707,ase_pt_19fd1a1afed14598,PUT,LONG,3.0747,99.2900,2026-08-21
1709,ase_pt_19fd1a1afed14598,PUT,LONG,4.2341,101.4600,2026-08-21
1710,ase_pt_a1d17b4de5fb4ab9,CALL,LONG,4.5063,100.7400,2026-09-18
1712,ase_pt_a1d17b4de5fb4ab9,CALL,LONG,5.4274,101.1200,2026-10-16
1713,ase_pt_69d1459f2919466e,CALL,LONG,3.7847,99.2900,2026-08-21
1715,ase_pt_69d1459f2919466e,CALL,LONG,2.3356,102.5800,2026-08-21
1716,ase_pt_e1b41c6235bb41f8,PUT,LONG,10.3732,109.7300,2026-08-21
1719,ase_pt_e1b41c6235bb41f8,CALL,LONG,0.6432,109.7300,2026-08-21
1720,ase_pt_2611a56fa69b4883,PUT,LONG,8.8315,107.9100,2026-08-21
1723,ase_pt_2611a56fa69b4883,CALL,LONG,0.9215,107.9100,2026-08-21
1724,ase_pt_7551bc0b96784b8d,PUT,LONG,13.5617,113.2600,2026-08-21
1727,ase_pt_7551bc0b96784b8d,CALL,LONG,0.3017,113.2600,2026-08-21
1729,ase_pt_06edc199b341480c,PUT,LONG,6.5664,105.0000,2026-08-21
1730,ase_pt_06edc199b341480c,CALL,LONG,1.5664,105.0000,2026-08-21
1732,ase_pt_c13e4aa9be584415,PUT,LONG,12.4628,112.0700,2026-08-21
1735,ase_pt_c13e4aa9be584415,CALL,LONG,0.9215,107.9100,2026-08-21
1736,ase_pt_8f40bc8450a040f2,PUT,LONG,12.4628,112.0700,2026-08-21
1739,ase_pt_8f40bc8450a040f2,CALL,LONG,0.9215,107.9100,2026-08-21
1740,ase_pt_937913978a7345bf,PUT,LONG,12.4628,112.0700,2026-08-21
1743,ase_pt_937913978a7345bf,CALL,LONG,0.3928,112.0700,2026-08-21
1744,ase_pt_937913978a7345bf,PUT,LONG,6.5664,105.0000,2026-08-21
1747,ase_pt_937913978a7345bf,CALL,LONG,1.5664,105.0000,2026-08-21
1748,ase_pt_f44fe45a5946442a,PUT,LONG,8.8315,107.9100,2026-08-21
1751,ase_pt_f44fe45a5946442a,CALL,LONG,0.3928,112.0700,2026-08-21
1752,ase_pt_458f750d5f74431b,PUT,LONG,10.3732,109.7300,2026-08-21
1755,ase_pt_458f750d5f74431b,CALL,LONG,0.6432,109.7300,2026-08-21
1756,ase_pt_01cb82e33a8c4e04,PUT,LONG,12.4628,112.0700,2026-08-21
1759,ase_pt_01cb82e33a8c4e04,CALL,LONG,0.3928,112.0700,2026-08-21
1760,ase_pt_bfcbb0e9be454d9a,PUT,LONG,12.4628,112.0700,2026-08-21
1763,ase_pt_bfcbb0e9be454d9a,CALL,LONG,0.3928,112.0700,2026-08-21
1766,ase_pt_856dbff788e84c4c,PUT,LONG,10.3732,109.7300,2026-08-21
1767,ase_pt_856dbff788e84c4c,CALL,LONG,0.6432,109.7300,2026-08-21
1769,ase_pt_a14c917b2b5f4bac,CALL,LONG,1.5664,105.0000,2026-08-21
1771,ase_pt_19ab29c2e07f4f23,PUT,LONG,6.5664,105.0000,2026-08-21
1772,ase_pt_9e412b9c46f64e91,CALL,LONG,3.7847,99.2900,2026-08-21
1774,ase_pt_9e412b9c46f64e91,CALL,LONG,0.9215,107.9100,2026-08-21
1775,ase_pt_d5cd7abcf3714a9e,PUT,LONG,3.0747,99.2900,2026-08-21
1777,ase_pt_d5cd7abcf3714a9e,PUT,LONG,8.8315,107.9100,2026-08-21
1779,ase_pt_5d288026450343df,PUT,LONG,10.3732,109.7300,2026-08-21
1781,ase_pt_5d288026450343df,CALL,LONG,0.6432,109.7300,2026-08-21
1782,ase_pt_471b2b947e7240f9,CALL,LONG,0.9215,107.9100,2026-08-21
1785,ase_pt_471b2b947e7240f9,PUT,LONG,8.8315,107.9100,2026-08-21
1787,ase_pt_efb8edaa521b47e8,CALL,LONG,3.2547,100.3700,2026-08-21
1788,ase_pt_efb8edaa521b47e8,PUT,LONG,3.6247,100.3700,2026-08-21
1790,ase_pt_c1e850d101f94cfc,PUT,LONG,12.4628,112.0700,2026-08-21
1792,ase_pt_c1c2c821260347b3,PUT,LONG,10.3732,109.7300,2026-08-21
1794,ase_pt_102122e7c9aa4c81,CALL,LONG,3.2547,100.3700,2026-08-21
1797,ase_pt_102122e7c9aa4c81,PUT,LONG,10.3732,109.7300,2026-08-21
1800,ase_pt_da861c9b34664bdb,CALL,LONG,0.6432,109.7300,2026-08-21
1801,ase_pt_da861c9b34664bdb,PUT,LONG,10.3732,109.7300,2026-08-21
1802,ase_pt_c5fdce8b34414e05,CALL,LONG,3.2547,100.3700,2026-08-21
1803,ase_pt_c5fdce8b34414e05,PUT,LONG,3.6247,100.3700,2026-08-21
1804,ase_pt_afb8e8c13d074159,CALL,LONG,4.5063,100.7400,2026-09-18
1806,ase_pt_1bc8f735bf054b14,CALL,LONG,3.2547,100.3700,2026-08-21
1807,ase_pt_1bc8f735bf054b14,PUT,LONG,3.6247,100.3700,2026-08-21
1808,ase_pt_e765019aac214b30,CALL,LONG,1.2286,106.3700,2026-08-21
1809,ase_pt_e765019aac214b30,PUT,LONG,7.5986,106.3700,2026-08-21
1810,ase_pt_11a533f7ddb84c21,CALL,LONG,3.7847,99.2900,2026-08-21
1812,ase_pt_11a533f7ddb84c21,CALL,LONG,2.3356,102.5800,2026-08-21
1813,ase_pt_44733944cf074383,PUT,LONG,12.4628,112.0700,2026-08-21
1816,ase_pt_44733944cf074383,CALL,LONG,0.3928,112.0700,2026-08-21
1817,ase_pt_87f340e043e5485d,CALL,LONG,4.5063,100.7400,2026-09-18
1819,ase_pt_f3bb6a0a294543f3,PUT,LONG,10.3732,109.7300,2026-08-21
1822,ase_pt_f3bb6a0a294543f3,CALL,LONG,0.6432,109.7300,2026-08-21
1823,ase_pt_f1c574b9890e4d08,CALL,LONG,3.2547,100.3700,2026-08-21
1825,ase_pt_7c3c312e45784293,CALL,LONG,3.7847,99.2900,2026-08-21
1827,ase_pt_7c3c312e45784293,CALL,LONG,2.7741,101.4600,2026-08-21
1828,ase_pt_8866dcbf077e4891,CALL,LONG,0.9215,107.9100,2026-08-21
1831,ase_pt_8866dcbf077e4891,PUT,LONG,8.8315,107.9100,2026-08-21
1832,ase_pt_ae94e90407ed4ee8,PUT,LONG,12.4628,112.0700,2026-08-21
1835,ase_pt_ae94e90407ed4ee8,CALL,LONG,0.3928,112.0700,2026-08-21
1836,ase_pt_6e3199cc0c054c4a,CALL,LONG,0.9215,107.9100,2026-08-21
1837,ase_pt_6e3199cc0c054c4a,PUT,LONG,8.8315,107.9100,2026-08-21
1838,ase_pt_82b4b4830f9b44d1,PUT,LONG,6.5664,105.0000,2026-08-21
1840,ase_pt_085f5f6f88514de6,CALL,LONG,1.0929,105.0000,2026-08-07
1841,ase_pt_f850c3bdc79c409b,CALL,LONG,4.4890,98.0000,2026-08-21
1843,ase_pt_e0d7f801595e436e,PUT,LONG,0.5665,91.0000,2026-08-21
1846,ase_pt_e0d7f801595e436e,CALL,LONG,0.7449,109.0000,2026-08-21
1847,ase_pt_5512d71f7e0c419d,CALL,LONG,5.0882,97.0000,2026-08-21
1849,ase_pt_5512d71f7e0c419d,CALL,LONG,2.1851,103.0000,2026-08-21
1851,ase_pt_5512d71f7e0c419d,PUT,LONG,3.4301,100.0000,2026-08-21
1852,ase_pt_9193accc15f84997,CALL,LONG,5.7329,96.0000,2026-08-21
1854,ase_pt_9193accc15f84997,CALL,LONG,1.8561,104.0000,2026-08-21
1855,ase_pt_9193accc15f84997,PUT,LONG,5.8561,104.0000,2026-08-21
1857,ase_pt_9193accc15f84997,PUT,LONG,1.7329,96.0000,2026-08-21
1858,ase_pt_0910e43b7e134256,PUT,LONG,0.1781,87.0000,2026-08-21
1861,ase_pt_0910e43b7e134256,CALL,LONG,0.3198,113.0000,2026-08-21
1862,ase_pt_0910e43b7e134256,PUT,LONG,0.9219,93.0000,2026-08-21
1865,ase_pt_0910e43b7e134256,CALL,LONG,1.0942,107.0000,2026-08-21
1866,ase_pt_d65d6f9ae7c349d2,CALL,LONG,2.3356,102.5800,2026-08-21
1867,ase_pt_32ac03879c054b1d,PUT,LONG,4.9156,102.5800,2026-08-21
1868,ase_pt_b52bfbe48bc7409c,CALL,LONG,17.3751,89.3800,2027-07-16
1869,ase_pt_1ea1196300224d4b,PUT,LONG,6.7551,89.3800,2027-07-16
1870,ase_pt_6c35449f5e404fff,CALL,LONG,7.6404,93.3600,2026-08-21
1871,ase_pt_2c74697a3b3b4846,PUT,LONG,1.0004,93.3600,2026-08-21
1872,ase_pt_835d7f1f28f84c85,CALL,LONG,17.3751,89.3800,2027-07-16
1874,ase_pt_b19c89664d8d4c91,PUT,LONG,6.7551,89.3800,2027-07-16
1876,ase_pt_c10d6a979ce8484c,CALL,LONG,3.2547,100.3700,2026-08-21
1878,ase_pt_8dc0c46744d64953,CALL,LONG,5.0262,97.1000,2026-08-21
1880,ase_pt_e27c631c24c34820,CALL,LONG,1.9345,103.7500,2026-08-21
1883,ase_pt_7973611a7c8d4405,CALL,LONG,0.9215,107.9100,2026-08-21
1885,ase_pt_78a93830b36e4989,CALL,LONG,0.6432,109.7300,2026-08-21
1886,ase_pt_40a66873201c42c8,CALL,LONG,3.2547,100.3700,2026-08-21
1888,ase_pt_6cbd35962d814902,CALL,LONG,3.2547,100.3700,2026-08-21
1890,ase_pt_90ec6ab58d4a433f,CALL,LONG,13.3288,96.9500,2027-07-16
1893,ase_pt_745a857919564dfc,CALL,LONG,0.6432,109.7300,2026-08-21
1894,ase_pt_952d56fbc7614422,CALL,LONG,3.2547,100.3700,2026-08-21
1896,ase_pt_36e8e261e3e1469f,PUT,LONG,3.6247,100.3700,2026-08-21
1898,ase_pt_5b47757a95a44adf,PUT,LONG,2.1262,97.1000,2026-08-21
1900,ase_pt_4ee635f1de7648c7,PUT,LONG,5.6845,103.7500,2026-08-21
1903,ase_pt_24a77f31cca74e21,PUT,LONG,8.8315,107.9100,2026-08-21
1905,ase_pt_45c6ec985311418b,PUT,LONG,10.3732,109.7300,2026-08-21
1906,ase_pt_11864dfe6e164f25,PUT,LONG,3.6247,100.3700,2026-08-21
1908,ase_pt_f57567ca8d45430f,PUT,LONG,3.6247,100.3700,2026-08-21
1910,ase_pt_d69231f049ab4610,PUT,LONG,10.2788,96.9500,2027-07-16
1913,ase_pt_f3ac3c34466c4fa7,PUT,LONG,10.3732,109.7300,2026-08-21
1914,ase_pt_fc496f6591134f0d,PUT,LONG,3.6247,100.3700,2026-08-21
1916,ase_pt_c319fad03c394a4c,CALL,LONG,3.2547,100.3700,2026-08-21
1919,ase_pt_c319fad03c394a4c,PUT,LONG,8.8315,107.9100,2026-08-21
1920,ase_pt_3159c7198f9847ca,PUT,LONG,3.6247,100.3700,2026-08-21
1923,ase_pt_3159c7198f9847ca,CALL,LONG,0.9215,107.9100,2026-08-21
1925,ase_pt_8ed093812bf24ba3,CALL,LONG,4.5063,100.7400,2026-09-18
1927,ase_pt_d87d772111f84a26,PUT,LONG,5.2463,100.7400,2026-09-18
1929,ase_pt_0341f5cb79124671,CALL,LONG,6.9385,96.1300,2026-09-18
1931,ase_pt_14dcb91297be4845,CALL,LONG,2.1747,107.3800,2026-09-18
1933,ase_pt_705b599905dc4225,CALL,LONG,2.1747,107.3800,2026-09-18
1935,ase_pt_705b599905dc4225,PUT,LONG,9.5547,107.3800,2026-09-18
1937,ase_pt_192d57c47a354464,CALL,LONG,4.5063,100.7400,2026-09-18
1939,ase_pt_0ba8a78cd5cc44df,CALL,LONG,10.0335,104.6000,2027-07-16
1941,ase_pt_284fd697de8f4add,PUT,LONG,14.6335,104.6000,2027-07-16
1942,ase_pt_5d0d01f3280c46b1,CALL,LONG,4.5063,100.7400,2026-09-18
1944,ase_pt_fadfe86140af455a,CALL,LONG,6.0365,97.6900,2026-09-18
1946,ase_pt_4be2cf80d3624f25,PUT,LONG,3.7265,97.6900,2026-09-18
1948,ase_pt_cf1c0cd326094aec,CALL,LONG,4.5063,100.7400,2026-09-18
1951,ase_pt_b02668e8ecc4498d,CALL,LONG,1.5664,105.0000,2026-08-21
1952,ase_pt_c940efd2a9954b9d,CALL,LONG,2.6826,105.5800,2026-09-18
1954,ase_pt_c940efd2a9954b9d,PUT,LONG,8.2626,105.5800,2026-09-18
1956,ase_pt_6c43af51552e48ae,CALL,LONG,17.3751,89.3800,2027-07-16
1958,ase_pt_490447f9a8614b5a,PUT,LONG,6.7551,89.3800,2027-07-16
1960,ase_pt_7f0e2dbd0444465a,CALL,LONG,4.5063,100.7400,2026-09-18
1962,ase_pt_24be3ac5a5824fcf,CALL,LONG,4.5063,100.7400,2026-09-18
1964,ase_pt_97bde6ee96964044,PUT,LONG,5.2463,100.7400,2026-09-18
1966,ase_pt_e027cb165fd34219,CALL,LONG,4.5063,100.7400,2026-09-18
1968,ase_pt_e027cb165fd34219,PUT,LONG,5.2463,100.7400,2026-09-18
1970,ase_pt_3cb297ccec4d4a6f,CALL,LONG,7.2678,97.3700,2026-10-16
1972,ase_pt_cecf9ac515e84f97,CALL,LONG,3.2547,100.3700,2026-08-21
1973,ase_pt_cecf9ac515e84f97,PUT,LONG,3.6247,100.3700,2026-08-21
1974,ase_pt_9c0bca498cd943c1,CALL,LONG,1.2286,106.3700,2026-08-21
1975,ase_pt_9c0bca498cd943c1,PUT,LONG,7.5986,106.3700,2026-08-21
1976,ase_pt_47b045d3637a422d,CALL,LONG,3.2547,100.3700,2026-08-21
1977,ase_pt_47b045d3637a422d,PUT,LONG,3.6247,100.3700,2026-08-21
1978,ase_pt_f718bcf91c2f4cf6,CALL,LONG,3.2547,100.3700,2026-08-21
1979,ase_pt_f718bcf91c2f4cf6,PUT,LONG,3.6247,100.3700,2026-08-21
1982,ase_pt_cc391a931e4f47f4,CALL,LONG,0.9215,107.9100,2026-08-21
1983,ase_pt_cc391a931e4f47f4,PUT,LONG,8.8315,107.9100,2026-08-21
1984,ase_pt_77eb0b5360724f38,CALL,LONG,3.2547,100.3700,2026-08-21
1985,ase_pt_77eb0b5360724f38,PUT,LONG,3.6247,100.3700,2026-08-21
1989,ase_pt_6aca195c5bfb4fb8,CALL,LONG,4.5063,100.7400,2026-09-18
1991,ase_pt_6aca195c5bfb4fb8,PUT,LONG,5.2463,100.7400,2026-09-18
1992,ase_pt_07b1b4e5014545b3,CALL,LONG,2.1747,107.3800,2026-09-18
1994,ase_pt_07b1b4e5014545b3,PUT,LONG,9.5547,107.3800,2026-09-18
1996,ase_pt_63310aeadd5649cd,CALL,LONG,3.7847,99.2900,2026-08-21
1998,ase_pt_63310aeadd5649cd,CALL,LONG,2.7741,101.4600,2026-08-21
1999,ase_pt_28328029a7f34d5d,PUT,LONG,3.0747,99.2900,2026-08-21
2001,ase_pt_28328029a7f34d5d,PUT,LONG,4.2341,101.4600,2026-08-21
2002,ase_pt_e9774f4255124adc,CALL,LONG,1.2286,106.3700,2026-08-21
2005,ase_pt_e9774f4255124adc,PUT,LONG,7.5986,106.3700,2026-08-21
2006,ase_pt_138b12dca04a4839,CALL,LONG,3.7847,99.2900,2026-08-21
2008,ase_pt_138b12dca04a4839,CALL,LONG,1.9345,103.7500,2026-08-21
2009,ase_pt_a9ede8c2b6164324,PUT,LONG,3.0747,99.2900,2026-08-21
2011,ase_pt_a9ede8c2b6164324,PUT,LONG,5.6845,103.7500,2026-08-21
2012,ase_pt_9179e74a98ee4988,CALL,LONG,3.7847,99.2900,2026-08-21
2014,ase_pt_9179e74a98ee4988,CALL,LONG,2.3356,102.5800,2026-08-21
2015,ase_pt_2d62d52019a541bb,CALL,LONG,3.7847,99.2900,2026-08-21
2017,ase_pt_2d62d52019a541bb,CALL,LONG,1.5664,105.0000,2026-08-21
2018,ase_pt_80b5cd91d5bc4242,CALL,LONG,5.0262,97.1000,2026-08-21
2020,ase_pt_80b5cd91d5bc4242,CALL,LONG,1.9345,103.7500,2026-08-21
2021,ase_pt_61d345b280ce4300,CALL,LONG,3.4592,99.9400,2026-08-21
2023,ase_pt_61d345b280ce4300,CALL,LONG,3.0586,100.8000,2026-08-21
2024,ase_pt_7306e190b47841d5,CALL,LONG,3.7847,99.2900,2026-08-21
2026,ase_pt_7306e190b47841d5,CALL,LONG,2.7741,101.4600,2026-08-21
2027,ase_pt_7306e190b47841d5,PUT,LONG,3.0747,99.2900,2026-08-21
2029,ase_pt_7306e190b47841d5,PUT,LONG,4.2341,101.4600,2026-08-21
2030,ase_pt_00aa4dfd26224440,CALL,LONG,4.5063,100.7400,2026-09-18
2032,ase_pt_00aa4dfd26224440,CALL,LONG,5.4274,101.1200,2026-10-16
2033,ase_pt_3632906f3796405f,CALL,LONG,3.7847,99.2900,2026-08-21
2035,ase_pt_3632906f3796405f,CALL,LONG,2.3356,102.5800,2026-08-21
2036,ase_pt_793e28749bc24fce,PUT,LONG,10.3732,109.7300,2026-08-21
2039,ase_pt_793e28749bc24fce,CALL,LONG,0.6432,109.7300,2026-08-21
2040,ase_pt_b0eeb4319ad54360,PUT,LONG,8.8315,107.9100,2026-08-21
2043,ase_pt_b0eeb4319ad54360,CALL,LONG,0.9215,107.9100,2026-08-21
2044,ase_pt_19b4607ee28b4e4b,PUT,LONG,13.5617,113.2600,2026-08-21
2047,ase_pt_19b4607ee28b4e4b,CALL,LONG,0.3017,113.2600,2026-08-21
2049,ase_pt_bfac9a1717b7484c,PUT,LONG,6.5664,105.0000,2026-08-21
2050,ase_pt_bfac9a1717b7484c,CALL,LONG,1.5664,105.0000,2026-08-21
2052,ase_pt_a84f030dddc84b5c,PUT,LONG,12.4628,112.0700,2026-08-21
2055,ase_pt_a84f030dddc84b5c,CALL,LONG,0.9215,107.9100,2026-08-21
2056,ase_pt_f0cf4e295eb34ac4,PUT,LONG,12.4628,112.0700,2026-08-21
2059,ase_pt_f0cf4e295eb34ac4,CALL,LONG,0.9215,107.9100,2026-08-21
2060,ase_pt_a41cbde2d94b40f5,PUT,LONG,12.4628,112.0700,2026-08-21
2063,ase_pt_a41cbde2d94b40f5,CALL,LONG,0.3928,112.0700,2026-08-21
2064,ase_pt_a41cbde2d94b40f5,PUT,LONG,6.5664,105.0000,2026-08-21
2067,ase_pt_a41cbde2d94b40f5,CALL,LONG,1.5664,105.0000,2026-08-21
2068,ase_pt_c693893a29cf4a5c,PUT,LONG,8.8315,107.9100,2026-08-21
2071,ase_pt_c693893a29cf4a5c,CALL,LONG,0.3928,112.0700,2026-08-21
2072,ase_pt_17a87aa5b5ef41d5,PUT,LONG,10.3732,109.7300,2026-08-21
2075,ase_pt_17a87aa5b5ef41d5,CALL,LONG,0.6432,109.7300,2026-08-21
2076,ase_pt_daf29f93819041a8,PUT,LONG,12.4628,112.0700,2026-08-21
2079,ase_pt_daf29f93819041a8,CALL,LONG,0.3928,112.0700,2026-08-21
2080,ase_pt_5060831c6ba74a92,PUT,LONG,12.4628,112.0700,2026-08-21
2083,ase_pt_5060831c6ba74a92,CALL,LONG,0.3928,112.0700,2026-08-21
2086,ase_pt_b5a80c476a354e47,PUT,LONG,10.3732,109.7300,2026-08-21
2087,ase_pt_b5a80c476a354e47,CALL,LONG,0.6432,109.7300,2026-08-21
2089,ase_pt_b82b26af17754238,CALL,LONG,1.5664,105.0000,2026-08-21
2091,ase_pt_392c2cc71b23483b,PUT,LONG,6.5664,105.0000,2026-08-21
2092,ase_pt_ba89af7af8ba4e0a,CALL,LONG,3.7847,99.2900,2026-08-21
2094,ase_pt_ba89af7af8ba4e0a,CALL,LONG,0.9215,107.9100,2026-08-21
2095,ase_pt_c63b5ebecfbb40ba,PUT,LONG,3.0747,99.2900,2026-08-21
2097,ase_pt_c63b5ebecfbb40ba,PUT,LONG,8.8315,107.9100,2026-08-21
2099,ase_pt_41a973774616430c,PUT,LONG,10.3732,109.7300,2026-08-21
2101,ase_pt_41a973774616430c,CALL,LONG,0.6432,109.7300,2026-08-21
2102,ase_pt_b18fa90299b1435f,CALL,LONG,0.9215,107.9100,2026-08-21
2105,ase_pt_b18fa90299b1435f,PUT,LONG,8.8315,107.9100,2026-08-21
2107,ase_pt_afbccbf809824372,CALL,LONG,3.2547,100.3700,2026-08-21
2108,ase_pt_afbccbf809824372,PUT,LONG,3.6247,100.3700,2026-08-21
2110,ase_pt_98831dcb66714fbe,PUT,LONG,12.4628,112.0700,2026-08-21
2112,ase_pt_52ee7c4cf21442b2,PUT,LONG,10.3732,109.7300,2026-08-21
2114,ase_pt_13f1551ef56f423a,CALL,LONG,3.2547,100.3700,2026-08-21
2117,ase_pt_13f1551ef56f423a,PUT,LONG,10.3732,109.7300,2026-08-21
2120,ase_pt_668c2de047b24014,CALL,LONG,0.6432,109.7300,2026-08-21
2121,ase_pt_668c2de047b24014,PUT,LONG,10.3732,109.7300,2026-08-21
2122,ase_pt_01bff1e9f1a94d9b,CALL,LONG,3.2547,100.3700,2026-08-21
2123,ase_pt_01bff1e9f1a94d9b,PUT,LONG,3.6247,100.3700,2026-08-21
2124,ase_pt_deec57d13d8148c3,CALL,LONG,4.5063,100.7400,2026-09-18
2126,ase_pt_323b41a676d94132,CALL,LONG,3.2547,100.3700,2026-08-21
2127,ase_pt_323b41a676d94132,PUT,LONG,3.6247,100.3700,2026-08-21
2128,ase_pt_c41a7642575b484e,CALL,LONG,1.2286,106.3700,2026-08-21
2129,ase_pt_c41a7642575b484e,PUT,LONG,7.5986,106.3700,2026-08-21
2130,ase_pt_3fc17c17f0ee41d0,CALL,LONG,3.7847,99.2900,2026-08-21
2132,ase_pt_3fc17c17f0ee41d0,CALL,LONG,2.3356,102.5800,2026-08-21
2133,ase_pt_8e69571ed93942dd,PUT,LONG,12.4628,112.0700,2026-08-21
2136,ase_pt_8e69571ed93942dd,CALL,LONG,0.3928,112.0700,2026-08-21
2137,ase_pt_ba237dbdad944b8b,CALL,LONG,4.5063,100.7400,2026-09-18
2139,ase_pt_8c37415feac34594,PUT,LONG,10.3732,109.7300,2026-08-21
2142,ase_pt_8c37415feac34594,CALL,LONG,0.6432,109.7300,2026-08-21
2143,ase_pt_e68147c53ad64379,CALL,LONG,3.2547,100.3700,2026-08-21
2145,ase_pt_ad101c6b69114db6,CALL,LONG,3.7847,99.2900,2026-08-21
2147,ase_pt_ad101c6b69114db6,CALL,LONG,2.7741,101.4600,2026-08-21
2148,ase_pt_b816b72e7a2f46dc,CALL,LONG,0.9215,107.9100,2026-08-21
2151,ase_pt_b816b72e7a2f46dc,PUT,LONG,8.8315,107.9100,2026-08-21
2152,ase_pt_9403ce850be042b9,PUT,LONG,12.4628,112.0700,2026-08-21
2155,ase_pt_9403ce850be042b9,CALL,LONG,0.3928,112.0700,2026-08-21
2156,ase_pt_81f372c0b5194ee7,CALL,LONG,0.9215,107.9100,2026-08-21
2157,ase_pt_81f372c0b5194ee7,PUT,LONG,8.8315,107.9100,2026-08-21
2158,ase_pt_746387e359af4fd9,PUT,LONG,6.5664,105.0000,2026-08-21
2160,ase_pt_4d4e18373bcb40ef,CALL,LONG,1.0929,105.0000,2026-08-07
2161,ase_pt_4a4131e4b37349c8,CALL,LONG,4.4890,98.0000,2026-08-21
2163,ase_pt_a96a5356fe294b6a,PUT,LONG,0.5665,91.0000,2026-08-21
2166,ase_pt_a96a5356fe294b6a,CALL,LONG,0.7449,109.0000,2026-08-21
2167,ase_pt_0dd30d7452624163,CALL,LONG,5.0882,97.0000,2026-08-21
2169,ase_pt_0dd30d7452624163,CALL,LONG,2.1851,103.0000,2026-08-21
2171,ase_pt_0dd30d7452624163,PUT,LONG,3.4301,100.0000,2026-08-21
2172,ase_pt_9bb6a291e8394a63,CALL,LONG,5.7329,96.0000,2026-08-21
2174,ase_pt_9bb6a291e8394a63,CALL,LONG,1.8561,104.0000,2026-08-21
2175,ase_pt_9bb6a291e8394a63,PUT,LONG,5.8561,104.0000,2026-08-21
2177,ase_pt_9bb6a291e8394a63,PUT,LONG,1.7329,96.0000,2026-08-21
2178,ase_pt_3f2458b9297a4ad0,PUT,LONG,0.1781,87.0000,2026-08-21
2181,ase_pt_3f2458b9297a4ad0,CALL,LONG,0.3198,113.0000,2026-08-21
2182,ase_pt_3f2458b9297a4ad0,PUT,LONG,0.9219,93.0000,2026-08-21
2185,ase_pt_3f2458b9297a4ad0,CALL,LONG,1.0942,107.0000,2026-08-21
